game_id,seed_group,round,position,speaker,role,silent,followup_full,followup_on_full
s0g0,0,0,0,Bob,Carrot,0,0.505077,0.999965
s0g1,0,0,0,Alice,Carrot,0,0.913286,0.998776
s0g2,0,0,0,Bob,Carrot,0,0.189531,0.999983
s0g3,0,0,0,Bob,Carrot,0,0.274497,0.999981
s0g4,0,0,0,Bob,Parsnip,0,0.973882,0.999998
s0g5,0,0,0,Alice,Carrot,0,0.897547,0.999979
s0g6,0,0,0,Bob,Carrot,0,0.074759,0.999972
s0g7,0,0,0,Charlie,Carrot,0,0.007558,0.999955
s0g8,0,0,0,Eve,Carrot,0,0.228485,0.998770
s0g9,0,0,0,Charlie,Carrot,0,0.505592,0.999877
s0g10,0,0,0,Bob,Carrot,0,0.520971,0.999851
s0g11,0,0,0,Alice,Carrot,0,0.926440,0.999567
s0g12,0,0,0,Eve,Carrot,0,0.102575,0.999611
s0g13,0,0,0,Eve,Carrot,0,0.684105,0.999932
s0g14,0,0,0,Charlie,Carrot,0,0.048011,0.999904
s0g15,0,0,0,Eve,Carrot,0,0.163632,0.999982
s0g16,0,0,0,Bob,Parsnip,0,0.992201,0.999996
s0g17,0,0,0,Charlie,Carrot,0,0.894667,0.999998
s0g18,0,0,0,Alice,Carrot,0,0.393259,0.999996
s0g19,0,0,0,Dave,Parsnip,0,0.870261,0.999999
s1g0,1,0,0,Bob,Carrot,0,0.561391,0.999724
s1g1,1,0,0,Eve,Carrot,0,0.287643,0.999810
s1g2,1,0,0,Dave,Carrot,0,0.258791,0.999973
s1g3,1,0,0,Eve,Carrot,0,0.245701,0.999900
s1g4,1,0,0,Alice,Carrot,0,0.977030,0.999998
s1g5,1,0,0,Eve,Carrot,0,0.781328,0.999971
s1g6,1,0,0,Alice,Parsnip,0,0.983900,0.999996
s1g7,1,0,0,Charlie,Carrot,0,0.110774,0.999997
s1g8,1,0,0,Alice,Carrot,0,0.626434,0.999511
s1g9,1,0,0,Eve,Carrot,0,0.267980,0.999846
s1g10,1,0,0,Charlie,Carrot,0,0.209720,0.999971
s1g11,1,0,0,Eve,Carrot,0,0.131404,0.999872
s1g12,1,0,0,Bob,Carrot,0,0.247593,0.999993
s1g13,1,0,0,Dave,Carrot,0,0.051641,0.993374
s1g14,1,0,0,Bob,Carrot,0,0.000534,0.999861
s1g15,1,0,0,Charlie,Carrot,0,0.353718,0.999995
s1g16,1,0,0,Eve,Carrot,0,0.246951,0.999892
s1g17,1,0,0,Alice,Carrot,0,0.883045,0.999994
s1g18,1,0,0,Dave,Parsnip,0,0.957561,1.000000
s1g19,1,0,0,Alice,Carrot,0,0.523251,0.999892
s2g0,2,0,0,Charlie,Carrot,0,0.277237,0.999994
s2g1,2,0,0,Charlie,Carrot,0,0.164030,0.998987
s2g2,2,0,0,Charlie,Carrot,0,0.247678,0.999990
s2g3,2,0,0,Eve,Carrot,0,0.007154,0.999517
s2g4,2,0,0,Dave,Carrot,0,0.698356,0.999995
s2g5,2,0,0,Alice,Carrot,0,0.930607,0.999846
s2g6,2,0,0,Bob,Carrot,0,0.054773,0.999683
s2g7,2,0,0,Bob,Carrot,0,0.457964,0.999800
s2g8,2,0,0,Alice,Parsnip,0,0.469299,0.999807
s2g9,2,0,0,Eve,Carrot,0,0.066763,0.999995
s2g10,2,0,0,Bob,Carrot,0,0.169196,0.999971
s2g11,2,0,0,Bob,Carrot,0,0.235310,0.999989
s2g12,2,0,0,Charlie,Carrot,0,0.256554,0.999728
s2g13,2,0,0,Charlie,Carrot,0,0.266180,0.999990
s2g14,2,0,0,Alice,Parsnip,0,0.967757,1.000000
s2g15,2,0,0,Alice,Carrot,0,0.007859,0.999968
s2g16,2,0,0,Dave,Carrot,0,0.013802,0.999893
s2g17,2,0,0,Bob,Carrot,0,0.239411,0.997909
s2g18,2,0,0,Alice,Carrot,0,0.104741,0.999981
s2g19,2,0,0,Dave,Parsnip,0,0.991444,0.999999
s3g0,3,0,0,Bob,Parsnip,0,0.992862,0.999999
s3g1,3,0,0,Eve,Carrot,0,0.145056,0.999747
s3g2,3,0,0,Alice,Parsnip,0,0.665433,0.999996
s3g3,3,0,0,Charlie,Carrot,0,0.531497,0.999982
s3g4,3,0,0,Charlie,Carrot,0,0.335063,0.999988
s3g5,3,0,0,Dave,Carrot,0,0.044582,0.999953
s3g6,3,0,0,Bob,Carrot,0,0.043963,0.998443
s3g7,3,0,0,Alice,Carrot,0,0.861079,0.999930
s3g8,3,0,0,Charlie,Carrot,0,0.002367,0.999028
s3g9,3,0,0,Dave,Carrot,0,0.964338,0.999986
s3g10,3,0,0,Dave,Carrot,0,0.091771,0.999839
s3g11,3,0,0,Alice,Carrot,0,0.091720,0.999990
s3g12,3,0,0,Eve,Carrot,0,0.670269,0.987425
s3g13,3,0,0,Dave,Carrot,0,0.840463,0.999999
s3g14,3,0,0,Bob,Parsnip,0,0.597745,0.999999
s3g15,3,0,0,Eve,Parsnip,0,0.887894,1.000000
s3g16,3,0,0,Dave,Carrot,0,0.484059,0.999878
s3g17,3,0,0,Dave,Carrot,0,0.145081,0.999991
s3g18,3,0,0,Dave,Carrot,0,0.024908,0.998840
s3g19,3,0,0,Dave,Carrot,0,0.745607,0.999999
s4g0,4,0,0,Charlie,Carrot,0,0.396534,0.999998
s4g1,4,0,0,Eve,Carrot,0,0.804311,0.999958
s4g2,4,0,0,Eve,Carrot,0,0.303627,0.999967
s4g3,4,0,0,Alice,Carrot,0,0.412744,0.999988
s4g4,4,0,0,Eve,Carrot,0,0.424221,0.999991
s4g5,4,0,0,Charlie,Carrot,0,0.270334,0.999955
s4g6,4,0,0,Bob,Carrot,0,0.538121,0.999977
s4g7,4,0,0,Alice,Parsnip,0,0.972158,0.999999
s4g8,4,0,0,Alice,Carrot,0,0.988957,0.999929
s4g9,4,0,0,Bob,Carrot,0,0.241710,0.999955
s4g10,4,0,0,Dave,Carrot,0,0.539986,1.000000
s4g11,4,0,0,Alice,Carrot,0,0.702864,0.999176
s4g12,4,0,0,Dave,Carrot,0,0.778304,0.999998
s4g13,4,0,0,Charlie,Carrot,0,0.521164,0.999974
s4g14,4,0,0,Charlie,Carrot,0,0.078664,0.999960
s4g15,4,0,0,Dave,Carrot,1,0.955309,0.997022
s4g16,4,0,0,Charlie,Carrot,0,0.623322,0.999957
s4g17,4,0,0,Alice,Carrot,0,0.034732,0.931225
s4g18,4,0,0,Eve,Carrot,0,0.925934,0.999981
s4g19,4,0,0,Charlie,Parsnip,0,0.918686,1.000000
s0g0,0,0,1,Charlie,Carrot,0,0.010609,0.999848
s0g1,0,0,1,Charlie,Parsnip,0,0.945734,0.999999
s0g2,0,0,1,Alice,Carrot,0,0.041318,0.999951
s0g3,0,0,1,Alice,Carrot,0,0.052635,0.999854
s0g4,0,0,1,Charlie,Carrot,0,0.387382,0.999961
s0g5,0,0,1,Bob,Carrot,0,0.051895,0.999834
s0g6,0,0,1,Alice,Carrot,0,0.251025,0.999994
s0g7,0,0,1,Bob,Carrot,0,0.104074,0.999840
s0g8,0,0,1,Bob,Carrot,0,0.088812,0.999574
s0g9,0,0,1,Bob,Carrot,0,0.024851,0.999133
s0g10,0,0,1,Alice,Carrot,0,0.043232,0.987371
s0g11,0,0,1,Eve,Carrot,0,0.746115,0.999931
s0g12,0,0,1,Charlie,Parsnip,0,0.855012,1.000000
s0g13,0,0,1,Dave,Parsnip,0,0.802342,1.000000
s0g14,0,0,1,Dave,Carrot,0,0.038009,0.999912
s0g15,0,0,1,Charlie,Carrot,0,0.118661,0.999843
s0g16,0,0,1,Charlie,Carrot,0,0.951570,0.999918
s0g17,0,0,1,Eve,Parsnip,0,0.832552,1.000000
s0g18,0,0,1,Charlie,Carrot,0,0.444768,0.999279
s0g19,0,0,1,Charlie,Carrot,0,0.035604,0.999221
s1g0,1,0,1,Charlie,Carrot,0,0.151326,0.999788
s1g1,1,0,1,Dave,Carrot,0,0.028976,0.999491
s1g2,1,0,1,Alice,Carrot,0,0.062163,0.999991
s1g3,1,0,1,Charlie,Carrot,0,0.004940,0.999551
s1g4,1,0,1,Eve,Carrot,0,0.775776,0.999496
s1g5,1,0,1,Dave,Parsnip,0,0.681393,0.999999
s1g6,1,0,1,Charlie,Carrot,0,0.066457,0.999213
s1g7,1,0,1,Dave,Carrot,0,0.133049,0.999980
s1g8,1,0,1,Dave,Carrot,0,0.093130,0.999647
s1g9,1,0,1,Alice,Carrot,0,0.099038,0.999954
s1g10,1,0,1,Alice,Carrot,0,0.051758,0.999984
s1g11,1,0,1,Charlie,Carrot,0,0.014881,0.999774
s1g12,1,0,1,Dave,Carrot,0,0.078158,0.996924
s1g13,1,0,1,Alice,Carrot,0,0.536594,0.999901
s1g14,1,0,1,Dave,Carrot,0,0.006309,0.998776
s1g15,1,0,1,Eve,Carrot,0,0.584801,0.999958
s1g16,1,0,1,Charlie,Parsnip,0,0.502522,0.999999
s1g17,1,0,1,Dave,Parsnip,0,0.866868,1.000000
s1g18,1,0,1,Eve,Carrot,0,0.122661,0.999886
s1g19,1,0,1,Eve,Carrot,0,0.198172,0.999463
s2g0,2,0,1,Dave,Carrot,0,0.196014,0.999997
s2g1,2,0,1,Alice,Carrot,0,0.092130,0.999475
s2g2,2,0,1,Alice,Carrot,0,0.081053,0.999987
s2g3,2,0,1,Dave,Carrot,0,0.054272,0.999531
s2g4,2,0,1,Alice,Carrot,0,0.581222,0.999986
s2g5,2,0,1,Bob,Carrot,0,0.054788,0.999730
s2g6,2,0,1,Dave,Carrot,0,0.469496,0.999896
s2g7,2,0,1,Charlie,Parsnip,0,0.449614,0.999979
s2g8,2,0,1,Charlie,Carrot,0,0.183571,0.999955
s2g9,2,0,1,Bob,Carrot,0,0.003168,0.998491
s2g10,2,0,1,Dave,Carrot,0,0.066918,0.999950
s2g11,2,0,1,Dave,Carrot,0,0.668643,0.999999
s2g12,2,0,1,Bob,Parsnip,0,0.649247,0.999996
s2g13,2,0,1,Alice,Parsnip,0,0.943868,0.999999
s2g14,2,0,1,Eve,Carrot,0,0.653200,0.999986
s2g15,2,0,1,Charlie,Carrot,0,0.043949,0.999922
s2g16,2,0,1,Charlie,Parsnip,0,0.227243,0.999999
s2g17,2,0,1,Dave,Carrot,0,0.067776,0.999860
s2g18,2,0,1,Bob,Carrot,0,0.027754,0.999960
s2g19,2,0,1,Eve,Carrot,0,0.457236,0.999610
s3g0,3,0,1,Alice,Carrot,0,0.249575,0.999937
s3g1,3,0,1,Dave,Carrot,0,0.218712,0.999816
s3g2,3,0,1,Dave,Carrot,0,0.855477,0.999288
s3g3,3,0,1,Alice,Carrot,0,0.018044,0.999973
s3g4,3,0,1,Bob,Carrot,0,0.246153,0.999783
s3g5,3,0,1,Eve,Carrot,0,0.001650,0.999281
s3g6,3,0,1,Alice,Carrot,0,0.009943,0.999833
s3g7,3,0,1,Eve,Carrot,0,0.067248,0.999908
s3g8,3,0,1,Dave,Carrot,0,0.114486,0.999944
s3g9,3,0,1,Bob,Carrot,0,0.017569,0.999996
s3g10,3,0,1,Bob,Carrot,0,0.054287,0.999971
s3g11,3,0,1,Bob,Carrot,0,0.027795,0.998593
s3g12,3,0,1,Bob,Carrot,0,0.007402,0.999971
s3g13,3,0,1,Charlie,Parsnip,0,0.944198,1.000000
s3g14,3,0,1,Dave,Carrot,0,0.708992,0.999769
s3g15,3,0,1,Bob,Carrot,0,0.072816,0.998675
s3g16,3,0,1,Alice,Parsnip,0,0.936546,0.999995
s3g17,3,0,1,Charlie,Carrot,0,0.115571,0.999990
s3g18,3,0,1,Eve,Carrot,0,0.048798,0.998171
s3g19,3,0,1,Bob,Parsnip,0,0.969377,1.000000
s4g0,4,0,1,Dave,Parsnip,0,0.197919,0.999999
s4g1,4,0,1,Bob,Carrot,0,0.361238,0.999626
s4g2,4,0,1,Alice,Carrot,0,0.457958,0.999990
s4g3,4,0,1,Bob,Carrot,0,0.156024,0.999837
s4g4,4,0,1,Bob,Carrot,0,0.501664,0.999947
s4g5,4,0,1,Bob,Parsnip,0,0.895322,1.000000
s4g6,4,0,1,Dave,Carrot,0,0.041007,0.999849
s4g7,4,0,1,Bob,Carrot,0,0.712049,0.999977
s4g8,4,0,1,Bob,Carrot,0,0.414642,0.999925
s4g9,4,0,1,Charlie,Parsnip,0,0.860778,0.999999
s4g10,4,0,1,Charlie,Carrot,0,0.071893,0.999960
s4g11,4,0,1,Charlie,Carrot,0,0.358910,0.999633
s4g12,4,0,1,Charlie,Carrot,0,0.121281,0.999948
s4g13,4,0,1,Bob,Carrot,0,0.158177,0.999805
s4g14,4,0,1,Dave,Carrot,0,0.247488,0.999960
s4g15,4,0,1,Charlie,Carrot,0,0.493346,0.994875
s4g16,4,0,1,Bob,Carrot,0,0.045520,0.999976
s4g17,4,0,1,Eve,Carrot,0,0.013261,0.996025
s4g18,4,0,1,Bob,Carrot,0,0.163724,0.999958
s4g19,4,0,1,Eve,Carrot,0,0.655141,0.999972
s0g0,0,0,2,Dave,Parsnip,0,0.134261,0.999993
s0g1,0,0,2,Eve,Carrot,0,0.084267,0.999920
s0g2,0,0,2,Eve,Carrot,0,0.003766,0.999756
s0g3,0,0,2,Eve,Carrot,0,0.036140,0.999443
s0g4,0,0,2,Eve,Carrot,0,0.465366,0.999888
s0g5,0,0,2,Eve,Parsnip,0,0.553732,1.000000
s0g6,0,0,2,Dave,Carrot,0,0.026782,0.998918
s0g7,0,0,2,Eve,Carrot,0,0.037253,0.999693
s0g8,0,0,2,Dave,Carrot,0,0.009314,0.999636
s0g9,0,0,2,Dave,Carrot,0,0.000652,0.999780
s0g10,0,0,2,Eve,Parsnip,0,0.083315,0.999997
s0g11,0,0,2,Bob,Carrot,0,0.530194,0.999976
s0g12,0,0,2,Alice,Carrot,0,0.011462,0.996930
s0g13,0,0,2,Alice,Carrot,0,0.290284,0.999865
s0g14,0,0,2,Bob,Carrot,0,0.112945,0.999984
s0g15,0,0,2,Bob,Carrot,0,0.004152,0.999405
s0g16,0,0,2,Alice,Carrot,0,0.744348,0.999481
s0g17,0,0,2,Alice,Carrot,0,0.054715,0.999971
s0g18,0,0,2,Eve,Carrot,0,0.003139,0.999909
s0g19,0,0,2,Alice,Carrot,0,0.018896,0.999416
s1g0,1,0,2,Dave,Carrot,0,0.526576,0.999949
s1g1,1,0,2,Bob,Carrot,0,0.072565,0.997790
s1g2,1,0,2,Charlie,Carrot,0,0.026573,0.999584
s1g3,1,0,2,Bob,Carrot,0,0.333466,0.999656
s1g4,1,0,2,Bob,Parsnip,0,0.261969,0.999990
s1g5,1,0,2,Bob,Carrot,0,0.098017,0.999657
s1g6,1,0,2,Eve,Carrot,0,0.105554,0.999924
s1g7,1,0,2,Alice,Carrot,0,0.039189,0.999961
s1g8,1,0,2,Charlie,Carrot,0,0.050063,0.999964
s1g9,1,0,2,Dave,Carrot,0,0.108424,0.999921
s1g10,1,0,2,Eve,Parsnip,0,0.056495,0.999996
s1g11,1,0,2,Bob,Carrot,0,0.011065,0.999251
s1g12,1,0,2,Charlie,Carrot,0,0.047822,0.998506
s1g13,1,0,2,Bob,Carrot,0,0.030770,0.999196
s1g14,1,0,2,Charlie,Carrot,0,0.000026,0.998633
s1g15,1,0,2,Dave,Carrot,0,0.138374,0.999994
s1g16,1,0,2,Dave,Carrot,0,0.005741,0.999814
s1g17,1,0,2,Charlie,Carrot,0,0.002667,0.999995
s1g18,1,0,2,Bob,Carrot,0,0.018488,0.998751
s1g19,1,0,2,Charlie,Parsnip,0,0.830226,0.999993
s2g0,2,0,2,Alice,Parsnip,0,0.585350,1.000000
s2g1,2,0,2,Bob,Carrot,0,0.006252,0.999412
s2g2,2,0,2,Bob,Parsnip,0,0.260670,0.999994
s2g3,2,0,2,Bob,Carrot,0,0.050738,0.999956
s2g4,2,0,2,Eve,Parsnip,0,0.357053,0.999997
s2g5,2,0,2,Eve,Carrot,0,0.012866,0.999680
s2g6,2,0,2,Charlie,Carrot,0,0.024267,0.995277
s2g7,2,0,2,Alice,Carrot,0,0.163143,0.999718
s2g8,2,0,2,Bob,Carrot,0,0.059603,0.999958
s2g9,2,0,2,Alice,Parsnip,0,0.026274,0.999992
s2g10,2,0,2,Alice,Carrot,0,0.075273,0.999908
s2g11,2,0,2,Eve,Parsnip,0,0.505151,0.999984
s2g12,2,0,2,Dave,Carrot,0,0.005970,0.999933
s2g13,2,0,2,Bob,Carrot,0,0.029963,0.999961
s2g14,2,0,2,Dave,Carrot,0,0.001080,0.999949
s2g15,2,0,2,Eve,Carrot,0,0.025267,0.999981
s2g16,2,0,2,Eve,Carrot,0,0.010079,0.999769
s2g17,2,0,2,Eve,Carrot,0,0.038640,0.999467
s2g18,2,0,2,Eve,Parsnip,0,0.020065,0.999993
s2g19,2,0,2,Bob,Carrot,0,0.075991,0.999758
s3g0,3,0,2,Eve,Carrot,0,0.153737,0.999618
s3g1,3,0,2,Bob,Carrot,0,0.071542,0.999141
s3g2,3,0,2,Bob,Carrot,0,0.042623,0.999669
s3g3,3,0,2,Bob,Carrot,0,0.004129,0.999877
s3g4,3,0,2,Dave,Parsnip,0,0.870670,0.999998
s3g5,3,0,2,Bob,Carrot,0,0.001464,0.999701
s3g6,3,0,2,Dave,Carrot,0,0.004421,0.999878
s3g7,3,0,2,Bob,Carrot,0,0.034368,0.999837
s3g8,3,0,2,Alice,Carrot,0,0.045801,0.987344
s3g9,3,0,2,Alice,Carrot,0,0.024826,0.999303
s3g10,3,0,2,Eve,Parsnip,0,0.274286,0.999994
s3g11,3,0,2,Eve,Carrot,0,0.104343,0.999888
s3g12,3,0,2,Charlie,Carrot,0,0.004124,0.999790
s3g13,3,0,2,Alice,Carrot,0,0.032977,0.999982
s3g14,3,0,2,Eve,Carrot,0,0.344785,0.998551
s3g15,3,0,2,Alice,Carrot,0,0.014615,0.999744
s3g16,3,0,2,Eve,Carrot,0,0.009031,0.999825
s3g17,3,0,2,Bob,Parsnip,0,0.839759,0.999999
s3g18,3,0,2,Alice,Carrot,0,0.022229,0.999646
s3g19,3,0,2,Alice,Carrot,0,0.661633,0.999958
s4g0,4,0,2,Bob,Carrot,0,0.286400,0.999997
s4g1,4,0,2,Dave,Carrot,0,0.011370,0.999647
s4g2,4,0,2,Dave,Parsnip,0,0.476502,1.000000
s4g3,4,0,2,Dave,Parsnip,0,0.496371,0.999999
s4g4,4,0,2,Alice,Parsnip,0,0.290836,0.999992
s4g5,4,0,2,Eve,Carrot,0,0.405348,0.999993
s4g6,4,0,2,Charlie,Carrot,0,0.005038,0.998766
s4g7,4,0,2,Dave,Carrot,0,0.108306,0.999929
s4g8,4,0,2,Dave,Carrot,0,0.341450,0.999863
s4g9,4,0,2,Eve,Carrot,0,0.053593,0.999904
s4g10,4,0,2,Bob,Parsnip,0,0.544341,0.999998
s4g11,4,0,2,Bob,Parsnip,0,0.178204,0.999992
s4g12,4,0,2,Eve,Carrot,0,0.884942,0.999998
s4g13,4,0,2,Alice,Parsnip,0,0.666796,0.999999
s4g14,4,0,2,Eve,Parsnip,0,0.314432,0.999969
s4g15,4,0,2,Bob,Carrot,0,0.193044,0.999877
s4g16,4,0,2,Eve,Carrot,0,0.080286,0.999980
s4g17,4,0,2,Charlie,Carrot,0,0.078174,0.999740
s4g18,4,0,2,Charlie,Carrot,0,0.043611,0.999960
s4g19,4,0,2,Bob,Carrot,0,0.046593,0.999961
s0g0,0,0,3,Eve,Carrot,0,0.011251,0.999880
s0g1,0,0,3,Dave,Carrot,0,0.005002,0.986892
s0g2,0,0,3,Charlie,Carrot,0,0.006135,0.999042
s0g3,0,0,3,Charlie,Carrot,0,0.009669,0.998522
s0g4,0,0,3,Alice,Carrot,0,0.538834,0.999987
s0g5,0,0,3,Charlie,Carrot,0,0.008214,0.999993
s0g6,0,0,3,Eve,Parsnip,0,0.140090,0.999998
s0g7,0,0,3,Dave,Carrot,0,0.001872,0.999623
s0g8,0,0,3,Alice,Carrot,0,0.006815,0.999935
s0g9,0,0,3,Eve,Carrot,0,0.012288,0.999946
s0g10,0,0,3,Dave,Carrot,0,0.003438,0.999427
s0g11,0,0,3,Dave,Parsnip,0,0.633923,1.000000
s0g12,0,0,3,Bob,Carrot,0,0.071635,0.999866
s0g13,0,0,3,Charlie,Carrot,0,0.037096,0.999870
s0g14,0,0,3,Eve,Carrot,0,0.001004,0.999197
s0g15,0,0,3,Alice,Parsnip,0,0.018975,0.999966
s0g16,0,0,3,Eve,Carrot,0,0.167914,0.999957
s0g17,0,0,3,Bob,Carrot,0,0.015984,0.999782
s0g18,0,0,3,Bob,Parsnip,0,0.277989,0.999994
s0g19,0,0,3,Bob,Carrot,0,0.006776,0.999141
s1g0,1,0,3,Eve,Carrot,0,0.191384,0.999824
s1g1,1,0,3,Alice,Carrot,0,0.011086,0.999935
s1g2,1,0,3,Bob,Carrot,0,0.018217,0.979797
s1g3,1,0,3,Dave,Carrot,0,0.055005,0.999733
s1g4,1,0,3,Charlie,Carrot,0,0.953948,0.999770
s1g5,1,0,3,Charlie,Carrot,0,0.027029,0.999976
s1g6,1,0,3,Dave,Carrot,0,0.005761,0.999123
s1g7,1,0,3,Eve,Carrot,0,0.034168,0.999842
s1g8,1,0,3,Bob,Carrot,0,0.674768,0.998289
s1g9,1,0,3,Bob,Carrot,0,0.535970,0.999900
s1g10,1,0,3,Bob,Carrot,0,0.010873,0.999936
s1g11,1,0,3,Dave,Parsnip,0,0.544339,0.999999
s1g12,1,0,3,Alice,Parsnip,0,0.931062,0.999780
s1g13,1,0,3,Charlie,Parsnip,0,0.108415,0.999997
s1g14,1,0,3,Alice,Carrot,0,0.001076,0.994571
s1g15,1,0,3,Alice,Parsnip,0,0.413279,0.999998
s1g16,1,0,3,Alice,Carrot,0,0.018526,0.999536
s1g17,1,0,3,Bob,Carrot,0,0.003638,0.999965
s1g18,1,0,3,Alice,Carrot,0,0.018203,0.999455
s1g19,1,0,3,Bob,Carrot,0,0.568993,0.999834
s2g0,2,0,3,Bob,Carrot,0,0.001804,0.999172
s2g1,2,0,3,Dave,Carrot,0,0.112045,0.999984
s2g2,2,0,3,Dave,Carrot,0,0.028256,0.997274
s2g3,2,0,3,Alice,Parsnip,0,0.035557,0.999992
s2g4,2,0,3,Charlie,Carrot,0,0.131742,0.999787
s2g5,2,0,3,Charlie,Parsnip,0,0.031622,0.999983
s2g6,2,0,3,Alice,Carrot,0,0.010143,0.999936
s2g7,2,0,3,Eve,Carrot,0,0.027907,0.999751
s2g8,2,0,3,Dave,Carrot,0,0.051667,0.999893
s2g9,2,0,3,Dave,Carrot,0,0.012491,0.998572
s2g10,2,0,3,Charlie,Parsnip,0,0.082085,0.999980
s2g11,2,0,3,Alice,Carrot,0,0.604624,0.999971
s2g12,2,0,3,Eve,Carrot,0,0.032227,0.999838
s2g13,2,0,3,Dave,Carrot,0,0.119917,0.999996
s2g14,2,0,3,Bob,Carrot,0,0.009570,0.998740
s2g15,2,0,3,Dave,Parsnip,0,0.038796,0.999986
s2g16,2,0,3,Bob,Carrot,0,0.001443,0.999485
s2g17,2,0,3,Alice,Carrot,0,0.003440,0.999635
s2g18,2,0,3,Dave,Carrot,0,0.025477,0.999371
s2g19,2,0,3,Charlie,Carrot,0,0.008551,0.999863
s3g0,3,0,3,Dave,Carrot,0,0.069581,0.999914
s3g1,3,0,3,Alice,Parsnip,0,0.106408,0.999968
s3g2,3,0,3,Eve,Carrot,0,0.024084,0.999868
s3g3,3,0,3,Eve,Parsnip,0,0.086122,0.999995
s3g4,3,0,3,Alice,Carrot,0,0.134915,0.999858
s3g5,3,0,3,Alice,Parsnip,0,0.020668,0.999986
s3g6,3,0,3,Charlie,Carrot,0,0.000472,0.992596
s3g7,3,0,3,Dave,Carrot,0,0.009578,0.999452
s3g8,3,0,3,Eve,Carrot,0,0.002027,0.929321
s3g9,3,0,3,Eve,Carrot,0,0.038737,0.999861
s3g10,3,0,3,Charlie,Carrot,0,0.028593,0.999980
s3g11,3,0,3,Dave,Parsnip,0,0.062929,0.999996
s3g12,3,0,3,Dave,Carrot,0,0.001705,0.999913
s3g13,3,0,3,Eve,Carrot,0,0.001787,0.982080
s3g14,3,0,3,Alice,Carrot,0,0.262723,0.999935
s3g15,3,0,3,Charlie,Carrot,0,0.006867,0.999592
s3g16,3,0,3,Bob,Carrot,0,0.015886,0.999603
s3g17,3,0,3,Alice,Carrot,0,0.124384,0.999875
s3g18,3,0,3,Bob,Carrot,0,0.001364,0.992432
s3g19,3,0,3,Charlie,Carrot,0,0.024624,0.997913
s4g0,4,0,3,Eve,Carrot,0,0.041480,0.999977
s4g1,4,0,3,Charlie,Parsnip,0,0.028002,0.999975
s4g2,4,0,3,Bob,Carrot,0,0.056473,0.999963
s4g3,4,0,3,Charlie,Carrot,0,0.045205,0.999972
s4g4,4,0,3,Dave,Carrot,0,0.012742,0.999891
s4g5,4,0,3,Dave,Carrot,0,0.267145,0.999986
s4g6,4,0,3,Alice,Carrot,0,0.000383,0.995637
s4g7,4,0,3,Eve,Carrot,0,0.021006,0.999073
s4g8,4,0,3,Eve,Parsnip,0,0.851263,0.999997
s4g9,4,0,3,Dave,Carrot,0,0.002550,0.999974
s4g10,4,0,3,Alice,Carrot,0,0.171354,0.999979
s4g11,4,0,3,Eve,Carrot,0,0.043200,0.999935
s4g12,4,0,3,Bob,Carrot,0,0.005510,0.999818
s4g13,4,0,3,Dave,Carrot,0,0.072467,0.999951
s4g14,4,0,3,Alice,Carrot,0,0.005725,0.995883
s4g15,4,0,3,Alice,Carrot,0,0.036977,0.999799
s4g16,4,0,3,Alice,Parsnip,0,0.174418,0.999998
s4g17,4,0,3,Dave,Parsnip,0,0.571048,0.999993
s4g18,4,0,3,Dave,Carrot,0,0.058902,0.999991
s4g19,4,0,3,Alice,Carrot,0,0.035118,0.999824
s0g0,0,0,4,Alice,Carrot,0,0.021629,0.999760
s0g1,0,0,4,Bob,Carrot,0,0.127475,0.996607
s0g2,0,0,4,Dave,Parsnip,0,0.136520,0.999998
s0g3,0,0,4,Dave,Parsnip,0,0.277292,0.999993
s0g4,0,0,4,Dave,Carrot,0,0.010281,0.990291
s0g5,0,0,4,Dave,Carrot,0,0.124569,0.999861
s0g6,0,0,4,Charlie,Carrot,0,0.009095,0.999374
s0g7,0,0,4,Alice,Parsnip,0,0.239316,0.999983
s0g8,0,0,4,Charlie,Parsnip,0,0.059122,0.999998
s0g9,0,0,4,Alice,Parsnip,0,0.176673,0.999964
s0g10,0,0,4,Charlie,Carrot,0,0.002057,0.999637
s0g11,0,0,4,Charlie,Carrot,0,0.069378,0.999978
s0g12,0,0,4,Dave,Carrot,0,0.021524,0.980589
s0g13,0,0,4,Bob,Carrot,0,0.048601,0.995302
s0g14,0,0,4,Alice,Parsnip,0,0.072676,0.999989
s0g15,0,0,4,Dave,Carrot,0,0.004566,0.999836
s0g16,0,0,4,Dave,Carrot,0,0.553822,0.998460
s0g17,0,0,4,Dave,Carrot,0,0.011036,0.999886
s0g18,0,0,4,Dave,Carrot,0,0.027999,0.999899
s0g19,0,0,4,Eve,Carrot,0,0.051610,0.999411
s1g0,1,0,4,Alice,Parsnip,0,0.752758,0.999996
s1g1,1,0,4,Charlie,Parsnip,0,0.284628,0.999997
s1g2,1,0,4,Eve,Parsnip,0,0.043726,0.999625
s1g3,1,0,4,Alice,Parsnip,0,0.291782,0.999994
s1g4,1,0,4,Dave,Carrot,0,0.003776,0.999414
s1g5,1,0,4,Alice,Carrot,0,0.252763,0.999909
s1g6,1,0,4,Bob,Carrot,0,0.000945,0.993615
s1g7,1,0,4,Bob,Parsnip,0,0.060889,0.999997
s1g8,1,0,4,Eve,Parsnip,0,0.769188,0.999992
s1g9,1,0,4,Charlie,Parsnip,0,0.786044,0.999997
s1g10,1,0,4,Dave,Carrot,0,0.042619,0.999935
s1g11,1,0,4,Alice,Carrot,0,0.022855,0.999081
s1g12,1,0,4,Eve,Carrot,0,0.034107,0.997178
s1g13,1,0,4,Eve,Carrot,0,0.025324,0.999950
s1g14,1,0,4,Eve,Parsnip,0,0.227099,0.999975
s1g15,1,0,4,Bob,Carrot,0,0.046666,0.999894
s1g16,1,0,4,Bob,Carrot,0,0.097367,0.999978
s1g17,1,0,4,Eve,Carrot,0,0.020010,0.999559
s1g18,1,0,4,Charlie,Carrot,0,0.003687,0.999263
s1g19,1,0,4,Dave,Carrot,0,0.016972,0.999882
s2g0,2,0,4,Eve,Carrot,0,0.009097,0.818243
s2g1,2,0,4,Eve,Parsnip,0,0.066807,0.999998
s2g2,2,0,4,Eve,Carrot,0,0.000315,0.970624
s2g3,2,0,4,Charlie,Carrot,0,0.001126,0.997342
s2g4,2,0,4,Bob,Carrot,0,0.008639,0.994620
s2g5,2,0,4,Dave,Carrot,0,0.001482,0.999643
s2g6,2,0,4,Eve,Parsnip,0,0.206607,0.999997
s2g7,2,0,4,Dave,Carrot,0,0.019135,0.998818
s2g8,2,0,4,Eve,Carrot,0,0.002054,0.999616
s2g9,2,0,4,Charlie,Carrot,0,0.007479,0.997015
s2g10,2,0,4,Eve,Carrot,0,0.008630,0.999572
s2g11,2,0,4,Charlie,Carrot,0,0.036019,0.999860
s2g12,2,0,4,Alice,Carrot,0,0.000873,0.999160
s2g13,2,0,4,Eve,Carrot,0,0.012203,0.999966
s2g14,2,0,4,Charlie,Carrot,0,0.040283,0.998141
s2g15,2,0,4,Bob,Carrot,0,0.005387,0.999824
s2g16,2,0,4,Alice,Carrot,0,0.061720,0.998756
s2g17,2,0,4,Charlie,Parsnip,0,0.021502,0.999981
s2g18,2,0,4,Charlie,Carrot,0,0.105957,0.998608
s2g19,2,0,4,Alice,Carrot,0,0.012070,0.998075
s3g0,3,0,4,Charlie,Carrot,0,0.000211,0.150689
s3g1,3,0,4,Charlie,Carrot,0,0.009106,0.998968
s3g2,3,0,4,Charlie,Carrot,0,0.000468,0.998065
s3g3,3,0,4,Dave,Carrot,0,0.034896,0.999851
s3g4,3,0,4,Eve,Carrot,0,0.252408,0.999742
s3g5,3,0,4,Charlie,Carrot,0,0.000433,0.999783
s3g6,3,0,4,Eve,Parsnip,0,0.070322,0.999583
s3g7,3,0,4,Charlie,Parsnip,0,0.268847,0.999999
s3g8,3,0,4,Bob,Parsnip,0,0.098140,0.999720
s3g9,3,0,4,Charlie,Parsnip,0,0.038413,0.999998
s3g10,3,0,4,Alice,Carrot,0,0.003757,0.983180
s3g11,3,0,4,Charlie,Carrot,0,0.012438,0.999931
s3g12,3,0,4,Alice,Parsnip,0,0.030832,0.999988
s3g13,3,0,4,Bob,Carrot,0,0.001926,0.998720
s3g14,3,0,4,Charlie,Carrot,0,0.088175,0.999390
s3g15,3,0,4,Dave,Carrot,0,0.021411,0.999603
s3g16,3,0,4,Charlie,Carrot,0,0.604287,0.999997
s3g17,3,0,4,Eve,Carrot,0,0.006448,0.928185
s3g18,3,0,4,Charlie,Parsnip,0,0.164983,0.999976
s3g19,3,0,4,Eve,Carrot,0,0.019314,0.999927
s4g0,4,0,4,Alice,Carrot,0,0.024508,0.999987
s4g1,4,0,4,Alice,Carrot,0,0.007085,0.999932
s4g2,4,0,4,Charlie,Carrot,0,0.063239,0.999979
s4g3,4,0,4,Eve,Carrot,0,0.018051,0.986739
s4g4,4,0,4,Charlie,Carrot,0,0.049814,0.999946
s4g5,4,0,4,Alice,Carrot,0,0.088604,0.999847
s4g6,4,0,4,Eve,Parsnip,0,0.040534,0.999615
s4g7,4,0,4,Charlie,Carrot,0,0.012163,0.999649
s4g8,4,0,4,Charlie,Carrot,0,0.018632,0.998935
s4g9,4,0,4,Alice,Carrot,0,0.068683,0.969439
s4g10,4,0,4,Eve,Carrot,0,0.061995,0.999990
s4g11,4,0,4,Dave,Carrot,0,0.056638,0.999950
s4g12,4,0,4,Alice,Parsnip,0,0.435820,0.999998
s4g13,4,0,4,Eve,Carrot,0,0.001049,0.999176
s4g14,4,0,4,Bob,Carrot,0,0.023147,0.965325
s4g15,4,0,4,Eve,Parsnip,0,0.336494,1.000000
s4g16,4,0,4,Dave,Carrot,0,0.016605,0.999818
s4g17,4,0,4,Bob,Carrot,0,0.008827,0.998110
s4g18,4,0,4,Alice,Parsnip,0,0.132098,0.999995
s4g19,4,0,4,Dave,Carrot,0,0.018867,0.999580
s0g0,0,1,0,Charlie,Carrot,0,0.023720,0.999766
s0g1,0,1,0,Dave,Carrot,0,0.005990,0.096693
s0g2,0,1,0,Charlie,Carrot,0,0.056671,0.997845
s0g3,0,1,0,Charlie,Carrot,0,0.086285,0.954754
s0g4,0,1,0,Alice,Carrot,0,0.002729,0.953269
s0g5,0,1,0,Eve,Parsnip,0,0.388932,0.999997
s0g6,0,1,0,Alice,Carrot,0,0.050889,0.991632
s0g7,0,1,0,Bob,Carrot,0,0.071268,0.993001
s0g8,0,1,0,Eve,Carrot,0,0.082789,0.999011
s0g9,0,1,0,Dave,Carrot,0,0.086570,0.999094
s0g10,0,1,0,Bob,Carrot,0,0.001053,0.916721
s0g11,0,1,0,Eve,Carrot,0,0.114235,0.998442
s0g12,0,1,0,Alice,Carrot,0,0.005815,0.983035
s0g13,0,1,0,Eve,Carrot,0,0.313063,0.985398
s0g14,0,1,0,Eve,Carrot,0,0.000441,0.754781
s0g15,0,1,0,Charlie,Carrot,0,0.000674,0.998076
s0g16,0,1,0,Alice,Carrot,0,0.003175,0.405611
s0g17,0,1,0,Eve,Parsnip,0,0.156690,0.999995
s0g18,0,1,0,Bob,Parsnip,0,0.579100,0.999986
s0g19,0,1,0,Alice,Carrot,0,0.000853,0.860753
s1g0,1,1,0,Eve,Carrot,0,0.002125,0.999550
s1g1,1,1,0,Bob,Carrot,0,0.002599,0.998954
s1g2,1,1,0,Bob,Carrot,0,0.000169,0.641006
s1g3,1,1,0,Eve,Carrot,0,0.126162,0.999103
s1g4,1,1,0,Eve,Carrot,0,0.023536,0.996568
s1g5,1,1,0,Bob,Carrot,0,0.096626,0.998805
s1g6,1,1,0,Charlie,Carrot,0,0.003836,0.714266
s1g7,1,1,0,Alice,Carrot,0,0.002243,0.997036
s1g8,1,1,0,Bob,Carrot,0,0.000898,0.927806
s1g9,1,1,0,Dave,Carrot,0,0.001875,0.995037
s1g10,1,1,0,Charlie,Carrot,0,0.243170,0.999019
s1g11,1,1,0,Bob,Carrot,0,0.011769,0.996241
s1g12,1,1,0,Dave,Carrot,0,0.059302,0.985894
s1g13,1,1,0,Charlie,Parsnip,0,0.016272,0.999994
s1g14,1,1,0,Charlie,Carrot,0,0.002952,0.994190
s1g15,1,1,0,Dave,Carrot,0,0.044512,0.999325
s1g16,1,1,0,Charlie,Parsnip,0,0.861421,0.999997
s1g17,1,1,0,Alice,Carrot,0,0.000061,0.892437
s1g18,1,1,0,Alice,Carrot,0,0.003223,0.413834
s1g19,1,1,0,Alice,Carrot,0,0.007206,0.955443
s2g0,2,1,0,Alice,Parsnip,0,0.003966,0.980681
s2g1,2,1,0,Bob,Carrot,0,0.001113,0.952163
s2g2,2,1,0,Alice,Carrot,0,0.018639,0.947750
s2g3,2,1,0,Dave,Carrot,0,0.000528,0.991378
s2g4,2,1,0,Charlie,Carrot,0,0.002254,0.513879
s2g5,2,1,0,Alice,Carrot,0,0.028918,0.999501
s2g6,2,1,0,Dave,Carrot,0,0.021629,0.999556
s2g7,2,1,0,Bob,Carrot,0,0.003174,0.933682
s2g8,2,1,0,Dave,Carrot,0,0.006216,0.994576
s2g9,2,1,0,Bob,Carrot,0,0.000261,0.963125
s2g10,2,1,0,Charlie,Parsnip,0,0.468977,0.999965
s2g11,2,1,0,Alice,Carrot,0,0.032928,0.995840
s2g12,2,1,0,Charlie,Carrot,0,0.035822,0.999665
s2g13,2,1,0,Charlie,Carrot,0,0.002189,0.984978
s2g14,2,1,0,Eve,Carrot,0,0.005062,0.996074
s2g15,2,1,0,Charlie,Carrot,0,0.018178,0.997751
s2g16,2,1,0,Dave,Carrot,0,0.000163,0.533112
s2g17,2,1,0,Eve,Carrot,0,0.000187,0.518231
s2g18,2,1,0,Alice,Carrot,0,0.046927,0.999713
s2g19,2,1,0,Bob,Carrot,0,0.034273,0.975683
s3g0,3,1,0,Eve,Carrot,0,0.001205,0.121768
s3g1,3,1,0,Bob,Carrot,0,0.000485,0.638789
s3g2,3,1,0,Eve,Carrot,0,0.006939,0.991377
s3g3,3,1,0,Charlie,Carrot,0,0.001471,0.995624
s3g4,3,1,0,Charlie,Carrot,0,0.490264,0.998443
s3g5,3,1,0,Bob,Carrot,0,0.000702,0.969776
s3g6,3,1,0,Bob,Carrot,0,0.000202,0.449603
s3g7,3,1,0,Bob,Carrot,0,0.002385,0.998281
s3g8,3,1,0,Dave,Carrot,0,0.002723,0.728836
s3g9,3,1,0,Eve,Carrot,0,0.028188,0.999097
s3g10,3,1,0,Eve,Parsnip,0,0.173410,0.999642
s3g11,3,1,0,Bob,Carrot,0,0.001455,0.999216
s3g12,3,1,0,Eve,Carrot,0,0.001149,0.917478
s3g13,3,1,0,Alice,Carrot,0,0.043782,0.924780
s3g14,3,1,0,Alice,Carrot,0,0.005060,0.964625
s3g15,3,1,0,Alice,Carrot,0,0.017093,0.989968
s3g16,3,1,0,Alice,Parsnip,0,0.184155,0.999980
s3g17,3,1,0,Dave,Carrot,0,0.000043,0.458650
s3g18,3,1,0,Eve,Carrot,0,0.009811,0.882099
s3g19,3,1,0,Alice,Carrot,0,0.001556,0.969665
s4g0,4,1,0,Bob,Carrot,0,0.029822,0.997305
s4g1,4,1,0,Dave,Carrot,0,0.049402,0.999548
s4g2,4,1,0,Bob,Carrot,0,0.001157,0.950789
s4g3,4,1,0,Alice,Carrot,0,0.002909,0.999110
s4g4,4,1,0,Bob,Carrot,0,0.009351,0.998981
s4g5,4,1,0,Eve,Carrot,0,0.221196,0.991579
s4g6,4,1,0,Alice,Carrot,0,0.223888,0.998103
s4g7,4,1,0,Eve,Carrot,0,0.001233,0.987616
s4g8,4,1,0,Dave,Carrot,0,0.000202,0.241308
s4g9,4,1,0,Eve,Carrot,0,0.481148,0.968115
s4g10,4,1,0,Bob,Parsnip,0,0.277160,0.999895
s4g11,4,1,0,Eve,Carrot,0,0.060959,0.998212
s4g12,4,1,0,Bob,Carrot,0,0.041389,0.988845
s4g13,4,1,0,Dave,Carrot,0,0.000969,0.985758
s4g14,4,1,0,Alice,Carrot,0,0.001170,0.740881
s4g15,4,1,0,Alice,Carrot,0,0.002651,0.952294
s4g16,4,1,0,Charlie,Carrot,0,0.048989,0.998114
s4g17,4,1,0,Dave,Parsnip,0,0.199922,0.999988
s4g18,4,1,0,Bob,Carrot,0,0.002606,0.992682
s4g19,4,1,0,Bob,Carrot,0,0.011488,0.993000
s0g0,0,1,1,Eve,Carrot,0,0.024713,0.996698
s0g1,0,1,1,Bob,Carrot,0,0.000521,0.420659
s0g2,0,1,1,Eve,Carrot,0,0.000542,0.785526
s0g3,0,1,1,Eve,Carrot,0,0.000783,0.960334
s0g4,0,1,1,Bob,Parsnip,0,0.054507,0.999045
s0g5,0,1,1,Bob,Carrot,0,0.008419,0.996560
s0g6,0,1,1,Bob,Carrot,0,0.001808,0.903196
s0g7,0,1,1,Alice,Parsnip,0,0.069714,0.999961
s0g8,0,1,1,Bob,Carrot,0,0.002859,0.994807
s0g9,0,1,1,Bob,Carrot,0,0.002516,0.994546
s0g10,0,1,1,Charlie,Carrot,0,0.000634,0.993757
s0g11,0,1,1,Charlie,Carrot,0,0.001286,0.637294
s0g12,0,1,1,Dave,Carrot,0,0.007552,0.871413
s0g13,0,1,1,Charlie,Carrot,0,0.066428,0.990641
s0g14,0,1,1,Dave,Carrot,0,0.000778,0.999244
s0g15,0,1,1,Bob,Carrot,0,0.005771,0.986224
s0g16,0,1,1,Charlie,Carrot,0,0.009160,0.948352
s0g17,0,1,1,Dave,Carrot,0,0.003767,0.996868
s0g18,0,1,1,Alice,Carrot,0,0.092561,0.992415
s0g19,0,1,1,Charlie,Carrot,0,0.000318,0.959047
s1g0,1,1,1,Dave,Carrot,0,0.000322,0.943283
s1g1,1,1,1,Dave,Carrot,0,0.000098,0.799853
s1g2,1,1,1,Eve,Parsnip,0,0.002798,0.991880
s1g3,1,1,1,Dave,Carrot,0,0.000290,0.991554
s1g4,1,1,1,Bob,Parsnip,0,0.005831,0.999023
s1g5,1,1,1,Alice,Carrot,0,0.012538,0.994599
s1g6,1,1,1,Dave,Carrot,0,0.000118,0.722577
s1g7,1,1,1,Eve,Carrot,0,0.000068,0.976968
s1g8,1,1,1,Charlie,Carrot,0,0.003743,0.578886
s1g9,1,1,1,Bob,Carrot,0,0.142051,0.998139
s1g10,1,1,1,Eve,Parsnip,0,0.328001,0.999765
s1g11,1,1,1,Dave,Parsnip,0,0.047559,0.999238
s1g12,1,1,1,Charlie,Carrot,0,0.006332,0.830814
s1g13,1,1,1,Eve,Carrot,0,0.000991,0.999695
s1g14,1,1,1,Eve,Parsnip,0,0.020455,0.999072
s1g15,1,1,1,Alice,Parsnip,0,0.142959,0.999927
s1g16,1,1,1,Eve,Carrot,0,0.000512,0.981904
s1g17,1,1,1,Charlie,Carrot,0,0.000275,0.928073
s1g18,1,1,1,Charlie,Carrot,0,0.000090,0.315023
s1g19,1,1,1,Bob,Carrot,0,0.021173,0.905027
s2g0,2,1,1,Dave,Carrot,0,0.000118,0.896223
s2g1,2,1,1,Dave,Carrot,0,0.046885,0.962106
s2g2,2,1,1,Bob,Parsnip,0,0.023139,0.998840
s2g3,2,1,1,Bob,Carrot,0,0.000177,0.994665
s2g4,2,1,1,Alice,Carrot,0,0.002938,0.938943
s2g5,2,1,1,Dave,Carrot,0,0.000112,0.992120
s2g6,2,1,1,Charlie,Carrot,0,0.000228,0.985013
s2g7,2,1,1,Alice,Carrot,0,0.000086,0.949967
s2g8,2,1,1,Alice,Parsnip,0,0.053176,0.999945
s2g9,2,1,1,Eve,Carrot,0,0.000072,0.976199
s2g10,2,1,1,Alice,Carrot,0,0.013615,0.938815
s2g11,2,1,1,Eve,Parsnip,0,0.201740,0.999989
s2g12,2,1,1,Eve,Carrot,0,0.000987,0.993151
s2g13,2,1,1,Alice,Parsnip,0,0.044047,0.997273
s2g14,2,1,1,Dave,Carrot,0,0.000047,0.973430
s2g15,2,1,1,Alice,Carrot,0,0.000504,0.981443
s2g16,2,1,1,Bob,Carrot,0,0.000005,0.858733
s2g17,2,1,1,Dave,Carrot,0,0.000021,0.949164
s2g18,2,1,1,Dave,Carrot,0,0.007229,0.990624
s2g19,2,1,1,Eve,Carrot,0,0.013977,0.998728
s3g0,3,1,1,Bob,Parsnip,0,0.019147,0.960276
s3g1,3,1,1,Charlie,Carrot,0,0.000106,0.752232
s3g2,3,1,1,Alice,Parsnip,0,0.122823,0.999640
s3g3,3,1,1,Alice,Carrot,0,0.011902,0.970020
s3g4,3,1,1,Eve,Carrot,0,0.025185,0.990122
s3g5,3,1,1,Alice,Parsnip,0,0.452741,0.999781
s3g6,3,1,1,Eve,Parsnip,0,0.004946,0.989387
s3g7,3,1,1,Charlie,Parsnip,0,0.164380,0.999879
s3g8,3,1,1,Alice,Carrot,0,0.001011,0.728712
s3g9,3,1,1,Charlie,Parsnip,0,0.003647,0.999730
s3g10,3,1,1,Bob,Carrot,0,0.004795,0.978931
s3g11,3,1,1,Charlie,Carrot,0,0.009872,0.991547
s3g12,3,1,1,Bob,Carrot,0,0.000265,0.790965
s3g13,3,1,1,Charlie,Parsnip,0,0.034085,0.998277
s3g14,3,1,1,Bob,Parsnip,0,0.053168,0.999009
s3g15,3,1,1,Bob,Carrot,0,0.000141,0.942557
s3g16,3,1,1,Eve,Carrot,0,0.001120,0.992060
s3g17,3,1,1,Alice,Carrot,0,0.000139,0.978991
s3g18,3,1,1,Dave,Carrot,0,0.000183,0.982954
s3g19,3,1,1,Dave,Carrot,0,0.004060,0.930876
s4g0,4,1,1,Dave,Parsnip,0,0.021732,0.999939
s4g1,4,1,1,Bob,Carrot,0,0.002553,0.992499
s4g2,4,1,1,Dave,Parsnip,0,0.106569,0.998125
s4g3,4,1,1,Eve,Carrot,0,0.000808,0.987213
s4g4,4,1,1,Charlie,Carrot,0,0.025128,0.969676
s4g5,4,1,1,Charlie,Carrot,0,0.001535,0.994621
s4g6,4,1,1,Charlie,Carrot,0,0.027419,0.999128
s4g7,4,1,1,Bob,Carrot,0,0.000347,0.956400
s4g8,4,1,1,Bob,Carrot,0,0.007586,0.755115
s4g9,4,1,1,Dave,Carrot,0,0.000633,0.961683
s4g10,4,1,1,Charlie,Carrot,0,0.014101,0.998928
s4g11,4,1,1,Bob,Parsnip,0,0.809648,0.999976
s4g12,4,1,1,Charlie,Carrot,0,0.000253,0.987241
s4g13,4,1,1,Alice,Parsnip,0,0.185598,0.999979
s4g14,4,1,1,Bob,Carrot,0,0.000334,0.307933
s4g15,4,1,1,Eve,Parsnip,0,0.002742,0.978286
s4g16,4,1,1,Bob,Carrot,0,0.047586,0.995623
s4g17,4,1,1,Charlie,Carrot,0,0.000241,0.950122
s4g18,4,1,1,Alice,Parsnip,0,0.068937,0.999006
s4g19,4,1,1,Dave,Carrot,0,0.000115,0.968378
s0g0,0,1,2,Bob,Carrot,0,0.000160,0.925633
s0g1,0,1,2,Charlie,Parsnip,0,0.008443,0.998648
s0g2,0,1,2,Alice,Carrot,0,0.000376,0.989735
s0g3,0,1,2,Dave,Parsnip,0,0.007003,0.996351
s0g4,0,1,2,Eve,Carrot,0,0.002130,0.993521
s0g5,0,1,2,Charlie,Carrot,0,0.001619,0.996105
s0g6,0,1,2,Dave,Carrot,0,0.007706,0.993538
s0g7,0,1,2,Dave,Carrot,0,0.007324,0.999749
s0g8,0,1,2,Dave,Carrot,0,0.002494,0.973994
s0g9,0,1,2,Eve,Carrot,0,0.000007,0.607486
s0g10,0,1,2,Eve,Parsnip,0,0.009025,0.999660
s0g11,0,1,2,Dave,Parsnip,0,0.625778,0.991274
s0g12,0,1,2,Bob,Carrot,0,0.000274,0.894384
s0g13,0,1,2,Dave,Parsnip,0,0.222817,0.999749
s0g14,0,1,2,Alice,Parsnip,0,0.012148,0.999892
s0g15,0,1,2,Eve,Carrot,0,0.000574,0.995198
s0g16,0,1,2,Bob,Parsnip,0,0.004795,0.999745
s0g17,0,1,2,Alice,Carrot,0,0.000484,0.997040
s0g18,0,1,2,Charlie,Carrot,0,0.000360,0.983689
s0g19,0,1,2,Eve,Carrot,0,0.000126,0.888684
s1g0,1,1,2,Alice,Parsnip,0,0.004834,0.999647
s1g1,1,1,2,Eve,Carrot,0,0.000116,0.873130
s1g2,1,1,2,Alice,Carrot,0,0.000038,0.996070
s1g3,1,1,2,Alice,Parsnip,0,0.010514,0.999345
s1g4,1,1,2,Dave,Carrot,0,0.000051,0.981852
s1g5,1,1,2,Charlie,Carrot,0,0.012395,0.997333
s1g6,1,1,2,Alice,Parsnip,0,0.056674,0.999406
s1g7,1,1,2,Dave,Carrot,0,0.000001,0.915535
s1g8,1,1,2,Dave,Carrot,0,0.002670,0.975943
s1g9,1,1,2,Alice,Carrot,0,0.000251,0.977617
s1g10,1,1,2,Dave,Carrot,0,0.004736,0.996010
s1g11,1,1,2,Alice,Carrot,0,0.016908,0.986598
s1g12,1,1,2,Alice,Parsnip,0,0.871181,0.999835
s1g13,1,1,2,Bob,Carrot,0,0.000363,0.983044
s1g14,1,1,2,Alice,Carrot,0,0.000839,0.956104
s1g15,1,1,2,Charlie,Carrot,0,0.001778,0.997793
s1g16,1,1,2,Dave,Carrot,0,0.001060,0.998488
s1g17,1,1,2,Eve,Carrot,0,0.000034,0.932730
s1g18,1,1,2,Dave,Parsnip,0,0.037052,0.990473
s1g19,1,1,2,Eve,Carrot,0,0.001318,0.977193
s2g0,2,1,2,Bob,Carrot,0,0.000009,0.381301
s2g1,2,1,2,Alice,Carrot,0,0.004008,0.958477
s2g2,2,1,2,Charlie,Carrot,0,0.000001,0.140358
s2g3,2,1,2,Eve,Carrot,0,0.002055,0.886254
s2g4,2,1,2,Bob,Carrot,0,0.000002,0.617518
s2g5,2,1,2,Charlie,Parsnip,0,0.024432,0.999979
s2g6,2,1,2,Eve,Parsnip,0,0.040561,0.999545
s2g7,2,1,2,Dave,Carrot,0,0.001336,0.999099
s2g8,2,1,2,Charlie,Carrot,0,0.015057,0.990776
s2g9,2,1,2,Dave,Carrot,0,0.000081,0.157774
s2g10,2,1,2,Bob,Carrot,0,0.005959,0.991525
s2g11,2,1,2,Charlie,Carrot,0,0.003018,0.999907
s2g12,2,1,2,Bob,Parsnip,0,0.037696,0.997975
s2g13,2,1,2,Dave,Carrot,0,0.000209,0.937942
s2g14,2,1,2,Bob,Carrot,0,0.000057,0.428474
s2g15,2,1,2,Bob,Carrot,0,0.000042,0.285711
s2g16,2,1,2,Alice,Carrot,0,0.000044,0.267174
s2g17,2,1,2,Alice,Carrot,0,0.000004,0.880423
s2g18,2,1,2,Charlie,Carrot,0,0.008314,0.997605
s2g19,2,1,2,Charlie,Carrot,0,0.000582,0.980040
s3g0,3,1,2,Alice,Carrot,0,0.000023,0.196945
s3g1,3,1,2,Dave,Carrot,0,0.000735,0.999107
s3g2,3,1,2,Charlie,Carrot,0,0.003765,0.994605
s3g3,3,1,2,Dave,Carrot,0,0.000016,0.944332
s3g4,3,1,2,Dave,Parsnip,0,0.028165,0.999731
s3g5,3,1,2,Eve,Carrot,0,0.000390,0.842303
s3g6,3,1,2,Alice,Carrot,0,0.000027,0.503358
s3g7,3,1,2,Alice,Carrot,0,0.000423,0.956134
s3g8,3,1,2,Eve,Carrot,0,0.000028,0.708510
s3g9,3,1,2,Dave,Carrot,0,0.000364,0.977209
s3g10,3,1,2,Charlie,Carrot,0,0.000163,0.958066
s3g11,3,1,2,Eve,Carrot,0,0.045022,0.999331
s3g12,3,1,2,Alice,Parsnip,0,0.047834,0.988414
s3g13,3,1,2,Dave,Carrot,0,0.005914,0.997351
s3g14,3,1,2,Dave,Carrot,0,0.001818,0.890917
s3g15,3,1,2,Dave,Carrot,0,0.000905,0.986252
s3g16,3,1,2,Charlie,Carrot,0,0.000015,0.823258
s3g17,3,1,2,Eve,Carrot,0,0.000004,0.061079
s3g18,3,1,2,Charlie,Parsnip,0,0.091042,0.998525
s3g19,3,1,2,Eve,Carrot,0,0.000209,0.977891
s4g0,4,1,2,Alice,Carrot,0,0.000020,0.609254
s4g1,4,1,2,Charlie,Parsnip,0,0.051393,0.990217
s4g2,4,1,2,Alice,Carrot,0,0.001995,0.980526
s4g3,4,1,2,Dave,Parsnip,0,0.032907,0.998660
s4g4,4,1,2,Eve,Carrot,0,0.019770,0.993300
s4g5,4,1,2,Alice,Carrot,0,0.001953,0.990444
s4g6,4,1,2,Dave,Carrot,0,0.002739,0.999517
s4g7,4,1,2,Charlie,Carrot,0,0.001540,0.975800
s4g8,4,1,2,Charlie,Carrot,0,0.001550,0.322475
s4g9,4,1,2,Alice,Carrot,0,0.000132,0.944501
s4g10,4,1,2,Eve,Carrot,0,0.004431,0.992591
s4g11,4,1,2,Dave,Carrot,0,0.001192,0.999348
s4g12,4,1,2,Dave,Carrot,0,0.000276,0.996709
s4g13,4,1,2,Charlie,Carrot,0,0.000030,0.937398
s4g14,4,1,2,Dave,Carrot,0,0.000329,0.904405
s4g15,4,1,2,Dave,Carrot,0,0.000054,0.576750
s4g16,4,1,2,Eve,Carrot,0,0.007487,0.999740
s4g17,4,1,2,Bob,Carrot,0,0.000215,0.782103
s4g18,4,1,2,Charlie,Carrot,0,0.000677,0.948811
s4g19,4,1,2,Alice,Carrot,0,0.000049,0.995537
s0g0,0,1,3,Alice,Carrot,0,0.000072,0.914703
s0g1,0,1,3,Eve,Carrot,0,0.000290,0.704154
s0g2,0,1,3,Dave,Parsnip,0,0.000885,0.997767
s0g3,0,1,3,Alice,Carrot,0,0.000004,0.443950
s0g4,0,1,3,Dave,Carrot,0,0.014166,0.933701
s0g5,0,1,3,Dave,Carrot,0,0.001432,0.991779
s0g6,0,1,3,Charlie,Carrot,0,0.000507,0.727313
s0g7,0,1,3,Eve,Carrot,0,0.003776,0.985501
s0g8,0,1,3,Charlie,Parsnip,0,0.027145,0.999520
s0g9,0,1,3,Alice,Parsnip,0,0.002304,0.999629
s0g10,0,1,3,Dave,Carrot,0,0.000393,0.991821
s0g11,0,1,3,Bob,Carrot,0,0.015932,0.829182
s0g12,0,1,3,Charlie,Parsnip,0,0.019694,0.999353
s0g13,0,1,3,Alice,Carrot,0,0.012450,0.976761
s0g14,0,1,3,Bob,Carrot,0,0.000055,0.967953
s0g15,0,1,3,Alice,Parsnip,0,0.004699,0.999215
s0g16,0,1,3,Dave,Carrot,0,0.003738,0.999589
s0g17,0,1,3,Bob,Carrot,0,0.005707,0.955568
s0g18,0,1,3,Dave,Carrot,0,0.000135,0.973411
s0g19,0,1,3,Dave,Parsnip,0,0.014379,0.998958
s1g0,1,1,3,Bob,Carrot,0,0.000308,0.996644
s1g1,1,1,3,Charlie,Parsnip,0,0.003712,0.999366
s1g2,1,1,3,Charlie,Carrot,0,0.001931,0.986310
s1g3,1,1,3,Bob,Carrot,0,0.001024,0.841244
s1g4,1,1,3,Alice,Carrot,0,0.000414,0.961397
s1g5,1,1,3,Eve,Carrot,0,0.005483,0.996268
s1g6,1,1,3,Bob,Carrot,0,0.000220,0.837160
s1g7,1,1,3,Charlie,Carrot,0,0.000021,0.998460
s1g8,1,1,3,Eve,Parsnip,0,0.075481,0.999734
s1g9,1,1,3,Charlie,Parsnip,0,0.052120,0.999724
s1g10,1,1,3,Alice,Carrot,0,0.000729,0.904788
s1g11,1,1,3,Charlie,Carrot,0,0.006751,0.986983
s1g12,1,1,3,Bob,Carrot,0,0.065261,0.967981
s1g13,1,1,3,Alice,Carrot,0,0.000235,0.989949
s1g14,1,1,3,Dave,Carrot,0,0.000400,0.996593
s1g15,1,1,3,Bob,Carrot,0,0.000087,0.995234
s1g16,1,1,3,Bob,Carrot,0,0.004415,0.963756
s1g17,1,1,3,Bob,Carrot,0,0.000269,0.406075
s1g18,1,1,3,Eve,Carrot,0,0.060659,0.981752
s1g19,1,1,3,Charlie,Parsnip,0,0.003919,0.998588
s2g0,2,1,3,Charlie,Carrot,0,0.000458,0.505169
s2g1,2,1,3,Eve,Parsnip,0,0.048358,0.999783
s2g2,2,1,3,Dave,Carrot,0,0.000002,0.904430
s2g3,2,1,3,Alice,Parsnip,0,0.004094,0.999753
s2g4,2,1,3,Eve,Parsnip,0,0.033913,0.999465
s2g5,2,1,3,Bob,Carrot,0,0.000670,0.996468
s2g6,2,1,3,Bob,Carrot,0,0.000198,0.967878
s2g7,2,1,3,Eve,Carrot,0,0.000173,0.979369
s2g8,2,1,3,Eve,Carrot,0,0.000935,0.968319
s2g9,2,1,3,Charlie,Carrot,0,0.000012,0.754729
s2g10,2,1,3,Dave,Carrot,0,0.000577,0.981861
s2g11,2,1,3,Bob,Carrot,0,0.009360,0.997724
s2g12,2,1,3,Alice,Carrot,0,0.000601,0.992428
s2g13,2,1,3,Bob,Carrot,0,0.000244,0.980815
s2g14,2,1,3,Alice,Parsnip,0,0.077031,0.998210
s2g15,2,1,3,Eve,Carrot,0,0.000707,0.967824
s2g16,2,1,3,Eve,Carrot,0,0.000011,0.810302
s2g17,2,1,3,Charlie,Parsnip,0,0.000618,0.999757
s2g18,2,1,3,Eve,Parsnip,0,0.170835,0.999860
s2g19,2,1,3,Alice,Carrot,0,0.000245,0.983910
s3g0,3,1,3,Dave,Carrot,0,0.000009,0.216263
s3g1,3,1,3,Alice,Parsnip,0,0.003122,0.998820
s3g2,3,1,3,Bob,Carrot,0,0.013928,0.991323
s3g3,3,1,3,Bob,Carrot,0,0.000183,0.811583
s3g4,3,1,3,Alice,Carrot,0,0.004626,0.943443
s3g5,3,1,3,Dave,Carrot,0,0.000012,0.954374
s3g6,3,1,3,Charlie,Carrot,0,0.000003,0.500826
s3g7,3,1,3,Eve,Carrot,0,0.000516,0.991678
s3g8,3,1,3,Bob,Parsnip,0,0.018210,0.984933
s3g9,3,1,3,Bob,Carrot,0,0.000055,0.008674
s3g10,3,1,3,Dave,Carrot,0,0.000579,0.678349
s3g11,3,1,3,Dave,Parsnip,0,0.078760,0.998682
s3g12,3,1,3,Charlie,Carrot,0,0.000010,0.823056
s3g13,3,1,3,Bob,Carrot,0,0.000051,0.772344
s3g14,3,1,3,Eve,Carrot,0,0.003738,0.965125
s3g15,3,1,3,Charlie,Carrot,0,0.000038,0.965773
s3g16,3,1,3,Bob,Carrot,0,0.000025,0.956124
s3g17,3,1,3,Charlie,Carrot,0,0.000002,0.886829
s3g18,3,1,3,Bob,Carrot,0,0.000023,0.945435
s3g19,3,1,3,Bob,Parsnip,0,0.020942,0.999705
s4g0,4,1,3,Eve,Carrot,0,0.000043,0.020857
s4g1,4,1,3,Alice,Carrot,0,0.009485,0.978514
s4g2,4,1,3,Eve,Carrot,0,0.000020,0.905718
s4g3,4,1,3,Bob,Carrot,0,0.000035,0.911408
s4g4,4,1,3,Alice,Parsnip,0,0.278394,0.999881
s4g5,4,1,3,Bob,Parsnip,0,0.015884,0.994890
s4g6,4,1,3,Eve,Parsnip,0,0.013313,0.999695
s4g7,4,1,3,Dave,Carrot,0,0.000196,0.912389
s4g8,4,1,3,Eve,Parsnip,0,0.007377,0.992362
s4g9,4,1,3,Charlie,Parsnip,0,0.001060,0.997442
s4g10,4,1,3,Alice,Carrot,0,0.001486,0.984484
s4g11,4,1,3,Alice,Carrot,0,0.007187,0.986857
s4g12,4,1,3,Eve,Carrot,0,0.000010,0.284564
s4g13,4,1,3,Bob,Carrot,0,0.000018,0.600040
s4g14,4,1,3,Charlie,Carrot,0,0.000342,0.951922
s4g15,4,1,3,Charlie,Carrot,0,0.000005,0.178338
s4g16,4,1,3,Dave,Carrot,0,0.002740,0.996152
s4g17,4,1,3,Eve,Carrot,0,0.000808,0.823536
s4g18,4,1,3,Eve,Carrot,0,0.000208,0.857122
s4g19,4,1,3,Charlie,Parsnip,0,0.021610,0.999428
s0g0,0,1,4,Dave,Parsnip,0,0.003100,0.999819
s0g1,0,1,4,Alice,Carrot,0,0.011849,0.982506
s0g2,0,1,4,Bob,Carrot,0,0.000009,0.975968
s0g3,0,1,4,Bob,Carrot,0,0.000294,0.869073
s0g4,0,1,4,Charlie,Carrot,0,0.000069,0.540383
s0g5,0,1,4,Alice,Carrot,0,0.000758,0.846517
s0g6,0,1,4,Eve,Parsnip,0,0.019256,0.994411
s0g7,0,1,4,Charlie,Carrot,0,0.002151,0.966878
s0g8,0,1,4,Alice,Carrot,0,0.001236,0.731669
s0g9,0,1,4,Charlie,Carrot,0,0.000017,0.943073
s0g10,0,1,4,Alice,Carrot,0,0.000099,0.943270
s0g11,0,1,4,Alice,Carrot,0,0.000240,0.523631
s0g12,0,1,4,Eve,Carrot,0,0.000583,0.979567
s0g13,0,1,4,Bob,Carrot,0,0.000763,0.979217
s0g14,0,1,4,Charlie,Carrot,0,0.002159,0.995124
s0g15,0,1,4,Dave,Carrot,0,0.000132,0.928659
s0g16,0,1,4,Eve,Carrot,0,0.001731,0.521361
s0g17,0,1,4,Charlie,Carrot,0,0.000011,0.724934
s0g18,0,1,4,Eve,Carrot,0,0.002635,0.994257
s0g19,0,1,4,Bob,Carrot,0,0.000013,0.549063
s1g0,1,1,4,Charlie,Carrot,0,0.000182,0.980627
s1g1,1,1,4,Alice,Carrot,0,0.000176,0.657691
s1g2,1,1,4,Dave,Carrot,0,0.000028,0.872150
s1g3,1,1,4,Charlie,Carrot,0,0.000522,0.927602
s1g4,1,1,4,Charlie,Carrot,0,0.000263,0.461643
s1g5,1,1,4,Dave,Parsnip,0,0.524440,0.998163
s1g6,1,1,4,Eve,Carrot,0,0.000266,0.957021
s1g7,1,1,4,Bob,Parsnip,0,0.004313,0.997473
s1g8,1,1,4,Alice,Carrot,0,0.000802,0.836165
s1g9,1,1,4,Eve,Carrot,0,0.000448,0.969757
s1g10,1,1,4,Bob,Carrot,0,0.002991,0.945576
s1g11,1,1,4,Eve,Carrot,0,0.000058,0.936362
s1g12,1,1,4,Eve,Carrot,0,0.001048,0.224681
s1g13,1,1,4,Dave,Carrot,0,0.000026,0.880230
s1g14,1,1,4,Bob,Carrot,0,0.004103,0.788604
s1g15,1,1,4,Eve,Carrot,0,0.001085,0.889446
s1g16,1,1,4,Alice,Carrot,0,0.002092,0.882716
s1g17,1,1,4,Dave,Parsnip,0,0.010417,0.996566
s1g18,1,1,4,Bob,Carrot,0,0.000782,0.826768
s1g19,1,1,4,Dave,Carrot,0,0.000101,0.946749
s2g0,2,1,4,Eve,Carrot,0,0.000415,0.911333
s2g1,2,1,4,Charlie,Carrot,0,0.000259,0.990808
s2g2,2,1,4,Eve,Carrot,0,0.000002,0.150179
s2g3,2,1,4,Charlie,Carrot,0,0.009159,0.988521
s2g4,2,1,4,Dave,Carrot,0,0.000041,0.724133
s2g5,2,1,4,Eve,Carrot,0,0.000320,0.962691
s2g6,2,1,4,Alice,Carrot,0,0.001282,0.571584
s2g7,2,1,4,Charlie,Parsnip,0,0.027468,0.996585
s2g8,2,1,4,Bob,Carrot,0,0.000245,0.859695
s2g9,2,1,4,Alice,Parsnip,0,0.000696,0.925657
s2g10,2,1,4,Eve,Carrot,0,0.001587,0.986892
s2g11,2,1,4,Dave,Carrot,0,0.001769,0.993279
s2g12,2,1,4,Dave,Carrot,0,0.008149,0.996366
s2g13,2,1,4,Eve,Carrot,0,0.000312,0.944291
s2g14,2,1,4,Charlie,Carrot,0,0.003008,0.213373
s2g15,2,1,4,Dave,Parsnip,0,0.012581,0.998924
s2g16,2,1,4,Charlie,Parsnip,0,0.003291,0.995156
s2g17,2,1,4,Bob,Carrot,0,0.000000,0.269428
s2g18,2,1,4,Bob,Carrot,0,0.013623,0.953366
s2g19,2,1,4,Dave,Parsnip,0,0.048388,0.996892
s3g0,3,1,4,Charlie,Carrot,0,0.000007,0.021684
s3g1,3,1,4,Eve,Carrot,0,0.001285,0.892100
s3g2,3,1,4,Dave,Carrot,0,0.000243,0.996122
s3g3,3,1,4,Eve,Parsnip,0,0.002888,0.990635
s3g4,3,1,4,Bob,Carrot,0,0.005240,0.247192
s3g5,3,1,4,Charlie,Carrot,0,0.000003,0.169472
s3g6,3,1,4,Dave,Carrot,0,0.000000,0.013338
s3g7,3,1,4,Dave,Carrot,0,0.000016,0.883670
s3g8,3,1,4,Charlie,Carrot,0,0.001062,0.340256
s3g9,3,1,4,Alice,Carrot,0,0.000047,0.028623
s3g10,3,1,4,Alice,Carrot,0,0.000537,0.933856
s3g11,3,1,4,Alice,Carrot,0,0.000252,0.549494
s3g12,3,1,4,Dave,Carrot,0,0.000430,0.976247
s3g13,3,1,4,Eve,Carrot,0,0.000032,0.030228
s3g14,3,1,4,Charlie,Carrot,0,0.000613,0.263620
s3g15,3,1,4,Eve,Parsnip,0,0.001686,0.999400
s3g16,3,1,4,Dave,Carrot,0,0.000006,0.853037
s3g17,3,1,4,Bob,Parsnip,0,0.006866,0.997421
s3g18,3,1,4,Alice,Carrot,0,0.001294,0.880436
s3g19,3,1,4,Charlie,Carrot,0,0.000218,0.747157
s4g0,4,1,4,Charlie,Carrot,0,0.000826,0.957267
s4g1,4,1,4,Eve,Carrot,0,0.002373,0.680607
s4g2,4,1,4,Charlie,Carrot,0,0.000253,0.968143
s4g3,4,1,4,Charlie,Carrot,0,0.000106,0.935584
s4g4,4,1,4,Dave,Carrot,0,0.000028,0.946593
s4g5,4,1,4,Dave,Carrot,0,0.037921,0.996966
s4g6,4,1,4,Bob,Carrot,0,0.000210,0.977674
s4g7,4,1,4,Alice,Parsnip,0,0.055203,0.999544
s4g8,4,1,4,Alice,Carrot,0,0.000540,0.262072
s4g9,4,1,4,Bob,Carrot,0,0.000002,0.127868
s4g10,4,1,4,Dave,Carrot,0,0.000055,0.975536
s4g11,4,1,4,Charlie,Carrot,0,0.000252,0.972735
s4g12,4,1,4,Alice,Parsnip,0,0.000140,0.693438
s4g13,4,1,4,Eve,Carrot,0,0.000004,0.798496
s4g14,4,1,4,Eve,Parsnip,0,0.004901,0.996267
s4g15,4,1,4,Bob,Carrot,0,0.000018,0.453913
s4g16,4,1,4,Alice,Parsnip,0,0.117401,0.999588
s4g17,4,1,4,Alice,Carrot,0,0.001084,0.800755
s4g18,4,1,4,Dave,Carrot,0,0.000123,0.968708
s4g19,4,1,4,Eve,Carrot,0,0.000520,0.807952
s0g0,0,2,0,Charlie,Carrot,0,0.000003,0.216384
s0g1,0,2,0,Dave,Carrot,0,0.000994,0.941589
s0g2,0,2,0,Dave,Parsnip,0,0.053170,0.999769
s0g3,0,2,0,Dave,Parsnip,0,0.001356,0.975818
s0g4,0,2,0,Dave,Carrot,0,0.001357,0.585883
s0g5,0,2,0,Dave,Carrot,0,0.000047,0.775567
s0g6,0,2,0,Dave,Carrot,0,0.000479,0.798628
s0g7,0,2,0,Alice,Parsnip,0,0.002718,0.979574
s0g8,0,2,0,Eve,Carrot,0,0.000161,0.014946
s0g9,0,2,0,Dave,Carrot,0,0.000050,0.471246
s0g10,0,2,0,Eve,Parsnip,0,0.098990,0.999776
s0g11,0,2,0,Bob,Carrot,0,0.000321,0.429890
s0g12,0,2,0,Bob,Carrot,0,0.000391,0.087611
s0g13,0,2,0,Charlie,Carrot,0,0.010204,0.920189
s0g14,0,2,0,Dave,Carrot,0,0.000987,0.540746
s0g15,0,2,0,Charlie,Carrot,0,0.002445,0.964490
s0g16,0,2,0,Alice,Carrot,0,0.002959,0.586480
s0g17,0,2,0,Alice,Carrot,0,0.000047,0.334890
s0g18,0,2,0,Bob,Parsnip,0,0.000045,0.934772
s0g19,0,2,0,Dave,Parsnip,0,0.003057,0.946926
s1g0,1,2,0,Dave,Carrot,0,0.000080,0.896067
s1g1,1,2,0,Eve,Carrot,0,0.000258,0.385245
s1g2,1,2,0,Alice,Carrot,0,0.000005,0.086824
s1g3,1,2,0,Eve,Carrot,0,0.000505,0.512486
s1g4,1,2,0,Alice,Carrot,0,0.000075,0.282873
s1g5,1,2,0,Alice,Carrot,0,0.003207,0.884774
s1g6,1,2,0,Bob,Carrot,0,0.000004,0.123188
s1g7,1,2,0,Charlie,Carrot,0,0.000489,0.994608
s1g8,1,2,0,Bob,Carrot,0,0.000096,0.425037
s1g9,1,2,0,Charlie,Parsnip,0,0.254875,0.999457
s1g10,1,2,0,Eve,Parsnip,0,0.628952,0.999667
s1g11,1,2,0,Alice,Carrot,0,0.000099,0.216263
s1g12,1,2,0,Bob,Carrot,0,0.001586,0.496205
s1g13,1,2,0,Eve,Carrot,0,0.000017,0.578455
s1g14,1,2,0,Eve,Parsnip,0,0.192149,0.997445
s1g15,1,2,0,Bob,Carrot,0,0.000326,0.554486
s1g16,1,2,0,Charlie,Parsnip,0,0.126181,0.998857
s1g17,1,2,0,Bob,Carrot,0,0.000017,0.793420
s1g18,1,2,0,Alice,Carrot,0,0.000101,0.150041
s1g19,1,2,0,Bob,Carrot,0,0.000669,0.428775
s2g0,2,2,0,Alice,Parsnip,0,0.004284,0.974651
s2g1,2,2,0,Bob,Carrot,0,0.000079,0.280675
s2g2,2,2,0,Bob,Parsnip,0,0.001200,0.997301
s2g3,2,2,0,Bob,Carrot,0,0.002344,0.390100
s2g4,2,2,0,Charlie,Carrot,0,0.000022,0.746016
s2g5,2,2,0,Dave,Carrot,0,0.000002,0.416526
s2g6,2,2,0,Bob,Carrot,0,0.000034,0.270238
s2g7,2,2,0,Bob,Carrot,0,0.000094,0.213829
s2g8,2,2,0,Eve,Carrot,0,0.000054,0.883830
s2g9,2,2,0,Dave,Carrot,0,0.000071,0.690212
s2g10,2,2,0,Dave,Carrot,0,0.004312,0.975836
s2g11,2,2,0,Eve,Parsnip,0,0.209898,0.997933
s2g12,2,2,0,Alice,Carrot,0,0.000098,0.471926
s2g13,2,2,0,Dave,Carrot,0,0.000795,0.781631
s2g14,2,2,0,Alice,Parsnip,0,0.095970,0.994656
s2g15,2,2,0,Charlie,Carrot,0,0.000001,0.930281
s2g16,2,2,0,Dave,Carrot,0,0.000182,0.404491
s2g17,2,2,0,Dave,Carrot,0,0.000042,0.766372
s2g18,2,2,0,Dave,Carrot,0,0.000159,0.716023
s2g19,2,2,0,Charlie,Carrot,0,0.000009,0.643641
s3g0,3,2,0,Alice,Carrot,0,0.000014,0.142761
s3g1,3,2,0,Dave,Carrot,0,0.000047,0.537660
s3g2,3,2,0,Eve,Carrot,0,0.000007,0.236380
s3g3,3,2,0,Dave,Carrot,0,0.010540,0.689560
s3g4,3,2,0,Alice,Carrot,0,0.000176,0.157929
s3g5,3,2,0,Dave,Carrot,0,0.000003,0.567940
s3g6,3,2,0,Alice,Carrot,0,0.000024,0.036448
s3g7,3,2,0,Eve,Carrot,0,0.000104,0.792606
s3g8,3,2,0,Alice,Carrot,0,0.000002,0.019277
s3g9,3,2,0,Dave,Carrot,0,0.000059,0.413548
s3g10,3,2,0,Bob,Carrot,0,0.000049,0.138513
s3g11,3,2,0,Charlie,Carrot,0,0.000037,0.219614
s3g12,3,2,0,Bob,Carrot,0,0.000187,0.412437
s3g13,3,2,0,Dave,Carrot,0,0.000205,0.085286
s3g14,3,2,0,Eve,Carrot,0,0.000014,0.289186
s3g15,3,2,0,Alice,Carrot,0,0.000044,0.534578
s3g16,3,2,0,Alice,Parsnip,0,0.006205,0.968760
s3g17,3,2,0,Eve,Carrot,0,0.000004,0.140223
s3g18,3,2,0,Charlie,Parsnip,0,0.091804,0.993103
s3g19,3,2,0,Bob,Parsnip,0,0.002063,0.204592
s4g0,4,2,0,Dave,Parsnip,0,0.045832,0.986809
s4g1,4,2,0,Charlie,Parsnip,0,0.540437,0.998186
s4g2,4,2,0,Dave,Parsnip,0,0.080562,0.998251
s4g3,4,2,0,Dave,Parsnip,0,0.017941,0.995313
s4g4,4,2,0,Alice,Parsnip,0,0.099269,0.992846
s4g5,4,2,0,Bob,Parsnip,0,0.457175,0.997870
s4g6,4,2,0,Dave,Carrot,0,0.002489,0.942385
s4g7,4,2,0,Dave,Carrot,0,0.004944,0.591179
s4g8,4,2,0,Eve,Parsnip,0,0.015326,0.998607
s4g9,4,2,0,Eve,Carrot,0,0.000071,0.626833
s4g10,4,2,0,Eve,Carrot,0,0.001218,0.858089
s4g11,4,2,0,Alice,Carrot,0,0.000030,0.644759
s4g12,4,2,0,Charlie,Carrot,0,0.000175,0.860429
s4g13,4,2,0,Charlie,Carrot,0,0.000001,0.023715
s4g14,4,2,0,Charlie,Carrot,0,0.000073,0.129134
s4g15,4,2,0,Charlie,Carrot,0,0.000224,0.163265
s4g16,4,2,0,Eve,Carrot,0,0.001746,0.902563
s4g17,4,2,0,Charlie,Carrot,0,0.000002,0.367904
s4g18,4,2,0,Alice,Parsnip,0,0.001728,0.929405
s4g19,4,2,0,Charlie,Parsnip,0,0.289902,0.933591
s0g0,0,2,1,Bob,Carrot,0,0.000014,0.769684
s0g1,0,2,1,Bob,Carrot,0,0.000003,0.410797
s0g2,0,2,1,Alice,Carrot,0,0.000456,0.490691
s0g3,0,2,1,Bob,Carrot,0,0.000016,0.112327
s0g4,0,2,1,Bob,Parsnip,0,0.018681,0.934475
s0g5,0,2,1,Bob,Carrot,0,0.000005,0.143777
s0g6,0,2,1,Alice,Carrot,0,0.000153,0.204724
s0g7,0,2,1,Dave,Carrot,0,0.000309,0.736789
s0g8,0,2,1,Bob,Carrot,0,0.000026,0.071068
s0g9,0,2,1,Bob,Carrot,0,0.000075,0.781210
s0g10,0,2,1,Charlie,Carrot,0,0.000143,0.424173
s0g11,0,2,1,Alice,Carrot,0,0.000059,0.801098
s0g12,0,2,1,Eve,Carrot,0,0.000001,0.159520
s0g13,0,2,1,Eve,Carrot,0,0.000721,0.955899
s0g14,0,2,1,Charlie,Carrot,0,0.000002,0.073387
s0g15,0,2,1,Alice,Parsnip,0,0.002289,0.984463
s0g16,0,2,1,Bob,Parsnip,0,0.348905,0.989117
s0g17,0,2,1,Eve,Parsnip,0,0.000525,0.707142
s0g18,0,2,1,Eve,Carrot,0,0.000008,0.429796
s0g19,0,2,1,Charlie,Carrot,0,0.000008,0.123967
s1g0,1,2,1,Alice,Parsnip,0,0.000455,0.875384
s1g1,1,2,1,Dave,Carrot,0,0.000061,0.441663
s1g2,1,2,1,Eve,Parsnip,0,0.000559,0.894228
s1g3,1,2,1,Bob,Carrot,0,0.000012,0.296060
s1g4,1,2,1,Charlie,Carrot,0,0.000001,0.159245
s1g5,1,2,1,Eve,Carrot,0,0.012254,0.708141
s1g6,1,2,1,Eve,Carrot,0,0.000013,0.401637
s1g7,1,2,1,Alice,Carrot,0,0.000009,0.064648
s1g8,1,2,1,Dave,Carrot,0,0.000015,0.566699
s1g9,1,2,1,Alice,Carrot,0,0.000009,0.242168
s1g10,1,2,1,Alice,Carrot,0,0.000459,0.260343
s1g11,1,2,1,Charlie,Carrot,0,0.003791,0.603378
s1g12,1,2,1,Charlie,Carrot,0,0.000006,0.529852
s1g13,1,2,1,Bob,Carrot,0,0.000040,0.943509
s1g14,1,2,1,Dave,Carrot,0,0.000019,0.594062
s1g15,1,2,1,Alice,Parsnip,0,0.001782,0.675759
s1g16,1,2,1,Dave,Carrot,0,0.000144,0.624894
s1g17,1,2,1,Charlie,Carrot,0,0.000176,0.581062
s1g18,1,2,1,Bob,Carrot,0,0.000028,0.065031
s1g19,1,2,1,Alice,Carrot,0,0.000153,0.759785
s2g0,2,2,1,Dave,Carrot,0,0.000105,0.306826
s2g1,2,2,1,Alice,Carrot,0,0.001529,0.915411
s2g2,2,2,1,Charlie,Carrot,0,0.000018,0.517091
s2g3,2,2,1,Dave,Carrot,0,0.000039,0.040327
s2g4,2,2,1,Dave,Carrot,0,0.000002,0.038579
s2g5,2,2,1,Eve,Carrot,0,0.000001,0.275804
s2g6,2,2,1,Charlie,Carrot,0,0.000003,0.042656
s2g7,2,2,1,Eve,Carrot,0,0.000039,0.453844
s2g8,2,2,1,Charlie,Carrot,0,0.000130,0.883166
s2g9,2,2,1,Charlie,Carrot,0,0.000143,0.909892
s2g10,2,2,1,Eve,Carrot,0,0.000912,0.986327
s2g11,2,2,1,Bob,Carrot,0,0.001778,0.130940
s2g12,2,2,1,Bob,Parsnip,0,0.000731,0.970464
s2g13,2,2,1,Alice,Parsnip,0,0.001120,0.877735
s2g14,2,2,1,Eve,Carrot,0,0.000312,0.668153
s2g15,2,2,1,Dave,Parsnip,0,0.000923,0.708482
s2g16,2,2,1,Eve,Carrot,0,0.000022,0.756126
s2g17,2,2,1,Bob,Carrot,0,0.000005,0.456190
s2g18,2,2,1,Charlie,Carrot,0,0.000044,0.143043
s2g19,2,2,1,Dave,Parsnip,0,0.005415,0.985960
s3g0,3,2,1,Charlie,Carrot,0,0.000004,0.072317
s3g1,3,2,1,Charlie,Carrot,0,0.000012,0.584495
s3g2,3,2,1,Bob,Carrot,0,0.000001,0.014981
s3g3,3,2,1,Charlie,Carrot,0,0.000342,0.657749
s3g4,3,2,1,Eve,Carrot,0,0.000007,0.425772
s3g5,3,2,1,Charlie,Carrot,1,0.076383,0.553551
s3g6,3,2,1,Charlie,Carrot,0,0.000064,0.558971
s3g7,3,2,1,Bob,Carrot,0,0.000186,0.649728
s3g8,3,2,1,Bob,Parsnip,0,0.000309,0.321571
s3g9,3,2,1,Alice,Carrot,0,0.000016,0.053317
s3g10,3,2,1,Eve,Parsnip,0,0.000388,0.881636
s3g11,3,2,1,Dave,Parsnip,0,0.004204,0.978156
s3g12,3,2,1,Alice,Parsnip,0,0.000803,0.928680
s3g13,3,2,1,Charlie,Parsnip,0,0.017126,0.755647
s3g14,3,2,1,Dave,Carrot,0,0.000010,0.164493
s3g15,3,2,1,Dave,Carrot,0,0.000098,0.935705
s3g16,3,2,1,Bob,Carrot,0,0.000199,0.596298
s3g17,3,2,1,Alice,Carrot,0,0.000005,0.214377
s3g18,3,2,1,Dave,Carrot,0,0.000028,0.304106
s3g19,3,2,1,Dave,Carrot,0,0.000007,0.057334
s4g0,4,2,1,Bob,Carrot,0,0.000054,0.073552
s4g1,4,2,1,Eve,Carrot,0,0.007969,0.758742
s4g2,4,2,1,Eve,Carrot,0,0.000601,0.947048
s4g3,4,2,1,Eve,Carrot,0,0.000024,0.387592
s4g4,4,2,1,Eve,Carrot,0,0.000095,0.951819
s4g5,4,2,1,Dave,Carrot,0,0.001296,0.933176
s4g6,4,2,1,Charlie,Carrot,0,0.000245,0.413237
s4g7,4,2,1,Alice,Parsnip,0,0.004914,0.859821
s4g8,4,2,1,Alice,Carrot,0,0.000261,0.474014
s4g9,4,2,1,Bob,Carrot,0,0.000093,0.723032
s4g10,4,2,1,Alice,Carrot,0,0.000510,0.340912
s4g11,4,2,1,Bob,Parsnip,0,0.000585,0.648782
s4g12,4,2,1,Alice,Parsnip,0,0.212068,0.998017
s4g13,4,2,1,Dave,Carrot,0,0.000011,0.482239
s4g14,4,2,1,Eve,Parsnip,0,0.006212,0.966849
s4g15,4,2,1,Dave,Carrot,0,0.000098,0.816946
s4g16,4,2,1,Alice,Parsnip,0,0.001054,0.860468
s4g17,4,2,1,Alice,Carrot,0,0.000058,0.752318
s4g18,4,2,1,Charlie,Carrot,0,0.002176,0.850364
s4g19,4,2,1,Eve,Carrot,0,0.000060,0.736269
s0g0,0,2,2,Alice,Carrot,0,0.000008,0.682754
s0g1,0,2,2,Alice,Carrot,0,0.000366,0.116528
s0g2,0,2,2,Eve,Carrot,0,0.000023,0.098828
s0g3,0,2,2,Charlie,Carrot,0,0.000002,0.029749
s0g4,0,2,2,Charlie,Carrot,0,0.000054,0.131119
s0g5,0,2,2,Alice,Carrot,0,0.000009,0.104673
s0g6,0,2,2,Bob,Carrot,0,0.000013,0.030898
s0g7,0,2,2,Bob,Carrot,0,0.000415,0.782972
s0g8,0,2,2,Dave,Carrot,0,0.000012,0.414267
s0g9,0,2,2,Charlie,Carrot,0,0.000003,0.129846
s0g10,0,2,2,Alice,Carrot,0,0.000003,0.178747
s0g11,0,2,2,Dave,Parsnip,0,0.008142,0.996038
s0g12,0,2,2,Dave,Carrot,0,0.000000,0.022979
s0g13,0,2,2,Alice,Carrot,0,0.000383,0.691996
s0g14,0,2,2,Eve,Carrot,0,0.000019,0.233264
s0g15,0,2,2,Eve,Carrot,0,0.000203,0.683303
s0g16,0,2,2,Eve,Carrot,0,0.000279,0.280202
s0g17,0,2,2,Dave,Carrot,0,0.000200,0.826956
s0g18,0,2,2,Alice,Carrot,0,0.000043,0.058868
s0g19,0,2,2,Alice,Carrot,0,0.000020,0.895124
s1g0,1,2,2,Bob,Carrot,0,0.000007,0.253322
s1g1,1,2,2,Bob,Carrot,0,0.000035,0.157202
s1g2,1,2,2,Bob,Carrot,0,0.000003,0.067004
s1g3,1,2,2,Alice,Parsnip,0,0.001798,0.891960
s1g4,1,2,2,Eve,Carrot,0,0.000180,0.234541
s1g5,1,2,2,Charlie,Carrot,0,0.001178,0.893715
s1g6,1,2,2,Dave,Carrot,0,0.000014,0.017513
s1g7,1,2,2,Eve,Carrot,0,0.000122,0.973014
s1g8,1,2,2,Alice,Carrot,0,0.000002,0.214594
s1g9,1,2,2,Bob,Carrot,0,0.000013,0.171823
s1g10,1,2,2,Dave,Carrot,0,0.000210,0.514112
s1g11,1,2,2,Bob,Carrot,0,0.000092,0.205714
s1g12,1,2,2,Eve,Carrot,0,0.000896,0.342383
s1g13,1,2,2,Dave,Carrot,0,0.000009,0.566176
s1g14,1,2,2,Alice,Carrot,0,0.000010,0.195458
s1g15,1,2,2,Charlie,Carrot,0,0.000028,0.486749
s1g16,1,2,2,Alice,Carrot,0,0.000021,0.034004
s1g17,1,2,2,Alice,Carrot,0,0.000060,0.656860
s1g18,1,2,2,Charlie,Carrot,0,0.000233,0.877777
s1g19,1,2,2,Eve,Carrot,0,0.000032,0.460696
s2g0,2,2,2,Charlie,Carrot,0,0.000012,0.680293
s2g1,2,2,2,Dave,Carrot,0,0.000062,0.915872
s2g2,2,2,2,Eve,Carrot,0,0.000041,0.443949
s2g3,2,2,2,Charlie,Carrot,0,0.000001,0.027028
s2g4,2,2,2,Bob,Carrot,0,0.000006,0.241199
s2g5,2,2,2,Alice,Carrot,0,0.000009,0.444810
s2g6,2,2,2,Eve,Parsnip,0,0.000266,0.985992
s2g7,2,2,2,Dave,Carrot,0,0.000032,0.279885
s2g8,2,2,2,Bob,Carrot,0,0.000036,0.824589
s2g9,2,2,2,Bob,Carrot,0,0.000026,0.495519
s2g10,2,2,2,Alice,Carrot,0,0.002500,0.840095
s2g11,2,2,2,Dave,Carrot,0,0.000663,0.301274
s2g12,2,2,2,Dave,Carrot,0,0.000029,0.335528
s2g13,2,2,2,Eve,Carrot,0,0.000024,0.530307
s2g14,2,2,2,Charlie,Carrot,0,0.000196,0.670915
s2g15,2,2,2,Bob,Carrot,0,0.000004,0.013613
s2g16,2,2,2,Alice,Carrot,0,0.000080,0.682500
s2g17,2,2,2,Alice,Carrot,0,0.000003,0.240595
s2g18,2,2,2,Alice,Carrot,0,0.000019,0.297637
s2g19,2,2,2,Alice,Carrot,0,0.000016,0.300523
s3g0,3,2,2,Eve,Carrot,0,0.000003,0.031264
s3g1,3,2,2,Alice,Parsnip,0,0.016062,0.968018
s3g2,3,2,2,Charlie,Carrot,0,0.000032,0.418474
s3g3,3,2,2,Eve,Parsnip,0,0.001563,0.985873
s3g4,3,2,2,Bob,Carrot,0,0.000004,0.289591
s3g5,3,2,2,Alice,Parsnip,0,0.000005,0.174417
s3g6,3,2,2,Eve,Parsnip,0,0.000991,0.836808
s3g7,3,2,2,Dave,Carrot,0,0.000137,0.751432
s3g8,3,2,2,Eve,Carrot,0,0.000011,0.113148
s3g9,3,2,2,Charlie,Parsnip,0,0.001544,0.832775
s3g10,3,2,2,Alice,Carrot,0,0.000041,0.162239
s3g11,3,2,2,Alice,Carrot,0,0.000003,0.131623
s3g12,3,2,2,Charlie,Carrot,0,0.000043,0.330833
s3g13,3,2,2,Bob,Carrot,0,0.000029,0.109546
s3g14,3,2,2,Alice,Carrot,0,0.000011,0.426211
s3g15,3,2,2,Eve,Parsnip,0,0.001850,0.846278
s3g16,3,2,2,Dave,Carrot,0,0.000139,0.548868
s3g17,3,2,2,Dave,Carrot,0,0.000030,0.141732
s3g18,3,2,2,Bob,Carrot,0,0.000015,0.698153
s3g19,3,2,2,Eve,Carrot,0,0.000002,0.031597
s4g0,4,2,2,Eve,Carrot,0,0.000074,0.101375
s4g1,4,2,2,Alice,Carrot,0,0.000156,0.243835
s4g2,4,2,2,Bob,Carrot,0,0.000058,0.103249
s4g3,4,2,2,Charlie,Carrot,0,0.000009,0.032715
s4g4,4,2,2,Dave,Carrot,0,0.000007,0.229912
s4g5,4,2,2,Alice,Carrot,0,0.000034,0.190069
s4g6,4,2,2,Bob,Carrot,0,0.000035,0.507839
s4g7,4,2,2,Bob,Carrot,0,0.000181,0.733122
s4g8,4,2,2,Dave,Carrot,0,0.000064,0.570547
s4g9,4,2,2,Charlie,Parsnip,0,0.000703,0.457418
s4g10,4,2,2,Charlie,Carrot,0,0.000003,0.275636
s4g11,4,2,2,Eve,Carrot,0,0.000002,0.080287
s4g12,4,2,2,Bob,Carrot,0,0.000022,0.315013
s4g13,4,2,2,Alice,Parsnip,0,0.014267,0.981311
s4g14,4,2,2,Dave,Carrot,0,0.000217,0.257062
s4g15,4,2,2,Alice,Carrot,0,0.000007,0.029831
s4g16,4,2,2,Bob,Carrot,0,0.000250,0.382689
s4g17,4,2,2,Bob,Carrot,0,0.000068,0.659121
s4g18,4,2,2,Bob,Carrot,0,0.000109,0.665787
s4g19,4,2,2,Dave,Carrot,0,0.000033,0.319007
s0g0,0,2,3,Eve,Carrot,0,0.000002,0.561029
s0g1,0,2,3,Charlie,Parsnip,0,0.001921,0.308453
s0g2,0,2,3,Bob,Carrot,0,0.000002,0.105694
s0g3,0,2,3,Eve,Carrot,0,0.000008,0.069603
s0g4,0,2,3,Eve,Carrot,0,0.000102,0.494493
s0g5,0,2,3,Charlie,Carrot,0,0.000002,0.084559
s0g6,0,2,3,Eve,Parsnip,0,0.001740,0.912952
s0g7,0,2,3,Charlie,Carrot,0,0.000027,0.090387
s0g8,0,2,3,Charlie,Parsnip,0,0.000166,0.928730
s0g9,0,2,3,Eve,Carrot,0,0.000007,0.851516
s0g10,0,2,3,Bob,Carrot,0,0.000004,0.697605
s0g11,0,2,3,Charlie,Carrot,0,0.000126,0.967692
s0g12,0,2,3,Alice,Carrot,0,0.000012,0.007018
s0g13,0,2,3,Bob,Carrot,0,0.000017,0.688306
s0g14,0,2,3,Bob,Carrot,0,0.000062,0.532926
s0g15,0,2,3,Dave,Carrot,0,0.000003,0.185286
s0g16,0,2,3,Dave,Carrot,0,0.000520,0.457458
s0g17,0,2,3,Charlie,Carrot,0,0.000007,0.517855
s0g18,0,2,3,Dave,Carrot,0,0.000003,0.282702
s0g19,0,2,3,Bob,Carrot,0,0.000106,0.416165
s1g0,1,2,3,Charlie,Carrot,0,0.000028,0.341318
s1g1,1,2,3,Alice,Carrot,0,0.000274,0.748892
s1g2,1,2,3,Dave,Carrot,0,0.000005,0.392034
s1g3,1,2,3,Dave,Carrot,0,0.000100,0.506012
s1g4,1,2,3,Dave,Carrot,0,0.001267,0.803892
s1g5,1,2,3,Bob,Carrot,0,0.001211,0.858358
s1g6,1,2,3,Alice,Parsnip,0,0.001022,0.813498
s1g7,1,2,3,Bob,Parsnip,0,0.008395,0.974894
s1g8,1,2,3,Charlie,Carrot,0,0.000011,0.545668
s1g9,1,2,3,Dave,Carrot,0,0.000020,0.390328
s1g10,1,2,3,Charlie,Carrot,0,0.000051,0.485461
s1g11,1,2,3,Eve,Carrot,0,0.000003,0.439829
s1g12,1,2,3,Dave,Carrot,0,0.000138,0.367950
s1g13,1,2,3,Alice,Carrot,0,0.000002,0.573339
s1g14,1,2,3,Bob,Carrot,0,0.000018,0.018381
s1g15,1,2,3,Eve,Carrot,0,0.000007,0.699397
s1g16,1,2,3,Eve,Carrot,0,0.000157,0.322076
s1g17,1,2,3,Dave,Parsnip,0,0.001599,0.982223
s1g18,1,2,3,Eve,Carrot,0,0.000018,0.567145
s1g19,1,2,3,Charlie,Parsnip,0,0.000797,0.977622
s2g0,2,2,3,Bob,Carrot,0,0.000182,0.310480
s2g1,2,2,3,Charlie,Carrot,0,0.000030,0.982735
s2g2,2,2,3,Alice,Carrot,0,0.000005,0.489939
s2g3,2,2,3,Eve,Carrot,0,0.000002,0.172843
s2g4,2,2,3,Eve,Parsnip,0,0.000518,0.661232
s2g5,2,2,3,Bob,Carrot,0,0.000018,0.066230
s2g6,2,2,3,Alice,Carrot,0,0.007007,0.234086
s2g7,2,2,3,Alice,Carrot,0,0.000087,0.982838
s2g8,2,2,3,Dave,Carrot,0,0.000017,0.973287
s2g9,2,2,3,Eve,Carrot,0,0.000044,0.803350
s2g10,2,2,3,Bob,Carrot,0,0.001230,0.980538
s2g11,2,2,3,Alice,Carrot,0,0.000780,0.204061
s2g12,2,2,3,Eve,Carrot,0,0.000030,0.478530
s2g13,2,2,3,Charlie,Carrot,0,0.000007,0.256474
s2g14,2,2,3,Bob,Carrot,0,0.000068,0.320749
s2g15,2,2,3,Alice,Carrot,0,0.000010,0.085922
s2g16,2,2,3,Bob,Carrot,0,0.000001,0.498432
s2g17,2,2,3,Charlie,Parsnip,0,0.000007,0.914145
s2g18,2,2,3,Eve,Parsnip,0,0.000903,0.994245
s2g19,2,2,3,Eve,Carrot,0,0.000011,0.615005
s3g0,3,2,3,Dave,Carrot,0,0.000000,0.083386
s3g1,3,2,3,Eve,Carrot,0,0.000601,0.510912
s3g2,3,2,3,Alice,Parsnip,0,0.009381,0.987044
s3g3,3,2,3,Alice,Carrot,0,0.000054,0.222447
s3g4,3,2,3,Charlie,Carrot,0,0.000042,0.939930
s3g5,3,2,3,Bob,Carrot,0,0.000001,0.113800
s3g6,3,2,3,Dave,Carrot,0,0.000010,0.268951
s3g7,3,2,3,Alice,Carrot,0,0.000033,0.603097
s3g8,3,2,3,Charlie,Carrot,0,0.000008,0.026663
s3g9,3,2,3,Eve,Carrot,0,0.000015,0.118501
s3g10,3,2,3,Charlie,Carrot,0,0.000009,0.244943
s3g11,3,2,3,Eve,Carrot,0,0.000007,0.037265
s3g12,3,2,3,Dave,Carrot,0,0.000025,0.690926
s3g13,3,2,3,Eve,Carrot,0,0.000094,0.326381
s3g14,3,2,3,Bob,Parsnip,0,0.000704,0.820307
s3g15,3,2,3,Bob,Carrot,0,0.000104,0.065475
s3g16,3,2,3,Eve,Carrot,0,0.001005,0.434031
s3g17,3,2,3,Bob,Parsnip,0,0.000466,0.764995
s3g18,3,2,3,Eve,Carrot,0,0.000048,0.138653
s3g19,3,2,3,Alice,Carrot,0,0.000001,0.055248
s4g0,4,2,3,Alice,Carrot,0,0.000014,0.056022
s4g1,4,2,3,Dave,Carrot,0,0.001464,0.705642
s4g2,4,2,3,Alice,Carrot,0,0.000031,0.126256
s4g3,4,2,3,Alice,Carrot,0,0.000104,0.516726
s4g4,4,2,3,Charlie,Carrot,0,0.001163,0.899370
s4g5,4,2,3,Charlie,Carrot,0,0.000010,0.534696
s4g6,4,2,3,Alice,Carrot,0,0.000011,0.690778
s4g7,4,2,3,Charlie,Carrot,0,0.000059,0.803726
s4g8,4,2,3,Charlie,Carrot,0,0.000073,0.830851
s4g9,4,2,3,Alice,Carrot,0,0.000006,0.008765
s4g10,4,2,3,Dave,Carrot,0,0.000047,0.024001
s4g11,4,2,3,Dave,Carrot,0,0.000010,0.208409
s4g12,4,2,3,Eve,Carrot,0,0.000050,0.728069
s4g13,4,2,3,Eve,Carrot,0,0.000036,0.199417
s4g14,4,2,3,Bob,Carrot,0,0.000131,0.755808
s4g15,4,2,3,Eve,Parsnip,0,0.002985,0.918806
s4g16,4,2,3,Dave,Carrot,0,0.000216,0.919511
s4g17,4,2,3,Eve,Carrot,0,0.000009,0.128711
s4g18,4,2,3,Dave,Carrot,0,0.000025,0.396220
s4g19,4,2,3,Bob,Carrot,0,0.000002,0.173401
s0g0,0,2,4,Dave,Parsnip,0,0.012993,0.979043
s0g1,0,2,4,Eve,Carrot,0,0.000527,0.886889
s0g2,0,2,4,Charlie,Carrot,0,0.000025,0.459317
s0g3,0,2,4,Alice,Carrot,0,0.000000,0.007575
s0g4,0,2,4,Alice,Carrot,0,0.000104,0.386411
s0g5,0,2,4,Eve,Parsnip,0,0.000703,0.884767
s0g6,0,2,4,Charlie,Carrot,0,0.000152,0.111320
s0g7,0,2,4,Eve,Carrot,0,0.000216,0.450838
s0g8,0,2,4,Alice,Carrot,0,0.000019,0.095314
s0g9,0,2,4,Alice,Parsnip,0,0.000008,0.992435
s0g10,0,2,4,Dave,Carrot,0,0.000000,0.213288
s0g11,0,2,4,Eve,Carrot,0,0.000288,0.696535
s0g12,0,2,4,Charlie,Parsnip,0,0.000110,0.728014
s0g13,0,2,4,Dave,Parsnip,0,0.000601,0.933369
s0g14,0,2,4,Alice,Parsnip,0,0.002343,0.876665
s0g15,0,2,4,Bob,Carrot,0,0.000038,0.913662
s0g16,0,2,4,Charlie,Carrot,0,0.000319,0.692168
s0g17,0,2,4,Bob,Carrot,0,0.000006,0.049632
s0g18,0,2,4,Charlie,Carrot,0,0.000038,0.290380
s0g19,0,2,4,Eve,Carrot,0,0.000014,0.325902
s1g0,1,2,4,Eve,Carrot,0,0.000007,0.341755
s1g1,1,2,4,Charlie,Parsnip,0,0.001049,0.971221
s1g2,1,2,4,Charlie,Carrot,0,0.000011,0.297954
s1g3,1,2,4,Charlie,Carrot,0,0.000280,0.604735
s1g4,1,2,4,Bob,Parsnip,0,0.002447,0.882029
s1g5,1,2,4,Dave,Parsnip,0,0.000695,0.876949
s1g6,1,2,4,Charlie,Carrot,0,0.000133,0.712898
s1g7,1,2,4,Dave,Carrot,0,0.000275,0.960718
s1g8,1,2,4,Eve,Parsnip,0,0.000462,0.927850
s1g9,1,2,4,Eve,Carrot,0,0.000123,0.275331
s1g10,1,2,4,Bob,Carrot,0,0.000009,0.092269
s1g11,1,2,4,Dave,Parsnip,0,0.006625,0.976286
s1g12,1,2,4,Alice,Parsnip,0,0.080102,0.985684
s1g13,1,2,4,Charlie,Parsnip,0,0.000178,0.940106
s1g14,1,2,4,Charlie,Carrot,0,0.000021,0.761651
s1g15,1,2,4,Dave,Carrot,0,0.000003,0.116955
s1g16,1,2,4,Bob,Carrot,0,0.000035,0.173915
s1g17,1,2,4,Eve,Carrot,0,0.000009,0.600859
s1g18,1,2,4,Dave,Parsnip,0,0.000054,0.111228
s1g19,1,2,4,Dave,Carrot,0,0.000030,0.932307
s2g0,2,2,4,Eve,Carrot,0,0.000014,0.166540
s2g1,2,2,4,Eve,Parsnip,0,0.000111,0.780540
s2g2,2,2,4,Dave,Carrot,0,0.000010,0.364614
s2g3,2,2,4,Alice,Parsnip,0,0.000152,0.438673
s2g4,2,2,4,Alice,Carrot,0,0.000002,0.284318
s2g5,2,2,4,Charlie,Parsnip,0,0.000791,0.884797
s2g6,2,2,4,Dave,Carrot,0,0.000005,0.148311
s2g7,2,2,4,Charlie,Parsnip,0,0.000745,0.952498
s2g8,2,2,4,Alice,Parsnip,0,0.000178,0.865004
s2g9,2,2,4,Alice,Parsnip,0,0.000164,0.602663
s2g10,2,2,4,Charlie,Parsnip,0,0.001086,0.988460
s2g11,2,2,4,Charlie,Carrot,0,0.000547,0.730293
s2g12,2,2,4,Charlie,Carrot,0,0.000020,0.897153
s2g13,2,2,4,Bob,Carrot,0,0.000001,0.443626
s2g14,2,2,4,Dave,Carrot,0,0.000105,0.772268
s2g15,2,2,4,Eve,Carrot,0,0.000006,0.080858
s2g16,2,2,4,Charlie,Parsnip,0,0.000122,0.276758
s2g17,2,2,4,Eve,Carrot,0,0.000011,0.313179
s2g18,2,2,4,Bob,Carrot,0,0.000067,0.618667
s2g19,2,2,4,Bob,Carrot,0,0.000004,0.111239
s3g0,3,2,4,Bob,Parsnip,0,0.000096,0.596447
s3g1,3,2,4,Bob,Carrot,0,0.000004,0.028159
s3g2,3,2,4,Dave,Carrot,0,0.000001,0.189006
s3g3,3,2,4,Bob,Carrot,0,0.000014,0.072632
s3g4,3,2,4,Dave,Parsnip,0,0.000012,0.388495
s3g5,3,2,4,Eve,Carrot,0,0.000002,0.293596
s3g6,3,2,4,Bob,Carrot,0,0.000007,0.131786
s3g7,3,2,4,Charlie,Parsnip,0,0.000283,0.975178
s3g8,3,2,4,Dave,Carrot,0,0.000004,0.013871
s3g9,3,2,4,Bob,Carrot,0,0.000048,0.278235
s3g10,3,2,4,Dave,Carrot,0,0.000072,0.490350
s3g11,3,2,4,Bob,Carrot,0,0.000002,0.045370
s3g12,3,2,4,Eve,Carrot,0,0.000033,0.815269
s3g13,3,2,4,Alice,Carrot,0,0.000013,0.161689
s3g14,3,2,4,Charlie,Carrot,0,0.000007,0.106545
s3g15,3,2,4,Charlie,Carrot,0,0.000114,0.707774
s3g16,3,2,4,Charlie,Carrot,0,0.000016,0.680129
s3g17,3,2,4,Charlie,Carrot,0,0.000017,0.037906
s3g18,3,2,4,Alice,Carrot,0,0.000071,0.865931
s3g19,3,2,4,Charlie,Carrot,0,0.000000,0.098311
s4g0,4,2,4,Charlie,Carrot,0,0.000083,0.378407
s4g1,4,2,4,Bob,Carrot,0,0.000464,0.677378
s4g2,4,2,4,Charlie,Carrot,0,0.000160,0.537372
s4g3,4,2,4,Bob,Carrot,0,0.000008,0.083877
s4g4,4,2,4,Bob,Carrot,0,0.000026,0.451004
s4g5,4,2,4,Eve,Carrot,0,0.000013,0.075266
s4g6,4,2,4,Eve,Parsnip,0,0.001918,0.995275
s4g7,4,2,4,Eve,Carrot,0,0.000003,0.880716
s4g8,4,2,4,Bob,Carrot,0,0.000123,0.662487
s4g9,4,2,4,Dave,Carrot,0,0.000001,0.112709
s4g10,4,2,4,Bob,Parsnip,0,0.016653,0.975390
s4g11,4,2,4,Charlie,Carrot,0,0.000040,0.128214
s4g12,4,2,4,Dave,Carrot,0,0.000047,0.577266
s4g13,4,2,4,Bob,Carrot,0,0.000017,0.135248
s4g14,4,2,4,Alice,Carrot,0,0.000009,0.051662
s4g15,4,2,4,Bob,Carrot,0,0.001203,0.564850
s4g16,4,2,4,Charlie,Carrot,0,0.000008,0.254953
s4g17,4,2,4,Dave,Parsnip,0,0.010341,0.906863
s4g18,4,2,4,Eve,Carrot,0,0.000002,0.101902
s4g19,4,2,4,Alice,Carrot,0,0.000066,0.715169
