game_id,seed_group,round,position,speaker,role,silent,lr_pub,lr_full,dom_pub,dom_full,rand_pub,rand_full
s0g0,0,0,0,Bob,Carrot,0,0.007511,0.014085,0.240715,0.252403,0.316577,0.430807
s0g1,0,0,0,Alice,Carrot,0,0.002603,0.017406,0.225241,0.265602,0.443121,0.358961
s0g2,0,0,0,Bob,Carrot,0,0.001056,0.012288,0.203529,0.253658,0.691726,0.422995
s0g3,0,0,0,Bob,Carrot,0,0.013456,0.024829,0.249268,0.267665,0.595143,0.459395
s0g4,0,0,0,Bob,Carrot,0,0.008250,0.013710,0.237054,0.252058,0.404431,0.404051
s0g5,0,0,0,Alice,Carrot,0,0.003767,0.012964,0.229866,0.256695,0.574239,0.421341
s0g6,0,0,0,Bob,Carrot,0,0.003851,0.007353,0.229158,0.241733,0.656564,0.672468
s0g7,0,0,0,Charlie,Carrot,0,0.001643,0.020790,0.211776,0.268433,0.389745,0.367531
s0g8,0,0,0,Eve,Carrot,0,0.007499,0.024541,0.249038,0.269436,0.587437,0.583930
s0g9,0,0,0,Charlie,Carrot,0,0.003334,0.005797,0.221956,0.234195,0.634997,0.583489
s1g0,1,0,0,Bob,Carrot,0,0.004964,0.013822,0.231694,0.254619,0.915799,0.949395
s1g1,1,0,0,Eve,Carrot,0,0.002327,0.012980,0.223551,0.256946,0.978003,0.948549
s1g2,1,0,0,Dave,Carrot,0,0.008948,0.019514,0.247139,0.265010,0.933407,0.965973
s1g3,1,0,0,Eve,Carrot,0,0.011120,0.020027,0.251534,0.267652,0.947450,0.949794
s1g4,1,0,0,Alice,Carrot,0,0.003161,0.009630,0.220480,0.246735,0.950389,0.954708
s1g5,1,0,0,Eve,Carrot,0,0.003389,0.005088,0.215045,0.229087,0.947205,0.959774
s1g6,1,0,0,Alice,Carrot,0,0.001134,0.009570,0.203004,0.251422,0.961768,0.942295
s1g7,1,0,0,Charlie,Carrot,0,0.009563,0.015380,0.237152,0.252917,0.938646,0.960711
s1g8,1,0,0,Alice,Carrot,0,0.001495,0.004992,0.213820,0.235019,0.962232,0.972615
s1g9,1,0,0,Eve,Carrot,0,0.002145,0.013517,0.216235,0.258601,0.960701,0.945230
s2g0,2,0,0,Charlie,Carrot,0,0.009065,0.014707,0.247069,0.259000,0.672518,0.712116
s2g1,2,0,0,Charlie,Carrot,0,0.003105,0.037551,0.229554,0.284294,0.568432,0.768983
s2g2,2,0,0,Charlie,Carrot,0,0.004544,0.022073,0.230937,0.270342,0.676879,0.765235
s2g3,2,0,0,Eve,Carrot,0,0.001452,0.010828,0.211360,0.252115,0.567369,0.622296
s2g4,2,0,0,Dave,Carrot,0,0.005303,0.007303,0.232296,0.240901,0.550328,0.646701
s2g5,2,0,0,Alice,Carrot,0,0.002197,0.016697,0.219409,0.263361,0.529174,0.737049
s2g6,2,0,0,Bob,Carrot,0,0.002933,0.014363,0.215264,0.253995,0.734235,0.713671
s2g7,2,0,0,Bob,Carrot,0,0.005639,0.011169,0.236434,0.247519,0.753464,0.691357
s2g8,2,0,0,Alice,Carrot,0,0.005664,0.014299,0.241060,0.257522,0.601554,0.726095
s2g9,2,0,0,Eve,Carrot,0,0.004848,0.013379,0.226484,0.251966,0.907530,0.815710
s3g0,3,0,0,Bob,Carrot,0,0.001808,0.011170,0.211416,0.254127,0.304120,0.355415
s3g1,3,0,0,Eve,Carrot,0,0.040788,0.032036,0.282387,0.275044,0.279635,0.189385
s3g2,3,0,0,Alice,Carrot,0,0.004570,0.011606,0.236632,0.252673,0.166994,0.163241
s3g3,3,0,0,Charlie,Carrot,0,0.006230,0.013537,0.227993,0.250675,0.252354,0.189912
s3g4,3,0,0,Charlie,Carrot,0,0.015164,0.016244,0.255510,0.258028,0.421778,0.279754
s3g5,3,0,0,Dave,Carrot,0,0.003044,0.007933,0.219481,0.243455,0.232351,0.238006
s3g6,3,0,0,Bob,Carrot,0,0.001204,0.021432,0.209357,0.271206,0.215031,0.435271
s3g7,3,0,0,Alice,Carrot,0,0.001727,0.011821,0.215423,0.251475,0.315335,0.218860
s3g8,3,0,0,Charlie,Carrot,0,0.004239,0.007225,0.227004,0.241064,0.154056,0.143065
s3g9,3,0,0,Dave,Carrot,0,0.003380,0.006818,0.222899,0.237669,0.147246,0.156435
s4g0,4,0,0,Charlie,Carrot,0,0.003407,0.007429,0.222367,0.239302,0.134189,0.078169
s4g1,4,0,0,Eve,Carrot,0,0.045735,0.028598,0.285014,0.272919,0.155415,0.093186
s4g2,4,0,0,Eve,Carrot,0,0.005102,0.010735,0.239320,0.251968,0.029972,0.061707
s4g3,4,0,0,Alice,Carrot,0,0.000657,0.004034,0.197913,0.228927,0.049803,0.050763
s4g4,4,0,0,Eve,Carrot,0,0.001900,0.018433,0.212185,0.265985,0.123395,0.091134
s4g5,4,0,0,Charlie,Carrot,0,0.001198,0.004430,0.201239,0.228022,0.056485,0.061422
s4g6,4,0,0,Bob,Carrot,0,0.009344,0.020382,0.250552,0.267616,0.098467,0.072255
s4g7,4,0,0,Alice,Carrot,0,0.001360,0.005248,0.211834,0.234524,0.071513,0.089002
s4g8,4,0,0,Alice,Carrot,0,0.001377,0.006802,0.199808,0.236902,0.048494,0.048469
s4g9,4,0,0,Bob,Carrot,0,0.005461,0.009439,0.230707,0.248194,0.106772,0.068813
s0g0,0,0,1,Charlie,Carrot,0,0.002927,0.007304,0.219724,0.243017,0.567175,0.468160
s0g1,0,0,1,Charlie,Carrot,0,0.003926,0.006556,0.220264,0.235437,0.448283,0.469688
s0g2,0,0,1,Alice,Carrot,0,0.001955,0.019866,0.214477,0.267792,0.450118,0.380241
s0g3,0,0,1,Alice,Carrot,0,0.019371,0.024120,0.264574,0.268639,0.651220,0.465971
s0g4,0,0,1,Charlie,Carrot,0,0.008327,0.009661,0.241648,0.246932,0.403081,0.427141
s0g5,0,0,1,Bob,Carrot,0,0.001742,0.005615,0.199430,0.228263,0.712688,0.630318
s0g6,0,0,1,Alice,Carrot,0,0.002775,0.011885,0.217960,0.253398,0.641299,0.598477
s0g7,0,0,1,Bob,Carrot,0,0.002954,0.031287,0.230585,0.279737,0.379009,0.377473
s0g8,0,0,1,Bob,Carrot,0,0.004813,0.018186,0.241157,0.271124,0.659124,0.553190
s0g9,0,0,1,Bob,Carrot,0,0.002197,0.033098,0.226272,0.280111,0.559331,0.359861
s1g0,1,0,1,Charlie,Carrot,0,0.007757,0.016927,0.239074,0.259852,0.934511,0.933201
s1g1,1,0,1,Dave,Carrot,0,0.002466,0.023556,0.220194,0.270155,0.950875,0.939799
s1g2,1,0,1,Alice,Carrot,0,0.001494,0.005732,0.204457,0.237984,0.969000,0.959368
s1g3,1,0,1,Charlie,Carrot,0,0.008435,0.016581,0.251016,0.262030,0.944618,0.908899
s1g4,1,0,1,Eve,Carrot,0,0.001001,0.011206,0.194507,0.249097,0.914707,0.945337
s1g5,1,0,1,Dave,Carrot,0,0.001987,0.007528,0.207498,0.240489,0.959629,0.971637
s1g6,1,0,1,Charlie,Carrot,0,0.000761,0.002515,0.197784,0.219549,0.945451,0.953714
s1g7,1,0,1,Dave,Carrot,0,0.002527,0.005548,0.215692,0.235507,0.925819,0.941179
s1g8,1,0,1,Dave,Carrot,0,0.001656,0.009026,0.221533,0.251802,0.958464,0.957052
s1g9,1,0,1,Alice,Carrot,0,0.016612,0.020716,0.261030,0.270596,0.909696,0.941824
s2g0,2,0,1,Dave,Carrot,0,0.005688,0.009356,0.233300,0.245886,0.852061,0.797985
s2g1,2,0,1,Alice,Carrot,0,0.008693,0.007451,0.242239,0.241453,0.716550,0.750585
s2g2,2,0,1,Alice,Carrot,0,0.001406,0.014059,0.205099,0.255813,0.609843,0.741084
s2g3,2,0,1,Dave,Carrot,0,0.004819,0.039743,0.236010,0.285737,0.560327,0.746352
s2g4,2,0,1,Alice,Carrot,0,0.014752,0.031522,0.263240,0.279354,0.564086,0.720036
s2g5,2,0,1,Bob,Carrot,0,0.016485,0.011486,0.269824,0.256823,0.805202,0.829048
s2g6,2,0,1,Dave,Carrot,0,0.002450,0.008355,0.218447,0.244105,0.546648,0.662510
s2g7,2,0,1,Charlie,Carrot,0,0.009905,0.019807,0.242046,0.263068,0.572332,0.641716
s2g8,2,0,1,Charlie,Carrot,0,0.008173,0.019098,0.247548,0.265913,0.711554,0.723356
s2g9,2,0,1,Bob,Carrot,0,0.007652,0.014701,0.238201,0.256331,0.797065,0.759632
s3g0,3,0,1,Alice,Carrot,0,0.003501,0.011185,0.231873,0.257150,0.119440,0.286224
s3g1,3,0,1,Dave,Carrot,0,0.008307,0.040172,0.235565,0.282522,0.377194,0.309707
s3g2,3,0,1,Dave,Carrot,0,0.005507,0.014186,0.242120,0.260987,0.112248,0.220205
s3g3,3,0,1,Alice,Carrot,0,0.015001,0.017311,0.244688,0.255595,0.151020,0.261291
s3g4,3,0,1,Bob,Carrot,0,0.002634,0.014036,0.218223,0.254453,0.452096,0.331889
s3g5,3,0,1,Eve,Carrot,0,0.001522,0.005028,0.211540,0.236826,0.146474,0.241789
s3g6,3,0,1,Alice,Carrot,0,0.002276,0.009161,0.216845,0.245618,0.236846,0.461639
s3g7,3,0,1,Eve,Carrot,0,0.014202,0.017448,0.257025,0.259674,0.187527,0.275657
s3g8,3,0,1,Dave,Carrot,0,0.006154,0.025095,0.237918,0.274771,0.067905,0.352705
s3g9,3,0,1,Bob,Carrot,0,0.001877,0.005627,0.213324,0.236591,0.153465,0.222668
s4g0,4,0,1,Dave,Carrot,0,0.002593,0.012653,0.214474,0.252755,0.038314,0.055908
s4g1,4,0,1,Bob,Carrot,0,0.051076,0.060721,0.292428,0.298487,0.225474,0.081550
s4g2,4,0,1,Alice,Carrot,0,0.001599,0.004272,0.208322,0.226659,0.074958,0.058200
s4g3,4,0,1,Bob,Carrot,0,0.006368,0.008536,0.240034,0.249754,0.176746,0.072501
s4g4,4,0,1,Bob,Carrot,0,0.006674,0.008885,0.234316,0.241800,0.068917,0.060306
s4g5,4,0,1,Bob,Carrot,0,0.013793,0.026660,0.258054,0.269997,0.028334,0.044853
s4g6,4,0,1,Dave,Carrot,0,0.012075,0.013325,0.264791,0.260129,0.069664,0.048294
s4g7,4,0,1,Bob,Carrot,0,0.001305,0.029141,0.214311,0.279007,0.025115,0.063589
s4g8,4,0,1,Bob,Carrot,0,0.001023,0.005746,0.195139,0.234283,0.064353,0.043441
s4g9,4,0,1,Charlie,Carrot,0,0.002635,0.009369,0.219376,0.248667,0.077878,0.074469
s0g0,0,0,2,Dave,Carrot,0,0.002443,0.018666,0.233262,0.266555,0.407913,0.356744
s0g1,0,0,2,Eve,Carrot,0,0.003526,0.020808,0.232257,0.266845,0.584613,0.509726
s0g2,0,0,2,Eve,Carrot,0,0.003994,0.021924,0.232851,0.269752,0.342802,0.370779
s0g3,0,0,2,Eve,Carrot,0,0.001831,0.024119,0.211378,0.271851,0.397436,0.365552
s0g4,0,0,2,Eve,Carrot,0,0.002245,0.009449,0.215152,0.246274,0.525435,0.536954
s0g5,0,0,2,Eve,Carrot,0,0.002744,0.011354,0.217090,0.251232,0.604910,0.503026
s0g6,0,0,2,Dave,Carrot,0,0.002163,0.011188,0.217336,0.255292,0.574734,0.489221
s0g7,0,0,2,Eve,Carrot,0,0.004482,0.020583,0.241921,0.272686,0.575036,0.330922
s0g8,0,0,2,Dave,Carrot,0,0.003278,0.029354,0.230222,0.277536,0.238218,0.322016
s0g9,0,0,2,Dave,Carrot,0,0.001972,0.006693,0.210489,0.240993,0.556508,0.630778
s1g0,1,0,2,Dave,Carrot,0,0.001152,0.008431,0.196244,0.240594,0.929710,0.945210
s1g1,1,0,2,Bob,Carrot,0,0.001792,0.006183,0.206855,0.235831,0.983794,0.968661
s1g2,1,0,2,Charlie,Carrot,0,0.003919,0.026004,0.224185,0.275868,0.976066,0.963604
s1g3,1,0,2,Bob,Carrot,0,0.002076,0.037737,0.217846,0.284284,0.950109,0.920642
s1g4,1,0,2,Bob,Carrot,0,0.007919,0.022672,0.249857,0.272324,0.961195,0.943914
s1g5,1,0,2,Bob,Carrot,0,0.001631,0.006801,0.214480,0.240866,0.951870,0.958170
s1g6,1,0,2,Eve,Carrot,0,0.000924,0.007214,0.211125,0.245984,0.964785,0.951164
s1g7,1,0,2,Alice,Carrot,0,0.002037,0.010314,0.219729,0.251638,0.957939,0.940642
s1g8,1,0,2,Charlie,Carrot,0,0.001125,0.004531,0.207257,0.235365,0.934247,0.943706
s1g9,1,0,2,Dave,Carrot,0,0.103922,0.034519,0.320924,0.283978,0.841272,0.932929
s2g0,2,0,2,Alice,Carrot,0,0.002654,0.013220,0.227986,0.259530,0.600327,0.779485
s2g1,2,0,2,Bob,Carrot,0,0.004760,0.013933,0.236506,0.255646,0.692996,0.774033
s2g2,2,0,2,Bob,Carrot,0,0.004775,0.010619,0.235991,0.250246,0.747118,0.786252
s2g3,2,0,2,Bob,Carrot,0,0.004930,0.027641,0.235518,0.276844,0.665120,0.736292
s2g4,2,0,2,Eve,Carrot,0,0.008415,0.017054,0.242543,0.260002,0.758793,0.726458
s2g5,2,0,2,Eve,Carrot,0,0.002028,0.006105,0.224390,0.245610,0.680375,0.798427
s2g6,2,0,2,Charlie,Carrot,0,0.008982,0.010617,0.243910,0.250905,0.733515,0.792645
s2g7,2,0,2,Alice,Carrot,0,0.001024,0.013850,0.204615,0.256139,0.621730,0.709065
s2g8,2,0,2,Bob,Carrot,0,0.002336,0.007313,0.221255,0.240803,0.701313,0.741696
s2g9,2,0,2,Alice,Carrot,0,0.004916,0.024960,0.246266,0.277491,0.701360,0.785777
s3g0,3,0,2,Eve,Carrot,0,0.003029,0.009511,0.222858,0.247476,0.190645,0.326372
s3g1,3,0,2,Bob,Carrot,0,0.000907,0.006602,0.190370,0.234520,0.267366,0.308258
s3g2,3,0,2,Bob,Carrot,0,0.001886,0.022159,0.225546,0.272433,0.048895,0.312783
s3g3,3,0,2,Bob,Carrot,0,0.002972,0.025962,0.226217,0.274541,0.065324,0.377045
s3g4,3,0,2,Dave,Carrot,0,0.003775,0.007096,0.226957,0.239685,0.142043,0.233851
s3g5,3,0,2,Bob,Carrot,0,0.006471,0.023271,0.243397,0.276794,0.206461,0.210968
s3g6,3,0,2,Dave,Carrot,0,0.002767,0.015639,0.224133,0.260630,0.205409,0.378962
s3g7,3,0,2,Bob,Carrot,0,0.005090,0.034909,0.233434,0.280537,0.132899,0.450500
s3g8,3,0,2,Alice,Carrot,0,0.007504,0.027359,0.249944,0.277156,0.081342,0.361727
s3g9,3,0,2,Alice,Carrot,0,0.002619,0.018571,0.227207,0.266192,0.061128,0.315089
s4g0,4,0,2,Bob,Carrot,0,0.003191,0.009536,0.225947,0.246743,0.112611,0.090138
s4g1,4,0,2,Dave,Carrot,0,0.010157,0.034307,0.251938,0.276877,0.155034,0.112209
s4g2,4,0,2,Dave,Carrot,0,0.003335,0.027633,0.231812,0.276624,0.103474,0.062376
s4g3,4,0,2,Dave,Carrot,0,0.001005,0.006687,0.199484,0.245465,0.049138,0.042975
s4g4,4,0,2,Alice,Carrot,0,0.004227,0.011426,0.233635,0.258665,0.035265,0.052391
s4g5,4,0,2,Eve,Carrot,0,0.003055,0.018668,0.234137,0.276395,0.020260,0.048515
s4g6,4,0,2,Charlie,Carrot,0,0.002689,0.011884,0.226560,0.259434,0.067903,0.103737
s4g7,4,0,2,Dave,Carrot,0,0.006953,0.017767,0.254768,0.273658,0.046309,0.045109
s4g8,4,0,2,Dave,Carrot,0,0.003109,0.007973,0.226217,0.249136,0.052210,0.060525
s4g9,4,0,2,Eve,Carrot,0,0.004070,0.011926,0.228971,0.257190,0.027754,0.054531
s0g0,0,0,3,Eve,Carrot,0,0.012318,0.040657,0.254490,0.286184,0.358729,0.476958
s0g1,0,0,3,Dave,Carrot,0,0.032167,0.104599,0.276934,0.313532,0.724917,0.503007
s0g2,0,0,3,Charlie,Carrot,0,0.003307,0.020110,0.227423,0.267442,0.465458,0.345766
s0g3,0,0,3,Charlie,Carrot,0,0.003222,0.009873,0.222088,0.247281,0.643051,0.363712
s0g4,0,0,3,Alice,Carrot,0,0.004713,0.020690,0.243673,0.269802,0.559285,0.372998
s0g5,0,0,3,Charlie,Carrot,0,0.001817,0.016035,0.213546,0.261629,0.620288,0.423653
s0g6,0,0,3,Eve,Carrot,0,0.005146,0.028317,0.236712,0.280300,0.521257,0.433739
s0g7,0,0,3,Dave,Carrot,0,0.003483,0.020951,0.232238,0.267623,0.586559,0.374918
s0g8,0,0,3,Alice,Carrot,0,0.003639,0.017011,0.232124,0.263486,0.528514,0.394236
s0g9,0,0,3,Eve,Carrot,0,0.001644,0.006622,0.214247,0.241294,0.468457,0.572521
s1g0,1,0,3,Eve,Carrot,0,0.004189,0.046725,0.232731,0.289795,0.961871,0.936760
s1g1,1,0,3,Alice,Carrot,0,0.005801,0.035331,0.237178,0.281654,0.968518,0.926794
s1g2,1,0,3,Bob,Carrot,0,0.005797,0.026128,0.244525,0.283784,0.961418,0.943624
s1g3,1,0,3,Dave,Carrot,0,0.003172,0.021767,0.229070,0.273086,0.980855,0.930885
s1g4,1,0,3,Charlie,Carrot,0,0.004534,0.019007,0.243067,0.272292,0.935584,0.925291
s1g5,1,0,3,Charlie,Carrot,0,0.001146,0.004452,0.195238,0.226703,0.972742,0.962787
s1g6,1,0,3,Dave,Carrot,0,0.001890,0.014897,0.220607,0.260825,0.958628,0.912907
s1g7,1,0,3,Eve,Carrot,0,0.018499,0.037812,0.262354,0.283766,0.911879,0.925507
s1g8,1,0,3,Bob,Carrot,0,0.009446,0.016352,0.247563,0.264098,0.943954,0.954507
s1g9,1,0,3,Bob,Carrot,0,0.066806,0.078762,0.313807,0.303729,0.851681,0.913532
s2g0,2,0,3,Bob,Carrot,0,0.004539,0.009459,0.238047,0.247170,0.569212,0.645065
s2g1,2,0,3,Dave,Carrot,0,0.006776,0.028149,0.229587,0.276586,0.840810,0.837255
s2g2,2,0,3,Dave,Carrot,0,0.005766,0.015163,0.236349,0.257696,0.757714,0.767446
s2g3,2,0,3,Alice,Carrot,0,0.001411,0.012040,0.206922,0.254819,0.684336,0.732350
s2g4,2,0,3,Charlie,Carrot,0,0.016694,0.013659,0.264335,0.260169,0.815708,0.833897
s2g5,2,0,3,Charlie,Carrot,0,0.002557,0.019291,0.223477,0.271151,0.672106,0.845289
s2g6,2,0,3,Alice,Carrot,0,0.002871,0.011737,0.213443,0.249401,0.650837,0.737969
s2g7,2,0,3,Eve,Carrot,0,0.006299,0.026543,0.234669,0.274022,0.842554,0.805481
s2g8,2,0,3,Dave,Carrot,0,0.004385,0.013615,0.226506,0.255388,0.672698,0.762673
s2g9,2,0,3,Dave,Carrot,0,0.002582,0.006863,0.228534,0.239410,0.648231,0.708043
s3g0,3,0,3,Dave,Carrot,0,0.004144,0.011542,0.231213,0.256617,0.196836,0.233916
s3g1,3,0,3,Alice,Carrot,0,0.003458,0.022355,0.227701,0.270535,0.130880,0.383084
s3g2,3,0,3,Eve,Carrot,0,0.003186,0.014006,0.228173,0.263563,0.089887,0.229239
s3g3,3,0,3,Eve,Carrot,0,0.002344,0.023690,0.221538,0.271197,0.094616,0.376925
s3g4,3,0,3,Alice,Carrot,0,0.002867,0.020912,0.223035,0.267938,0.208635,0.423377
s3g5,3,0,3,Alice,Carrot,0,0.002253,0.014683,0.222450,0.264080,0.123078,0.284638
s3g6,3,0,3,Charlie,Carrot,0,0.005243,0.044861,0.243869,0.294478,0.199575,0.343151
s3g7,3,0,3,Dave,Carrot,0,0.002337,0.031170,0.225350,0.280534,0.100869,0.455175
s3g8,3,0,3,Eve,Carrot,0,0.003929,0.012920,0.233551,0.261510,0.222477,0.311744
s3g9,3,0,3,Eve,Carrot,0,0.002321,0.020193,0.222106,0.267662,0.092909,0.314344
s4g0,4,0,3,Eve,Carrot,0,0.005014,0.050064,0.235608,0.292199,0.063227,0.075311
s4g1,4,0,3,Charlie,Carrot,0,0.035333,0.075524,0.277717,0.301572,0.120503,0.064888
s4g2,4,0,3,Bob,Carrot,0,0.004763,0.018391,0.243358,0.272232,0.022805,0.040216
s4g3,4,0,3,Charlie,Carrot,0,0.000929,0.023053,0.200503,0.270203,0.049988,0.065779
s4g4,4,0,3,Dave,Carrot,0,0.005793,0.030629,0.243646,0.278805,0.033243,0.069049
s4g5,4,0,3,Dave,Carrot,0,0.014772,0.036253,0.266363,0.290750,0.056816,0.071807
s4g6,4,0,3,Alice,Carrot,0,0.002886,0.012651,0.224989,0.261571,0.032203,0.060161
s4g7,4,0,3,Eve,Carrot,0,0.002332,0.013073,0.218550,0.255740,0.113610,0.083879
s4g8,4,0,3,Eve,Carrot,0,0.001527,0.020363,0.214219,0.270177,0.094962,0.058314
s4g9,4,0,3,Dave,Carrot,0,0.000721,0.009903,0.202229,0.251409,0.080523,0.058071
s0g0,0,0,4,Alice,Carrot,0,0.009674,0.032138,0.245563,0.278467,0.434170,0.384449
s0g1,0,0,4,Bob,Carrot,0,0.003193,0.025123,0.226786,0.274356,0.347920,0.359197
s0g2,0,0,4,Dave,Carrot,0,0.010777,0.023121,0.254188,0.272511,0.378370,0.407512
s0g3,0,0,4,Dave,Carrot,0,0.002009,0.021427,0.221639,0.268435,0.679908,0.356226
s0g4,0,0,4,Dave,Carrot,0,0.002989,0.015625,0.225754,0.262329,0.607381,0.428470
s0g5,0,0,4,Dave,Carrot,0,0.000944,0.021765,0.203843,0.271783,0.615936,0.344138
s0g6,0,0,4,Charlie,Carrot,0,0.003537,0.023887,0.227942,0.272059,0.569752,0.372318
s0g7,0,0,4,Alice,Carrot,0,0.008963,0.025890,0.246868,0.276676,0.525291,0.545147
s0g8,0,0,4,Charlie,Carrot,0,0.013638,0.034054,0.262038,0.280887,0.641688,0.505375
s0g9,0,0,4,Alice,Carrot,0,0.004402,0.033509,0.227018,0.280448,0.636546,0.456440
s1g0,1,0,4,Alice,Carrot,0,0.008092,0.056726,0.234161,0.294635,0.973107,0.938787
s1g1,1,0,4,Charlie,Carrot,0,0.013173,0.016899,0.260287,0.260586,0.946028,0.963317
s1g2,1,0,4,Eve,Carrot,0,0.008755,0.026006,0.242724,0.274760,0.968566,0.952601
s1g3,1,0,4,Alice,Carrot,0,0.000882,0.020128,0.211444,0.266157,0.892597,0.927970
s1g4,1,0,4,Dave,Carrot,0,0.001812,0.009938,0.212559,0.250094,0.932049,0.932815
s1g5,1,0,4,Alice,Carrot,0,0.003021,0.016467,0.212315,0.254422,0.968414,0.959352
s1g6,1,0,4,Bob,Carrot,0,0.000891,0.004590,0.196170,0.230350,0.952343,0.959300
s1g7,1,0,4,Bob,Carrot,0,0.011203,0.025562,0.243201,0.270203,0.902368,0.890891
s1g8,1,0,4,Eve,Carrot,0,0.003175,0.007584,0.217264,0.241716,0.902144,0.919358
s1g9,1,0,4,Charlie,Carrot,0,0.012319,0.035026,0.250688,0.280443,0.963397,0.932016
s2g0,2,0,4,Eve,Carrot,0,0.003530,0.025015,0.216801,0.269643,0.606134,0.739421
s2g1,2,0,4,Eve,Carrot,0,0.018996,0.031155,0.272444,0.277910,0.608094,0.760000
s2g2,2,0,4,Eve,Carrot,0,0.010202,0.031653,0.245028,0.276000,0.851277,0.837693
s2g3,2,0,4,Charlie,Carrot,0,0.001873,0.010597,0.215159,0.250084,0.650016,0.769655
s2g4,2,0,4,Bob,Carrot,0,0.001936,0.017044,0.215948,0.261704,0.714967,0.804722
s2g5,2,0,4,Dave,Carrot,0,0.002525,0.019209,0.223613,0.267409,0.527661,0.752775
s2g6,2,0,4,Eve,Carrot,0,0.017855,0.057152,0.255664,0.293295,0.771612,0.799391
s2g7,2,0,4,Dave,Carrot,0,0.015429,0.019745,0.265741,0.270996,0.842127,0.828557
s2g8,2,0,4,Eve,Carrot,0,0.001854,0.006451,0.203973,0.231497,0.803506,0.758232
s2g9,2,0,4,Charlie,Carrot,0,0.003939,0.013239,0.244964,0.258613,0.676729,0.743483
s3g0,3,0,4,Charlie,Carrot,0,0.001742,0.018864,0.212857,0.265659,0.176269,0.389169
s3g1,3,0,4,Charlie,Carrot,0,0.001701,0.019266,0.209744,0.267872,0.117526,0.370493
s3g2,3,0,4,Charlie,Carrot,0,0.007398,0.028066,0.250978,0.280095,0.171568,0.259825
s3g3,3,0,4,Dave,Carrot,0,0.004572,0.028553,0.237714,0.278188,0.113360,0.422097
s3g4,3,0,4,Eve,Carrot,0,0.002637,0.013804,0.216412,0.255857,0.104975,0.420659
s3g5,3,0,4,Charlie,Carrot,0,0.001668,0.006583,0.211813,0.240805,0.136931,0.148151
s3g6,3,0,4,Eve,Carrot,0,0.004274,0.018703,0.235133,0.265905,0.222703,0.379247
s3g7,3,0,4,Charlie,Carrot,0,0.003841,0.012414,0.211077,0.248337,0.222957,0.233628
s3g8,3,0,4,Bob,Carrot,0,0.001811,0.010807,0.216945,0.254369,0.246213,0.241356
s3g9,3,0,4,Charlie,Carrot,0,0.005030,0.022571,0.240973,0.272544,0.099509,0.350505
s4g0,4,0,4,Alice,Carrot,0,0.003761,0.030229,0.228767,0.278965,0.085421,0.060718
s4g1,4,0,4,Alice,Carrot,0,0.014533,0.050259,0.254511,0.289311,0.109161,0.097511
s4g2,4,0,4,Charlie,Carrot,0,0.018398,0.065928,0.268275,0.307913,0.095247,0.062406
s4g3,4,0,4,Eve,Carrot,0,0.002326,0.029516,0.219002,0.277722,0.096571,0.082491
s4g4,4,0,4,Charlie,Carrot,0,0.010422,0.026008,0.250918,0.272769,0.089067,0.080301
s4g5,4,0,4,Alice,Carrot,0,0.015501,0.034177,0.264848,0.282245,0.046230,0.066910
s4g6,4,0,4,Eve,Carrot,0,0.004168,0.021843,0.230697,0.269028,0.074059,0.057076
s4g7,4,0,4,Charlie,Carrot,0,0.005578,0.059595,0.240360,0.298521,0.071278,0.064530
s4g8,4,0,4,Charlie,Carrot,0,0.001539,0.037032,0.214058,0.284246,0.152345,0.091458
s4g9,4,0,4,Alice,Carrot,0,0.004963,0.044055,0.236560,0.290673,0.122048,0.076741
s0g0,0,1,0,Charlie,Carrot,0,0.007334,0.021168,0.243072,0.267890,0.481346,0.482088
s0g1,0,1,0,Dave,Carrot,0,0.003018,0.022428,0.232962,0.271755,0.423849,0.322875
s0g2,0,1,0,Charlie,Carrot,0,0.004116,0.030605,0.228188,0.276201,0.301004,0.332063
s0g3,0,1,0,Charlie,Carrot,0,0.004536,0.023107,0.228674,0.270104,0.366480,0.315234
s0g4,0,1,0,Alice,Carrot,0,0.241681,0.151303,0.350013,0.321385,0.500247,0.520694
s0g5,0,1,0,Eve,Carrot,0,0.010615,0.033795,0.261164,0.283443,0.365225,0.370167
s0g6,0,1,0,Alice,Carrot,0,0.005455,0.022016,0.240443,0.273305,0.682885,0.384720
s0g7,0,1,0,Bob,Carrot,0,0.033319,0.031515,0.285564,0.278504,0.505612,0.364880
s0g8,0,1,0,Eve,Carrot,0,0.006375,0.026094,0.244929,0.279759,0.549233,0.313680
s0g9,0,1,0,Dave,Carrot,0,0.003447,0.011092,0.229653,0.252997,0.362662,0.458754
s1g0,1,1,0,Eve,Carrot,0,0.063353,0.066835,0.320422,0.307772,0.883494,0.918147
s1g1,1,1,0,Bob,Carrot,0,0.006968,0.025785,0.240793,0.273048,0.971309,0.933313
s1g2,1,1,0,Bob,Carrot,0,0.050319,0.045837,0.298298,0.294769,0.913468,0.887576
s1g3,1,1,0,Eve,Carrot,0,0.018647,0.042068,0.265040,0.286057,0.959478,0.936603
s1g4,1,1,0,Eve,Carrot,0,0.003445,0.019504,0.229110,0.268712,0.923795,0.868469
s1g5,1,1,0,Bob,Carrot,0,0.009690,0.027977,0.239408,0.269787,0.937955,0.944953
s1g6,1,1,0,Charlie,Carrot,0,0.003436,0.021424,0.230669,0.271345,0.964774,0.934230
s1g7,1,1,0,Alice,Carrot,0,0.074536,0.073765,0.310419,0.303336,0.936171,0.932126
s1g8,1,1,0,Bob,Carrot,0,0.002512,0.011085,0.212484,0.247912,0.937245,0.910899
s1g9,1,1,0,Dave,Carrot,0,0.044510,0.235507,0.324051,0.344871,0.929667,0.917556
s2g0,2,1,0,Alice,Carrot,0,0.017329,0.051067,0.260617,0.291446,0.822968,0.806424
s2g1,2,1,0,Bob,Carrot,0,0.001345,0.013540,0.210191,0.257845,0.758863,0.797036
s2g2,2,1,0,Alice,Carrot,0,0.001138,0.016578,0.217388,0.262152,0.651003,0.788570
s2g3,2,1,0,Dave,Carrot,0,0.006996,0.015854,0.238201,0.260770,0.608509,0.753420
s2g4,2,1,0,Charlie,Carrot,0,0.026888,0.054042,0.275809,0.295187,0.700421,0.792145
s2g5,2,1,0,Alice,Carrot,0,0.011598,0.036784,0.258428,0.284229,0.783991,0.811519
s2g6,2,1,0,Dave,Carrot,0,0.051757,0.043266,0.299286,0.289537,0.884027,0.797255
s2g7,2,1,0,Bob,Carrot,0,0.003748,0.030698,0.241629,0.279757,0.542668,0.788762
s2g8,2,1,0,Dave,Carrot,0,0.006252,0.023934,0.246115,0.270097,0.680465,0.818161
s2g9,2,1,0,Bob,Carrot,0,0.013846,0.034643,0.267887,0.288752,0.791794,0.739891
s3g0,3,1,0,Eve,Carrot,0,0.011809,0.034166,0.255109,0.280564,0.210004,0.452758
s3g1,3,1,0,Bob,Carrot,0,0.045714,0.043998,0.295546,0.288842,0.207563,0.379570
s3g2,3,1,0,Eve,Carrot,0,0.005275,0.014135,0.242396,0.264553,0.206178,0.369822
s3g3,3,1,0,Charlie,Carrot,0,0.012635,0.037497,0.261233,0.284558,0.129892,0.414169
s3g4,3,1,0,Charlie,Carrot,0,0.012552,0.025284,0.260569,0.273196,0.129626,0.433816
s3g5,3,1,0,Bob,Carrot,0,0.008997,0.047378,0.246785,0.286714,0.319204,0.379206
s3g6,3,1,0,Bob,Carrot,0,0.011034,0.058515,0.254743,0.298059,0.113762,0.323277
s3g7,3,1,0,Bob,Carrot,0,0.006336,0.025648,0.243048,0.273240,0.082955,0.392761
s3g8,3,1,0,Dave,Carrot,0,0.007514,0.046668,0.239388,0.289402,0.173470,0.451361
s3g9,3,1,0,Eve,Carrot,0,0.043242,0.093267,0.296973,0.311996,0.165293,0.370717
s4g0,4,1,0,Bob,Carrot,0,0.012703,0.043695,0.257752,0.286381,0.110641,0.070004
s4g1,4,1,0,Dave,Carrot,0,0.028527,0.056603,0.281005,0.294672,0.212742,0.102247
s4g2,4,1,0,Bob,Carrot,0,0.044633,0.072590,0.293420,0.301109,0.050765,0.061587
s4g3,4,1,0,Alice,Carrot,0,0.005359,0.019120,0.233278,0.265015,0.061691,0.060288
s4g4,4,1,0,Bob,Carrot,0,0.029514,0.035478,0.284282,0.281484,0.127888,0.078912
s4g5,4,1,0,Eve,Carrot,0,0.014528,0.045886,0.272302,0.293477,0.030741,0.032193
s4g6,4,1,0,Alice,Carrot,0,0.023901,0.083292,0.281008,0.308701,0.043892,0.043540
s4g7,4,1,0,Eve,Carrot,0,0.036578,0.039044,0.297160,0.287981,0.037230,0.036634
s4g8,4,1,0,Dave,Carrot,0,0.012197,0.031067,0.252698,0.279724,0.056255,0.037727
s4g9,4,1,0,Eve,Carrot,0,0.038001,0.037892,0.286410,0.284803,0.086605,0.037606
s0g0,0,1,1,Eve,Carrot,0,0.008859,0.039765,0.253739,0.290455,0.415606,0.396186
s0g1,0,1,1,Bob,Carrot,0,0.010096,0.039570,0.256379,0.286220,0.446085,0.337120
s0g2,0,1,1,Eve,Carrot,0,0.007058,0.028573,0.241976,0.276301,0.490313,0.301541
s0g3,0,1,1,Eve,Carrot,0,0.008020,0.028977,0.247765,0.277571,0.348572,0.306336
s0g4,0,1,1,Bob,Carrot,0,0.005182,0.023639,0.239185,0.270506,0.235106,0.376257
s0g5,0,1,1,Bob,Carrot,0,0.006305,0.027415,0.258119,0.278225,0.415528,0.289391
s0g6,0,1,1,Bob,Carrot,0,0.017337,0.023986,0.270157,0.271579,0.499843,0.486219
s0g7,0,1,1,Alice,Carrot,0,0.007192,0.023696,0.248183,0.271888,0.437938,0.348474
s0g8,0,1,1,Bob,Carrot,0,0.007532,0.018563,0.248728,0.266972,0.312600,0.291534
s0g9,0,1,1,Bob,Carrot,0,0.017000,0.042358,0.275089,0.288990,0.650410,0.320455
s1g0,1,1,1,Dave,Carrot,0,0.003238,0.044073,0.237690,0.290274,0.944196,0.926364
s1g1,1,1,1,Dave,Carrot,0,0.007771,0.023380,0.240435,0.272665,0.981820,0.918029
s1g2,1,1,1,Eve,Carrot,0,0.019881,0.084793,0.272229,0.307747,0.961928,0.940145
s1g3,1,1,1,Dave,Carrot,0,0.035828,0.049071,0.290649,0.293087,0.913458,0.901465
s1g4,1,1,1,Bob,Carrot,0,0.012789,0.048962,0.267190,0.297450,0.902820,0.906683
s1g5,1,1,1,Alice,Carrot,0,0.046425,0.036501,0.289468,0.282269,0.968827,0.931068
s1g6,1,1,1,Dave,Carrot,0,0.003752,0.031086,0.234558,0.279203,0.955725,0.923712
s1g7,1,1,1,Eve,Carrot,0,0.006051,0.034476,0.238399,0.279914,0.977717,0.937719
s1g8,1,1,1,Charlie,Carrot,0,0.009994,0.019982,0.256308,0.273359,0.918868,0.916739
s1g9,1,1,1,Bob,Carrot,0,0.161541,0.341106,0.344780,0.361830,0.933957,0.916381
s2g0,2,1,1,Dave,Carrot,0,0.006543,0.036526,0.251003,0.282527,0.726188,0.778215
s2g1,2,1,1,Dave,Carrot,0,0.005855,0.020270,0.239412,0.266857,0.833444,0.826646
s2g2,2,1,1,Bob,Carrot,0,0.006486,0.022615,0.246299,0.272686,0.827190,0.812345
s2g3,2,1,1,Bob,Carrot,0,0.076114,0.043192,0.308959,0.290734,0.872253,0.820020
s2g4,2,1,1,Alice,Carrot,0,0.003082,0.027998,0.232152,0.278048,0.688638,0.831671
s2g5,2,1,1,Dave,Carrot,0,0.022250,0.050248,0.275421,0.295595,0.811383,0.841525
s2g6,2,1,1,Charlie,Carrot,0,0.011156,0.058060,0.251921,0.294948,0.812267,0.865484
s2g7,2,1,1,Alice,Carrot,0,0.016627,0.024837,0.268899,0.272782,0.798752,0.818639
s2g8,2,1,1,Alice,Carrot,0,0.236851,0.081403,0.348269,0.306097,0.731350,0.815658
s2g9,2,1,1,Eve,Carrot,0,0.004294,0.040922,0.249679,0.294433,0.679131,0.855954
s3g0,3,1,1,Bob,Carrot,0,0.006913,0.031789,0.254014,0.284850,0.142121,0.439653
s3g1,3,1,1,Charlie,Carrot,0,0.014255,0.060681,0.271920,0.300244,0.072027,0.411570
s3g2,3,1,1,Alice,Carrot,0,0.009891,0.033847,0.255075,0.281026,0.096631,0.382849
s3g3,3,1,1,Alice,Carrot,0,0.016511,0.034014,0.268312,0.283139,0.083045,0.351515
s3g4,3,1,1,Eve,Carrot,0,0.017860,0.023299,0.271986,0.273016,0.258484,0.369091
s3g5,3,1,1,Alice,Carrot,0,0.004868,0.026461,0.239946,0.276011,0.146587,0.366343
s3g6,3,1,1,Eve,Carrot,0,0.023223,0.038872,0.284514,0.283553,0.216386,0.376401
s3g7,3,1,1,Charlie,Carrot,0,0.003369,0.023850,0.231665,0.273119,0.053383,0.289139
s3g8,3,1,1,Alice,Carrot,0,0.003556,0.019498,0.231094,0.266050,0.151191,0.350337
s3g9,3,1,1,Charlie,Carrot,0,0.021651,0.034579,0.279113,0.282644,0.104539,0.379334
s4g0,4,1,1,Dave,Carrot,0,0.006704,0.033912,0.249095,0.282371,0.142882,0.064573
s4g1,4,1,1,Bob,Carrot,0,0.054702,0.068341,0.306239,0.298176,0.068463,0.064471
s4g2,4,1,1,Dave,Carrot,0,0.039351,0.035569,0.289421,0.283675,0.066853,0.069533
s4g3,4,1,1,Eve,Carrot,0,0.005135,0.025911,0.238825,0.274590,0.089488,0.072388
s4g4,4,1,1,Charlie,Carrot,0,0.014844,0.036546,0.266011,0.282743,0.108196,0.073917
s4g5,4,1,1,Charlie,Carrot,0,0.124912,0.113936,0.323954,0.320569,0.086136,0.062868
s4g6,4,1,1,Charlie,Carrot,0,0.003237,0.021392,0.234343,0.270483,0.014529,0.035308
s4g7,4,1,1,Bob,Carrot,0,0.014029,0.041044,0.270447,0.288323,0.104472,0.068873
s4g8,4,1,1,Bob,Carrot,0,0.011507,0.056080,0.255328,0.294706,0.033700,0.046523
s4g9,4,1,1,Dave,Carrot,0,0.010521,0.013853,0.252988,0.260224,0.086097,0.074251
s0g0,0,1,2,Bob,Carrot,0,0.004642,0.014520,0.234104,0.259133,0.466901,0.319094
s0g1,0,1,2,Charlie,Carrot,0,0.004911,0.023229,0.242991,0.272285,0.547167,0.333714
s0g2,0,1,2,Alice,Carrot,0,0.004186,0.011752,0.227675,0.253911,0.368989,0.453749
s0g3,0,1,2,Dave,Carrot,0,0.032665,0.076680,0.290776,0.309047,0.469979,0.311166
s0g4,0,1,2,Eve,Carrot,0,0.005742,0.025366,0.245959,0.274567,0.508612,0.305793
s0g5,0,1,2,Charlie,Carrot,0,0.012777,0.036575,0.270399,0.281466,0.263220,0.381597
s0g6,0,1,2,Dave,Carrot,0,0.007499,0.026147,0.260727,0.276136,0.471738,0.331439
s0g7,0,1,2,Dave,Carrot,0,0.008226,0.027826,0.250272,0.279441,0.586998,0.376216
s0g8,0,1,2,Dave,Carrot,0,0.021447,0.026845,0.283099,0.275417,0.326560,0.247301
s0g9,0,1,2,Eve,Carrot,0,0.008971,0.051025,0.262526,0.295298,0.520217,0.297978
s1g0,1,1,2,Alice,Carrot,0,0.002360,0.027592,0.223475,0.278975,0.910347,0.936940
s1g1,1,1,2,Eve,Carrot,0,0.005678,0.020696,0.237891,0.267177,0.974399,0.941619
s1g2,1,1,2,Alice,Carrot,0,0.005437,0.044526,0.244619,0.289393,0.909812,0.909632
s1g3,1,1,2,Alice,Carrot,0,0.049751,0.112885,0.306031,0.318357,0.965167,0.934528
s1g4,1,1,2,Dave,Carrot,0,0.130297,0.075760,0.340081,0.307125,0.710952,0.818719
s1g5,1,1,2,Charlie,Carrot,0,0.005104,0.017113,0.246535,0.266445,0.948969,0.934237
s1g6,1,1,2,Alice,Carrot,0,0.003757,0.023329,0.232325,0.271693,0.969356,0.941869
s1g7,1,1,2,Dave,Carrot,0,0.031759,0.102415,0.292356,0.318831,0.965984,0.943496
s1g8,1,1,2,Dave,Carrot,0,0.019338,0.035508,0.268363,0.281727,0.909531,0.864522
s1g9,1,1,2,Alice,Carrot,0,0.017088,0.204700,0.274851,0.342396,0.934335,0.922957
s2g0,2,1,2,Bob,Carrot,0,0.007108,0.038347,0.241938,0.284579,0.624820,0.775246
s2g1,2,1,2,Alice,Carrot,0,0.041506,0.045650,0.292565,0.290084,0.529619,0.845108
s2g2,2,1,2,Charlie,Carrot,0,0.011084,0.016328,0.258350,0.264656,0.789951,0.807300
s2g3,2,1,2,Eve,Carrot,0,0.017748,0.129445,0.266526,0.328554,0.720130,0.819554
s2g4,2,1,2,Bob,Carrot,0,0.008803,0.018437,0.252570,0.265481,0.614041,0.785172
s2g5,2,1,2,Charlie,Carrot,0,0.005589,0.031560,0.247488,0.281955,0.737862,0.810990
s2g6,2,1,2,Eve,Carrot,0,0.059117,0.068535,0.294554,0.299621,0.890306,0.860734
s2g7,2,1,2,Dave,Carrot,0,0.005304,0.019155,0.246841,0.266224,0.743937,0.807592
s2g8,2,1,2,Charlie,Carrot,0,0.062847,0.161741,0.306328,0.329842,0.769350,0.862447
s2g9,2,1,2,Dave,Carrot,0,0.001766,0.018845,0.223422,0.267940,0.798870,0.840858
s3g0,3,1,2,Alice,Carrot,0,0.015292,0.029945,0.273848,0.278585,0.124649,0.442041
s3g1,3,1,2,Dave,Carrot,0,0.008655,0.044286,0.258263,0.291032,0.043942,0.322436
s3g2,3,1,2,Charlie,Carrot,0,0.029663,0.071638,0.289851,0.308348,0.143276,0.305399
s3g3,3,1,2,Dave,Carrot,0,0.009572,0.117315,0.256294,0.319708,0.132295,0.444549
s3g4,3,1,2,Dave,Carrot,0,0.003203,0.031311,0.228323,0.280537,0.073874,0.395357
s3g5,3,1,2,Eve,Carrot,0,0.004608,0.047257,0.238290,0.292195,0.096140,0.480440
s3g6,3,1,2,Alice,Carrot,0,0.013887,0.031124,0.272521,0.284403,0.092925,0.272089
s3g7,3,1,2,Alice,Carrot,0,0.040232,0.025095,0.295966,0.275015,0.055445,0.335538
s3g8,3,1,2,Eve,Carrot,0,0.002617,0.028050,0.218316,0.276425,0.082956,0.358291
s3g9,3,1,2,Dave,Carrot,0,0.017388,0.050816,0.276477,0.298078,0.165856,0.427468
s4g0,4,1,2,Alice,Carrot,0,0.030653,0.077125,0.285834,0.305068,0.045590,0.047365
s4g1,4,1,2,Charlie,Carrot,0,0.001139,0.031745,0.206483,0.278728,0.102441,0.089886
s4g2,4,1,2,Alice,Carrot,0,0.058420,0.082893,0.309497,0.312253,0.102726,0.050663
s4g3,4,1,2,Dave,Carrot,0,0.001816,0.024735,0.216000,0.271865,0.044844,0.073196
s4g4,4,1,2,Eve,Carrot,0,0.009562,0.023434,0.252193,0.270710,0.103772,0.077283
s4g5,4,1,2,Alice,Carrot,0,0.101052,0.107003,0.319668,0.319712,0.045061,0.057025
s4g6,4,1,2,Dave,Carrot,0,0.003301,0.016439,0.236191,0.263732,0.107483,0.083491
s4g7,4,1,2,Charlie,Carrot,0,0.046205,0.066052,0.295206,0.301737,0.044505,0.046400
s4g8,4,1,2,Charlie,Carrot,0,0.006332,0.024109,0.238454,0.272403,0.110881,0.064461
s4g9,4,1,2,Alice,Carrot,0,0.024302,0.042117,0.285002,0.288826,0.039984,0.055622
s0g0,0,1,3,Alice,Carrot,0,0.002226,0.026476,0.218633,0.276265,0.252935,0.289257
s0g1,0,1,3,Eve,Carrot,0,0.014564,0.019318,0.266417,0.263193,0.446165,0.475269
s0g2,0,1,3,Dave,Carrot,0,0.017277,0.034914,0.277673,0.286793,0.510081,0.342842
s0g3,0,1,3,Alice,Carrot,0,0.008173,0.035253,0.249781,0.282479,0.364753,0.294173
s0g4,0,1,3,Dave,Carrot,0,0.041347,0.111760,0.300262,0.316918,0.239050,0.350648
s0g5,0,1,3,Dave,Carrot,0,0.034252,0.055724,0.300691,0.302424,0.306783,0.252840
s0g6,0,1,3,Charlie,Carrot,0,0.019821,0.058860,0.272948,0.300073,0.467103,0.311902
s0g7,0,1,3,Eve,Carrot,0,0.004455,0.025790,0.234517,0.274582,0.496931,0.316861
s0g8,0,1,3,Charlie,Carrot,0,0.028349,0.026236,0.284403,0.274163,0.556135,0.308113
s0g9,0,1,3,Alice,Carrot,0,0.005107,0.040975,0.243609,0.288963,0.457047,0.338933
s1g0,1,1,3,Bob,Carrot,0,0.001446,0.038434,0.218689,0.286655,0.963553,0.938108
s1g1,1,1,3,Charlie,Carrot,0,0.026941,0.055827,0.282464,0.295879,0.912505,0.921205
s1g2,1,1,3,Charlie,Carrot,0,0.005846,0.018592,0.238097,0.266177,0.903738,0.930748
s1g3,1,1,3,Bob,Carrot,0,0.022222,0.088211,0.281977,0.313453,0.941687,0.912847
s1g4,1,1,3,Alice,Carrot,0,0.009663,0.031528,0.260568,0.281995,0.788861,0.899879
s1g5,1,1,3,Eve,Carrot,0,0.004654,0.035366,0.237398,0.283775,0.968413,0.933418
s1g6,1,1,3,Bob,Carrot,0,0.004101,0.021619,0.230147,0.268765,0.952680,0.939314
s1g7,1,1,3,Charlie,Carrot,0,0.192338,0.145599,0.350377,0.335701,0.889136,0.905548
s1g8,1,1,3,Eve,Carrot,0,0.021089,0.043340,0.268740,0.287551,0.974432,0.928422
s1g9,1,1,3,Charlie,Carrot,0,0.143957,0.197854,0.346989,0.339464,0.910143,0.928299
s2g0,2,1,3,Charlie,Carrot,0,0.011973,0.024499,0.261062,0.273304,0.844032,0.797197
s2g1,2,1,3,Eve,Carrot,0,0.022563,0.055775,0.272372,0.297588,0.771007,0.845457
s2g2,2,1,3,Dave,Carrot,0,0.008963,0.014027,0.254275,0.256037,0.755355,0.680815
s2g3,2,1,3,Alice,Carrot,0,0.003001,0.015611,0.226293,0.259870,0.704924,0.767837
s2g4,2,1,3,Eve,Carrot,0,0.004824,0.025568,0.236857,0.274271,0.687549,0.771306
s2g5,2,1,3,Bob,Carrot,0,0.014928,0.044381,0.261839,0.289329,0.586585,0.766757
s2g6,2,1,3,Bob,Carrot,0,0.177787,0.316241,0.338325,0.355692,0.879238,0.851018
s2g7,2,1,3,Eve,Carrot,0,0.002234,0.024169,0.224004,0.272519,0.716468,0.799631
s2g8,2,1,3,Eve,Carrot,0,0.240769,0.233540,0.353921,0.347104,0.851133,0.843866
s2g9,2,1,3,Charlie,Carrot,0,0.001791,0.030439,0.218669,0.279064,0.649870,0.815215
s3g0,3,1,3,Dave,Carrot,0,0.026339,0.044578,0.278632,0.291991,0.220801,0.408602
s3g1,3,1,3,Alice,Carrot,0,0.037518,0.050862,0.294071,0.293367,0.074723,0.378108
s3g2,3,1,3,Bob,Carrot,0,0.037705,0.041654,0.298498,0.293714,0.049014,0.275407
s3g3,3,1,3,Bob,Carrot,0,0.004671,0.039546,0.239852,0.288744,0.133165,0.417924
s3g4,3,1,3,Alice,Carrot,0,0.005912,0.032371,0.238504,0.282826,0.165679,0.444594
s3g5,3,1,3,Dave,Carrot,0,0.003700,0.027207,0.235505,0.277208,0.218495,0.357413
s3g6,3,1,3,Charlie,Carrot,0,0.022038,0.112017,0.276440,0.321453,0.059400,0.287123
s3g7,3,1,3,Eve,Carrot,0,0.012952,0.036043,0.261458,0.286336,0.213753,0.467378
s3g8,3,1,3,Bob,Carrot,0,0.006532,0.019446,0.241696,0.267197,0.201326,0.433219
s3g9,3,1,3,Bob,Carrot,0,0.081007,0.098012,0.321722,0.316113,0.046767,0.318871
s4g0,4,1,3,Eve,Carrot,0,0.006811,0.028146,0.247820,0.278055,0.053833,0.060754
s4g1,4,1,3,Alice,Carrot,0,0.029548,0.051848,0.292845,0.293927,0.144800,0.081371
s4g2,4,1,3,Eve,Carrot,0,0.026860,0.041032,0.291495,0.292522,0.030827,0.055137
s4g3,4,1,3,Bob,Carrot,0,0.004617,0.024809,0.237666,0.274624,0.086713,0.072794
s4g4,4,1,3,Alice,Carrot,0,0.015752,0.034282,0.259356,0.278690,0.093544,0.096210
s4g5,4,1,3,Bob,Carrot,0,0.034806,0.085148,0.294314,0.311087,0.147214,0.072800
s4g6,4,1,3,Eve,Carrot,0,0.007358,0.021904,0.248589,0.275571,0.065415,0.049918
s4g7,4,1,3,Dave,Carrot,0,0.015540,0.048433,0.259103,0.287669,0.065182,0.049762
s4g8,4,1,3,Eve,Carrot,0,0.020931,0.127712,0.274202,0.322776,0.024075,0.060307
s4g9,4,1,3,Charlie,Carrot,0,0.013063,0.049196,0.260439,0.297392,0.198078,0.070902
s0g0,0,1,4,Dave,Carrot,0,0.026020,0.046183,0.284747,0.291502,0.666059,0.280823
s0g1,0,1,4,Alice,Carrot,0,0.018053,0.072709,0.272915,0.304802,0.559346,0.342402
s0g2,0,1,4,Bob,Carrot,0,0.004938,0.034748,0.232397,0.284976,0.527639,0.321300
s0g3,0,1,4,Bob,Carrot,0,0.027036,0.054217,0.291110,0.297339,0.458562,0.288987
s0g4,0,1,4,Charlie,Carrot,0,0.041074,0.076720,0.297399,0.306259,0.522000,0.310387
s0g5,0,1,4,Alice,Carrot,0,0.024933,0.092591,0.287909,0.315992,0.468556,0.274047
s0g6,0,1,4,Eve,Carrot,0,0.066892,0.118651,0.307043,0.324099,0.642427,0.465151
s0g7,0,1,4,Charlie,Carrot,0,0.020042,0.047529,0.280370,0.289731,0.640350,0.393822
s0g8,0,1,4,Alice,Carrot,0,0.069962,0.093299,0.308647,0.311423,0.337523,0.369677
s0g9,0,1,4,Charlie,Carrot,0,0.041654,0.047769,0.294962,0.293300,0.416067,0.316480
s1g0,1,1,4,Charlie,Carrot,0,0.001727,0.021491,0.218580,0.270278,0.981229,0.950943
s1g1,1,1,4,Alice,Carrot,0,0.013601,0.034112,0.266277,0.280775,0.830841,0.904410
s1g2,1,1,4,Dave,Carrot,0,0.022402,0.092749,0.275963,0.315892,0.935922,0.894690
s1g3,1,1,4,Charlie,Carrot,0,0.069312,0.101411,0.310669,0.316405,0.951706,0.910126
s1g4,1,1,4,Charlie,Carrot,0,0.062645,0.052550,0.307179,0.294612,0.850512,0.828418
s1g5,1,1,4,Dave,Carrot,0,0.017529,0.026972,0.271685,0.277245,0.973903,0.936750
s1g6,1,1,4,Eve,Carrot,0,0.003496,0.020288,0.228759,0.268024,0.934247,0.908431
s1g7,1,1,4,Bob,Carrot,0,0.143609,0.082542,0.344952,0.315347,0.858690,0.910257
s1g8,1,1,4,Alice,Carrot,0,0.048924,0.087524,0.304059,0.310637,0.965358,0.931484
s1g9,1,1,4,Eve,Carrot,0,0.058813,0.253562,0.307653,0.349838,0.959585,0.912838
s2g0,2,1,4,Eve,Carrot,0,0.019273,0.030042,0.268449,0.280678,0.827121,0.838784
s2g1,2,1,4,Charlie,Carrot,0,0.042783,0.091642,0.296798,0.313735,0.816937,0.860761
s2g2,2,1,4,Eve,Carrot,0,0.110074,0.034126,0.322154,0.277956,0.894466,0.849929
s2g3,2,1,4,Charlie,Carrot,0,0.004964,0.015343,0.232341,0.257953,0.791414,0.747981
s2g4,2,1,4,Dave,Carrot,0,0.039888,0.167863,0.296262,0.331893,0.821838,0.861140
s2g5,2,1,4,Eve,Carrot,0,0.107295,0.095944,0.332578,0.311513,0.785198,0.835658
s2g6,2,1,4,Alice,Carrot,0,0.021278,0.064250,0.279549,0.301244,0.741828,0.820515
s2g7,2,1,4,Charlie,Carrot,0,0.008561,0.035455,0.253046,0.287151,0.703642,0.738822
s2g8,2,1,4,Bob,Carrot,0,0.013612,0.304847,0.259813,0.358124,0.808495,0.857169
s2g9,2,1,4,Alice,Carrot,0,0.017642,0.021902,0.287812,0.274619,0.700273,0.814479
s3g0,3,1,4,Charlie,Carrot,0,0.027605,0.081906,0.281402,0.310876,0.089043,0.269666
s3g1,3,1,4,Eve,Carrot,0,0.130990,0.098411,0.331718,0.312748,0.076325,0.423719
s3g2,3,1,4,Dave,Carrot,0,0.020604,0.037478,0.283796,0.288945,0.085206,0.301535
s3g3,3,1,4,Eve,Carrot,0,0.045300,0.065008,0.302772,0.304163,0.131177,0.313999
s3g4,3,1,4,Bob,Carrot,0,0.016938,0.067461,0.269106,0.304278,0.055497,0.302530
s3g5,3,1,4,Charlie,Carrot,0,0.045507,0.112486,0.291832,0.317485,0.133020,0.399236
s3g6,3,1,4,Dave,Carrot,0,0.080290,0.115968,0.320582,0.323953,0.124403,0.357500
s3g7,3,1,4,Dave,Carrot,0,0.016013,0.030761,0.282803,0.289641,0.114760,0.193118
s3g8,3,1,4,Charlie,Carrot,0,0.033538,0.042809,0.297402,0.292458,0.047628,0.287983
s3g9,3,1,4,Alice,Carrot,0,0.281891,0.347830,0.375783,0.362968,0.077032,0.442550
s4g0,4,1,4,Charlie,Carrot,0,0.158659,0.067738,0.346920,0.303202,0.076108,0.057660
s4g1,4,1,4,Eve,Carrot,0,0.010741,0.075080,0.264272,0.303402,0.039234,0.045581
s4g2,4,1,4,Charlie,Carrot,0,0.063655,0.056182,0.304858,0.298068,0.115315,0.066122
s4g3,4,1,4,Charlie,Carrot,0,0.031895,0.043999,0.289422,0.288449,0.080571,0.087079
s4g4,4,1,4,Dave,Carrot,0,0.009792,0.041298,0.252635,0.286660,0.064749,0.073058
s4g5,4,1,4,Dave,Carrot,0,0.699354,0.313110,0.428248,0.358724,0.041191,0.042131
s4g6,4,1,4,Bob,Carrot,0,0.053410,0.063435,0.306876,0.301754,0.095215,0.077913
s4g7,4,1,4,Alice,Carrot,0,0.007794,0.040413,0.251480,0.286739,0.043156,0.059413
s4g8,4,1,4,Alice,Carrot,0,0.011393,0.038115,0.264059,0.286759,0.064390,0.076799
s4g9,4,1,4,Bob,Carrot,0,0.013511,0.039922,0.262257,0.287501,0.173998,0.089217
s0g0,0,2,0,Charlie,Carrot,0,0.403977,0.118980,0.385193,0.319371,0.595338,0.330860
s0g1,0,2,0,Dave,Carrot,0,0.052534,0.115545,0.303795,0.320312,0.457746,0.285377
s0g2,0,2,0,Dave,Carrot,0,0.276979,0.099052,0.362884,0.312753,0.518727,0.350464
s0g3,0,2,0,Dave,Carrot,0,0.020680,0.032835,0.274090,0.283673,0.433117,0.288409
s0g4,0,2,0,Dave,Carrot,0,0.015279,0.069302,0.275036,0.305995,0.319695,0.308899
s0g5,0,2,0,Dave,Carrot,0,0.337697,0.207579,0.370331,0.344196,0.426214,0.291963
s0g6,0,2,0,Dave,Carrot,0,0.151100,0.111344,0.341821,0.314833,0.371407,0.365440
s0g7,0,2,0,Alice,Carrot,0,0.099722,0.163181,0.322941,0.325321,0.714447,0.469992
s0g8,0,2,0,Eve,Carrot,0,0.209526,0.140348,0.344837,0.323236,0.474907,0.499766
s0g9,0,2,0,Dave,Carrot,0,0.005985,0.026517,0.248278,0.277941,0.430243,0.243643
s1g0,1,2,0,Dave,Carrot,0,0.174129,0.178160,0.341058,0.337600,0.946262,0.930790
s1g1,1,2,0,Eve,Carrot,0,0.076007,0.085246,0.321920,0.307874,0.846671,0.914636
s1g2,1,2,0,Alice,Carrot,0,0.050743,0.081255,0.302721,0.308500,0.798030,0.908047
s1g3,1,2,0,Eve,Carrot,0,0.010609,0.032900,0.269428,0.282586,0.924938,0.923584
s1g4,1,2,0,Alice,Carrot,0,0.055599,0.051509,0.311286,0.293258,0.906673,0.914422
s1g5,1,2,0,Alice,Carrot,0,0.015725,0.048491,0.276330,0.292939,0.904799,0.881066
s1g6,1,2,0,Bob,Carrot,0,0.084973,0.085457,0.322726,0.309974,0.885611,0.906501
s1g7,1,2,0,Charlie,Carrot,0,0.125404,0.065813,0.325585,0.304812,0.826439,0.905292
s1g8,1,2,0,Bob,Carrot,0,0.392746,0.181778,0.380730,0.343682,0.910555,0.922949
s1g9,1,2,0,Charlie,Carrot,0,0.344902,0.262681,0.374347,0.350084,0.927961,0.918490
s2g0,2,2,0,Alice,Carrot,0,0.017987,0.097595,0.279983,0.313852,0.796982,0.805267
s2g1,2,2,0,Bob,Carrot,0,0.208139,0.239366,0.363723,0.343588,0.768113,0.819511
s2g2,2,2,0,Bob,Carrot,0,0.014380,0.057600,0.259627,0.294707,0.748105,0.835768
s2g3,2,2,0,Bob,Carrot,0,0.022274,0.066634,0.278190,0.299616,0.735480,0.845059
s2g4,2,2,0,Charlie,Carrot,0,0.013453,0.051824,0.265900,0.292682,0.640023,0.798402
s2g5,2,2,0,Dave,Carrot,0,0.103588,0.069482,0.330000,0.309447,0.837331,0.841873
s2g6,2,2,0,Bob,Carrot,0,0.171360,0.147385,0.337109,0.325318,0.698593,0.825584
s2g7,2,2,0,Bob,Carrot,0,0.062063,0.130330,0.315825,0.324781,0.688758,0.797099
s2g8,2,2,0,Eve,Carrot,0,0.410292,0.311807,0.387964,0.357534,0.938742,0.839913
s2g9,2,2,0,Dave,Carrot,0,0.012860,0.053617,0.266742,0.296546,0.606958,0.782199
s3g0,3,2,0,Alice,Carrot,0,0.042973,0.047222,0.300476,0.293855,0.125098,0.373490
s3g1,3,2,0,Dave,Carrot,0,0.033875,0.076519,0.290116,0.303733,0.288097,0.439394
s3g2,3,2,0,Eve,Carrot,0,0.231699,0.113706,0.357799,0.323352,0.332675,0.389378
s3g3,3,2,0,Dave,Carrot,0,0.220461,0.126669,0.355843,0.324890,0.070881,0.309396
s3g4,3,2,0,Alice,Carrot,0,0.048916,0.066954,0.302286,0.301425,0.164949,0.392912
s3g5,3,2,0,Dave,Carrot,0,0.020776,0.101788,0.279061,0.315626,0.293603,0.456556
s3g6,3,2,0,Alice,Carrot,0,0.433352,0.184377,0.391266,0.339977,0.256007,0.428390
s3g7,3,2,0,Eve,Carrot,0,0.031920,0.059810,0.289873,0.299573,0.190083,0.408424
s3g8,3,2,0,Alice,Carrot,0,0.086189,0.088698,0.325886,0.310224,0.277505,0.417549
s3g9,3,2,0,Dave,Carrot,0,0.472311,0.469860,0.404786,0.381183,0.182740,0.532050
s4g0,4,2,0,Dave,Carrot,0,0.124760,0.176779,0.337797,0.341540,0.089528,0.074796
s4g1,4,2,0,Charlie,Carrot,0,0.012133,0.033240,0.265093,0.279253,0.195034,0.096650
s4g2,4,2,0,Dave,Carrot,0,0.494509,0.320322,0.401418,0.365084,0.048121,0.060611
s4g3,4,2,0,Dave,Carrot,0,0.011960,0.029911,0.259917,0.277885,0.088767,0.087976
s4g4,4,2,0,Alice,Carrot,0,0.010833,0.055186,0.253255,0.291410,0.052386,0.083231
s4g5,4,2,0,Bob,Carrot,0,0.107218,0.306564,0.335999,0.357553,0.033422,0.073438
s4g6,4,2,0,Dave,Carrot,0,0.007373,0.028860,0.251449,0.277736,0.105568,0.095150
s4g7,4,2,0,Dave,Carrot,0,0.145841,0.124639,0.335595,0.325701,0.064221,0.092392
s4g8,4,2,0,Eve,Carrot,0,0.091420,0.088563,0.328009,0.305052,0.047179,0.054444
s4g9,4,2,0,Eve,Carrot,0,0.016997,0.027203,0.266768,0.275647,0.108163,0.081895
s0g0,0,2,1,Bob,Carrot,0,0.397756,0.325482,0.385425,0.365157,0.352119,0.362546
s0g1,0,2,1,Bob,Carrot,0,0.100858,0.179521,0.335742,0.341387,0.453911,0.407423
s0g2,0,2,1,Alice,Carrot,0,0.011986,0.091987,0.268976,0.312816,0.611610,0.296034
s0g3,0,2,1,Bob,Carrot,0,0.008353,0.034637,0.250329,0.280162,0.430894,0.471151
s0g4,0,2,1,Bob,Carrot,0,0.198055,0.145732,0.347820,0.327175,0.408040,0.299267
s0g5,0,2,1,Bob,Carrot,0,0.135894,0.177478,0.333497,0.336314,0.504076,0.287380
s0g6,0,2,1,Alice,Carrot,0,0.013276,0.027241,0.268033,0.279799,0.579991,0.364034
s0g7,0,2,1,Dave,Carrot,0,0.243311,0.191884,0.359289,0.340768,0.386632,0.360862
s0g8,0,2,1,Bob,Carrot,0,0.056914,0.156706,0.312484,0.329930,0.452868,0.299792
s0g9,0,2,1,Bob,Carrot,0,0.037469,0.148869,0.292690,0.327859,0.325316,0.360403
s1g0,1,2,1,Alice,Carrot,0,0.294144,0.134573,0.364453,0.325176,0.910683,0.901466
s1g1,1,2,1,Dave,Carrot,0,0.153605,0.163007,0.339011,0.333616,0.946136,0.928777
s1g2,1,2,1,Eve,Carrot,0,0.072729,0.127673,0.311151,0.323296,0.809883,0.891814
s1g3,1,2,1,Bob,Carrot,0,0.012046,0.041456,0.265244,0.287324,0.921759,0.925929
s1g4,1,2,1,Charlie,Carrot,0,0.008447,0.044009,0.252893,0.288922,0.910158,0.917660
s1g5,1,2,1,Eve,Carrot,0,0.179346,0.109342,0.352542,0.319506,0.953167,0.915523
s1g6,1,2,1,Eve,Carrot,0,0.042870,0.084029,0.297941,0.311216,0.950809,0.917463
s1g7,1,2,1,Alice,Carrot,0,0.071929,0.029396,0.307648,0.279896,0.851498,0.901603
s1g8,1,2,1,Dave,Carrot,0,0.103899,0.099083,0.330223,0.315063,0.904870,0.928394
s1g9,1,2,1,Alice,Carrot,0,0.360871,0.348705,0.382476,0.364901,0.936870,0.919067
s2g0,2,2,1,Dave,Carrot,0,0.035296,0.076106,0.298928,0.305436,0.691706,0.771577
s2g1,2,2,1,Alice,Carrot,0,0.024333,0.154025,0.278114,0.327775,0.875608,0.885537
s2g2,2,2,1,Charlie,Carrot,0,0.002895,0.052258,0.229948,0.294852,0.716580,0.803357
s2g3,2,2,1,Dave,Carrot,0,0.019028,0.072295,0.290068,0.305955,0.581196,0.797037
s2g4,2,2,1,Dave,Carrot,0,0.211100,0.253003,0.345482,0.347359,0.825463,0.887282
s2g5,2,2,1,Eve,Carrot,0,0.049137,0.068950,0.302561,0.301843,0.505878,0.761429
s2g6,2,2,1,Charlie,Carrot,0,0.062252,0.084633,0.305395,0.308530,0.708406,0.808427
s2g7,2,2,1,Eve,Carrot,0,0.008384,0.080577,0.262409,0.311851,0.595425,0.818642
s2g8,2,2,1,Charlie,Carrot,0,0.207245,0.110500,0.351303,0.322808,0.811812,0.837889
s2g9,2,2,1,Charlie,Carrot,0,0.011589,0.031051,0.267863,0.280716,0.563081,0.737000
s3g0,3,2,1,Charlie,Carrot,0,0.537488,0.213218,0.393004,0.349114,0.507857,0.425031
s3g1,3,2,1,Charlie,Carrot,0,0.013114,0.063869,0.264783,0.299778,0.152216,0.446184
s3g2,3,2,1,Bob,Carrot,0,0.009823,0.058071,0.253361,0.298076,0.085308,0.427917
s3g3,3,2,1,Charlie,Carrot,0,0.345949,0.236897,0.382908,0.346919,0.114149,0.373547
s3g4,3,2,1,Eve,Carrot,0,0.021772,0.119141,0.288876,0.323355,0.489998,0.467703
s3g5,3,2,1,Charlie,Carrot,0,0.117880,0.127531,0.328192,0.321369,0.066512,0.303909
s3g6,3,2,1,Charlie,Carrot,0,0.472720,0.422267,0.387989,0.375731,0.146354,0.368238
s3g7,3,2,1,Bob,Carrot,0,0.128977,0.137866,0.329312,0.323528,0.133248,0.431529
s3g8,3,2,1,Bob,Carrot,0,0.043491,0.165942,0.308312,0.334976,0.213508,0.479460
s3g9,3,2,1,Alice,Carrot,0,0.180841,0.148651,0.337774,0.326927,0.171699,0.515978
s4g0,4,2,1,Bob,Carrot,0,0.133614,0.318170,0.341043,0.357899,0.039466,0.070368
s4g1,4,2,1,Eve,Carrot,0,0.245995,0.167282,0.356122,0.332848,0.215851,0.110600
s4g2,4,2,1,Eve,Carrot,0,0.293565,0.185667,0.361096,0.335890,0.330713,0.089205
s4g3,4,2,1,Eve,Carrot,0,0.003420,0.035280,0.228748,0.282797,0.024138,0.066818
s4g4,4,2,1,Eve,Carrot,0,0.035998,0.067218,0.290318,0.301314,0.052574,0.090430
s4g5,4,2,1,Dave,Carrot,0,0.163057,0.180284,0.343140,0.338142,0.173047,0.090851
s4g6,4,2,1,Charlie,Carrot,0,0.006230,0.037835,0.247332,0.287387,0.035864,0.062840
s4g7,4,2,1,Alice,Carrot,0,0.245554,0.283715,0.353155,0.357732,0.060924,0.070180
s4g8,4,2,1,Alice,Carrot,0,0.183399,0.158416,0.350029,0.330650,0.319419,0.121297
s4g9,4,2,1,Bob,Carrot,0,0.002127,0.027010,0.220821,0.276236,0.050381,0.057565
s0g0,0,2,2,Alice,Carrot,0,0.119165,0.062298,0.321256,0.301290,0.606585,0.474597
s0g1,0,2,2,Alice,Carrot,0,0.058553,0.094430,0.302825,0.312867,0.451686,0.268314
s0g2,0,2,2,Eve,Carrot,0,0.086549,0.289454,0.316701,0.352284,0.466507,0.455613
s0g3,0,2,2,Charlie,Carrot,0,0.176769,0.284990,0.347148,0.354603,0.626734,0.406100
s0g4,0,2,2,Charlie,Carrot,0,0.015347,0.048861,0.274941,0.292994,0.526450,0.301448
s0g5,0,2,2,Alice,Carrot,0,0.040145,0.147492,0.299148,0.330222,0.443737,0.267141
s0g6,0,2,2,Bob,Carrot,0,0.349613,0.214930,0.370288,0.346631,0.552487,0.472565
s0g7,0,2,2,Bob,Carrot,0,0.077738,0.078054,0.326804,0.308521,0.517303,0.346721
s0g8,0,2,2,Dave,Carrot,0,0.011033,0.114419,0.259724,0.317660,0.583980,0.321410
s0g9,0,2,2,Charlie,Carrot,0,0.013901,0.037943,0.265454,0.286621,0.256493,0.307568
s1g0,1,2,2,Bob,Carrot,0,0.009511,0.035183,0.259315,0.291220,0.926492,0.905199
s1g1,1,2,2,Bob,Carrot,0,0.027829,0.079157,0.282169,0.306926,0.947601,0.919552
s1g2,1,2,2,Bob,Carrot,0,0.030477,0.078011,0.286315,0.306524,0.895945,0.900943
s1g3,1,2,2,Alice,Carrot,0,0.006085,0.035101,0.247681,0.283178,0.927790,0.912263
s1g4,1,2,2,Eve,Carrot,0,0.065734,0.031410,0.314443,0.280951,0.896035,0.905231
s1g5,1,2,2,Charlie,Carrot,0,0.058814,0.063320,0.296186,0.299787,0.962706,0.929970
s1g6,1,2,2,Dave,Carrot,0,0.014932,0.045331,0.277477,0.294173,0.908399,0.921569
s1g7,1,2,2,Eve,Carrot,0,0.192490,0.198422,0.349380,0.342873,0.914082,0.926527
s1g8,1,2,2,Alice,Carrot,0,0.005963,0.083872,0.249158,0.309538,0.951863,0.925931
s1g9,1,2,2,Bob,Carrot,0,0.127576,0.207486,0.321010,0.338874,0.932935,0.912783
s2g0,2,2,2,Charlie,Carrot,0,0.071272,0.099819,0.310155,0.318372,0.855743,0.864306
s2g1,2,2,2,Dave,Carrot,0,0.095812,0.247220,0.316615,0.348901,0.843950,0.855911
s2g2,2,2,2,Eve,Carrot,0,0.036400,0.057657,0.300357,0.298960,0.769150,0.822559
s2g3,2,2,2,Charlie,Carrot,0,0.037948,0.103125,0.298012,0.315870,0.770187,0.828129
s2g4,2,2,2,Bob,Carrot,0,0.379191,0.204796,0.380867,0.340836,0.747256,0.815597
s2g5,2,2,2,Alice,Carrot,0,0.011293,0.041644,0.269643,0.286907,0.630059,0.796089
s2g6,2,2,2,Eve,Carrot,0,0.063142,0.194289,0.313042,0.341025,0.829455,0.890161
s2g7,2,2,2,Dave,Carrot,0,0.008244,0.028483,0.252839,0.278405,0.649931,0.735401
s2g8,2,2,2,Bob,Carrot,0,0.027915,0.083687,0.282441,0.310140,0.746676,0.821099
s2g9,2,2,2,Bob,Carrot,0,0.149602,0.111170,0.343300,0.317667,0.847919,0.844684
s3g0,3,2,2,Eve,Carrot,0,0.024749,0.233970,0.284131,0.348781,0.237619,0.533589
s3g1,3,2,2,Alice,Carrot,0,0.005712,0.055673,0.248884,0.294989,0.143633,0.469210
s3g2,3,2,2,Charlie,Carrot,0,0.007354,0.094689,0.254765,0.317028,0.077142,0.397903
s3g3,3,2,2,Eve,Carrot,0,0.042972,0.064779,0.299657,0.300000,0.096783,0.366812
s3g4,3,2,2,Bob,Carrot,0,0.004549,0.042565,0.241461,0.291144,0.114529,0.457478
s3g5,3,2,2,Alice,Carrot,0,0.047046,0.171530,0.307108,0.338610,0.285411,0.414389
s3g6,3,2,2,Eve,Carrot,0,0.153194,0.270393,0.343098,0.353913,0.128447,0.401446
s3g7,3,2,2,Dave,Carrot,0,0.029577,0.128402,0.281833,0.325397,0.356725,0.508017
s3g8,3,2,2,Eve,Carrot,0,0.048136,0.209108,0.301973,0.344670,0.167467,0.398762
s3g9,3,2,2,Charlie,Carrot,0,0.190952,0.239285,0.342661,0.345673,0.237933,0.498587
s4g0,4,2,2,Eve,Carrot,0,0.063745,0.131720,0.315805,0.325962,0.107572,0.085003
s4g1,4,2,2,Alice,Carrot,0,0.103993,0.105767,0.332342,0.316834,0.114424,0.094486
s4g2,4,2,2,Bob,Carrot,0,0.104362,0.156327,0.334349,0.329396,0.301740,0.118943
s4g3,4,2,2,Charlie,Carrot,0,0.123134,0.086125,0.349342,0.313195,0.038509,0.057419
s4g4,4,2,2,Dave,Carrot,0,0.004201,0.057805,0.239141,0.299165,0.036171,0.074086
s4g5,4,2,2,Alice,Carrot,0,0.100399,0.314905,0.321895,0.359053,0.193294,0.077722
s4g6,4,2,2,Bob,Carrot,0,0.006021,0.042451,0.248165,0.287659,0.028872,0.083240
s4g7,4,2,2,Bob,Carrot,0,0.102409,0.110633,0.317641,0.317948,0.274952,0.105272
s4g8,4,2,2,Dave,Carrot,0,0.225283,0.122100,0.356014,0.320803,0.075714,0.066223
s4g9,4,2,2,Charlie,Carrot,0,0.003583,0.042342,0.237284,0.287632,0.068594,0.068300
s0g0,0,2,3,Eve,Carrot,0,0.108231,0.121113,0.317568,0.322654,0.462601,0.411177
s0g1,0,2,3,Charlie,Carrot,0,0.048224,0.096217,0.304800,0.315088,0.438467,0.275070
s0g2,0,2,3,Bob,Carrot,0,0.277751,0.193395,0.363193,0.341588,0.574379,0.354370
s0g3,0,2,3,Eve,Carrot,0,0.014033,0.055477,0.273615,0.296864,0.491672,0.311042
s0g4,0,2,3,Eve,Carrot,0,0.018627,0.062824,0.276935,0.300248,0.565174,0.289972
s0g5,0,2,3,Charlie,Carrot,0,0.014253,0.062739,0.270697,0.301850,0.274430,0.272563
s0g6,0,2,3,Eve,Carrot,0,0.041818,0.079980,0.296169,0.308083,0.433966,0.283633
s0g7,0,2,3,Charlie,Carrot,0,0.030520,0.096987,0.286560,0.309560,0.496051,0.271529
s0g8,0,2,3,Charlie,Carrot,0,0.007682,0.062540,0.253471,0.298694,0.641977,0.324514
s0g9,0,2,3,Eve,Carrot,0,0.014964,0.084911,0.270970,0.310098,0.320778,0.322182
s1g0,1,2,3,Charlie,Carrot,0,0.024130,0.078375,0.279914,0.306346,0.899214,0.923030
s1g1,1,2,3,Alice,Carrot,0,0.012997,0.049842,0.266795,0.293883,0.930477,0.925960
s1g2,1,2,3,Dave,Carrot,0,0.021996,0.062034,0.289138,0.300829,0.940575,0.914739
s1g3,1,2,3,Dave,Carrot,0,0.308052,0.193517,0.372117,0.337349,0.906448,0.918977
s1g4,1,2,3,Dave,Carrot,0,0.002298,0.029606,0.223740,0.279043,0.938014,0.922769
s1g5,1,2,3,Bob,Carrot,0,0.024643,0.075798,0.278036,0.306855,0.945426,0.911401
s1g6,1,2,3,Alice,Carrot,0,0.039048,0.115211,0.302008,0.317362,0.897616,0.897861
s1g7,1,2,3,Bob,Carrot,0,0.041926,0.108542,0.294570,0.320499,0.858398,0.917463
s1g8,1,2,3,Charlie,Carrot,0,0.015052,0.074117,0.271048,0.303985,0.867944,0.925065
s1g9,1,2,3,Dave,Carrot,0,0.621928,0.335766,0.412262,0.361443,0.896923,0.919709
s2g0,2,2,3,Bob,Carrot,0,0.006882,0.040843,0.250467,0.291248,0.662509,0.793878
s2g1,2,2,3,Charlie,Carrot,0,0.213381,0.220692,0.350861,0.345960,0.872038,0.815627
s2g2,2,2,3,Alice,Carrot,0,0.064708,0.088582,0.310884,0.312792,0.617514,0.829280
s2g3,2,2,3,Eve,Carrot,0,0.020437,0.061778,0.277706,0.297596,0.790941,0.799133
s2g4,2,2,3,Eve,Carrot,0,0.036944,0.086187,0.295328,0.309758,0.794461,0.798184
s2g5,2,2,3,Bob,Carrot,0,0.236703,0.262217,0.355037,0.354137,0.918545,0.832648
s2g6,2,2,3,Alice,Carrot,0,0.022062,0.053171,0.274980,0.293418,0.773504,0.838009
s2g7,2,2,3,Alice,Carrot,0,0.061674,0.140187,0.313809,0.328764,0.812942,0.861828
s2g8,2,2,3,Dave,Carrot,0,0.014434,0.095220,0.264976,0.313984,0.741591,0.860152
s2g9,2,2,3,Eve,Carrot,0,0.078960,0.105732,0.329071,0.318960,0.711207,0.790836
s3g0,3,2,3,Dave,Carrot,0,0.069469,0.077261,0.311187,0.305626,0.158186,0.400222
s3g1,3,2,3,Eve,Carrot,0,0.004953,0.032542,0.241125,0.283548,0.163822,0.393749
s3g2,3,2,3,Alice,Carrot,0,0.015689,0.068358,0.280791,0.309184,0.251131,0.287960
s3g3,3,2,3,Alice,Carrot,0,0.024486,0.071715,0.281440,0.304698,0.250956,0.442049
s3g4,3,2,3,Charlie,Carrot,0,0.364796,0.374483,0.369318,0.360461,0.415783,0.549656
s3g5,3,2,3,Bob,Carrot,0,0.011689,0.060698,0.262986,0.297520,0.097221,0.442236
s3g6,3,2,3,Dave,Carrot,0,0.101939,0.118908,0.322242,0.320687,0.132331,0.435204
s3g7,3,2,3,Alice,Carrot,0,0.039012,0.146771,0.295594,0.326607,0.254252,0.434881
s3g8,3,2,3,Charlie,Carrot,0,0.030105,0.074967,0.287706,0.303108,0.172679,0.531052
s3g9,3,2,3,Eve,Carrot,0,0.039042,0.119860,0.295186,0.318284,0.176472,0.443266
s4g0,4,2,3,Alice,Carrot,0,0.184590,0.138890,0.348789,0.328087,0.033677,0.065796
s4g1,4,2,3,Dave,Carrot,0,0.091771,0.119908,0.329107,0.321156,0.079090,0.083002
s4g2,4,2,3,Alice,Carrot,0,0.055757,0.097030,0.306221,0.317456,0.040538,0.052828
s4g3,4,2,3,Alice,Carrot,0,0.017399,0.069304,0.276125,0.306985,0.147291,0.095921
s4g4,4,2,3,Charlie,Carrot,0,0.031914,0.086972,0.297888,0.311922,0.080836,0.084736
s4g5,4,2,3,Charlie,Carrot,0,0.422826,0.679260,0.386880,0.408035,0.049287,0.092626
s4g6,4,2,3,Alice,Carrot,0,0.007916,0.033893,0.254124,0.283890,0.064411,0.072031
s4g7,4,2,3,Charlie,Carrot,0,0.027979,0.106389,0.284416,0.319527,0.057655,0.068524
s4g8,4,2,3,Charlie,Carrot,0,0.139414,0.093250,0.334580,0.319074,0.034504,0.066855
s4g9,4,2,3,Alice,Carrot,0,0.007659,0.052847,0.255128,0.295662,0.051646,0.073165
s0g0,0,2,4,Dave,Carrot,0,0.049498,0.072757,0.302489,0.305472,0.441251,0.444992
s0g1,0,2,4,Eve,Carrot,0,0.025515,0.061020,0.285058,0.300644,0.430682,0.299168
s0g2,0,2,4,Charlie,Carrot,0,0.039067,0.164570,0.305910,0.331426,0.545345,0.321315
s0g3,0,2,4,Alice,Carrot,0,0.120429,0.118784,0.329926,0.321265,0.471044,0.391924
s0g4,0,2,4,Alice,Carrot,0,0.005396,0.027967,0.253835,0.283297,0.636615,0.487714
s0g5,0,2,4,Eve,Carrot,0,0.026000,0.161327,0.294557,0.333157,0.284871,0.401009
s0g6,0,2,4,Charlie,Carrot,0,0.023852,0.213694,0.276491,0.344584,0.512628,0.461636
s0g7,0,2,4,Eve,Carrot,0,0.015393,0.087242,0.265666,0.311046,0.582396,0.312462
s0g8,0,2,4,Alice,Carrot,0,0.055030,0.190549,0.300081,0.332875,0.377891,0.402265
s0g9,0,2,4,Alice,Carrot,0,0.064867,0.159023,0.320640,0.330317,0.407898,0.406081
s1g0,1,2,4,Eve,Carrot,0,0.008861,0.079820,0.255565,0.306411,0.931613,0.907196
s1g1,1,2,4,Charlie,Carrot,0,0.173060,0.089720,0.344653,0.315207,0.841507,0.895840
s1g2,1,2,4,Charlie,Carrot,0,0.057824,0.128644,0.309026,0.324115,0.876809,0.896792
s1g3,1,2,4,Charlie,Carrot,0,0.041381,0.177004,0.298358,0.333160,0.930693,0.917789
s1g4,1,2,4,Bob,Carrot,0,0.157601,0.228569,0.330426,0.344435,0.894193,0.904531
s1g5,1,2,4,Dave,Carrot,0,0.026383,0.106559,0.292325,0.322186,0.931542,0.909317
s1g6,1,2,4,Charlie,Carrot,0,0.004046,0.075498,0.237307,0.309313,0.936444,0.911558
s1g7,1,2,4,Dave,Carrot,0,0.106145,0.083898,0.325481,0.313708,0.873983,0.935365
s1g8,1,2,4,Eve,Carrot,0,0.015804,0.156702,0.272208,0.333136,0.935840,0.897225
s1g9,1,2,4,Eve,Carrot,0,0.012830,0.401536,0.259715,0.367663,0.860207,0.924698
s2g0,2,2,4,Eve,Carrot,0,0.027946,0.093807,0.287459,0.311337,0.684546,0.826828
s2g1,2,2,4,Eve,Carrot,0,0.072272,0.190190,0.318612,0.337249,0.909290,0.912217
s2g2,2,2,4,Dave,Carrot,0,0.148780,0.101338,0.337595,0.316919,0.862833,0.869219
s2g3,2,2,4,Alice,Carrot,0,0.027802,0.093274,0.288935,0.310651,0.820330,0.850104
s2g4,2,2,4,Alice,Carrot,0,0.168915,0.112839,0.339305,0.321848,0.844751,0.860429
s2g5,2,2,4,Charlie,Carrot,0,0.028876,0.116078,0.292410,0.318483,0.704661,0.855628
s2g6,2,2,4,Dave,Carrot,0,0.025300,0.132664,0.291684,0.330256,0.758555,0.861067
s2g7,2,2,4,Charlie,Carrot,0,0.009764,0.073678,0.265833,0.304453,0.665481,0.850073
s2g8,2,2,4,Alice,Carrot,0,0.067218,0.141683,0.311255,0.324798,0.801275,0.879307
s2g9,2,2,4,Alice,Carrot,0,0.047839,0.100458,0.309661,0.316354,0.642587,0.828582
s3g0,3,2,4,Bob,Carrot,0,0.011795,0.060615,0.262967,0.297608,0.098410,0.449474
s3g1,3,2,4,Bob,Carrot,0,0.224316,0.147679,0.356677,0.326721,0.191051,0.425342
s3g2,3,2,4,Dave,Carrot,0,0.045090,0.151853,0.293946,0.332194,0.142486,0.462639
s3g3,3,2,4,Bob,Carrot,0,0.015274,0.067136,0.275777,0.301014,0.085187,0.409618
s3g4,3,2,4,Dave,Carrot,0,0.014648,0.217402,0.269985,0.346066,0.205360,0.434627
s3g5,3,2,4,Eve,Carrot,0,0.005956,0.086283,0.245261,0.311938,0.266606,0.460773
s3g6,3,2,4,Bob,Carrot,0,0.048996,0.116318,0.306653,0.321230,0.098666,0.374000
s3g7,3,2,4,Charlie,Carrot,0,0.073719,0.114818,0.322651,0.317648,0.292811,0.510735
s3g8,3,2,4,Dave,Carrot,0,0.121017,0.240759,0.339180,0.346389,0.214257,0.485238
s3g9,3,2,4,Bob,Carrot,0,0.072613,0.134391,0.314318,0.325221,0.237864,0.455546
s4g0,4,2,4,Charlie,Carrot,0,0.059787,0.095041,0.321920,0.315811,0.130214,0.066284
s4g1,4,2,4,Bob,Carrot,0,0.056509,0.098336,0.314909,0.315731,0.117831,0.074408
s4g2,4,2,4,Charlie,Carrot,0,0.078654,0.079121,0.318205,0.307713,0.166698,0.078353
s4g3,4,2,4,Bob,Carrot,0,0.010208,0.050524,0.268146,0.293278,0.103850,0.089507
s4g4,4,2,4,Bob,Carrot,0,0.104291,0.412375,0.319373,0.374575,0.047824,0.076546
s4g5,4,2,4,Eve,Carrot,0,0.311885,0.415946,0.370716,0.370044,0.035172,0.070767
s4g6,4,2,4,Eve,Carrot,0,0.326352,0.155619,0.377799,0.335978,0.029247,0.075768
s4g7,4,2,4,Eve,Carrot,0,0.037740,0.079999,0.293657,0.307710,0.087729,0.087876
s4g8,4,2,4,Bob,Carrot,0,0.039450,0.064548,0.298235,0.302080,0.067160,0.077918
s4g9,4,2,4,Dave,Carrot,0,0.043461,0.218042,0.302012,0.340634,0.078403,0.066349
