game_id,seed_group,round,position,speaker,role,silent,followup_full
s0g0,0,0,0,Bob,Carrot,0,0.386723
s0g1,0,0,0,Alice,Carrot,0,0.091818
s0g2,0,0,0,Bob,Carrot,0,0.561859
s0g3,0,0,0,Bob,Carrot,0,0.094196
s0g4,0,0,0,Bob,Parsnip,0,0.931900
s0g5,0,0,0,Alice,Carrot,0,0.234101
s0g6,0,0,0,Bob,Carrot,0,0.354020
s0g7,0,0,0,Charlie,Carrot,0,0.144658
s0g8,0,0,0,Eve,Carrot,0,0.910889
s0g9,0,0,0,Charlie,Carrot,0,0.576085
s0g10,0,0,0,Bob,Carrot,0,0.370413
s0g11,0,0,0,Alice,Carrot,0,0.204296
s0g12,0,0,0,Eve,Carrot,0,0.158566
s0g13,0,0,0,Eve,Carrot,0,0.166711
s0g14,0,0,0,Charlie,Carrot,0,0.393447
s0g15,0,0,0,Eve,Carrot,0,0.762939
s0g16,0,0,0,Bob,Parsnip,0,0.883340
s0g17,0,0,0,Charlie,Carrot,0,0.520843
s0g18,0,0,0,Alice,Carrot,0,0.545187
s0g19,0,0,0,Dave,Parsnip,0,0.966660
s1g0,1,0,0,Bob,Carrot,0,0.908741
s1g1,1,0,0,Eve,Carrot,0,0.909209
s1g2,1,0,0,Dave,Carrot,0,0.938768
s1g3,1,0,0,Eve,Carrot,0,0.102556
s1g4,1,0,0,Alice,Carrot,0,0.376720
s1g5,1,0,0,Eve,Carrot,0,0.040496
s1g6,1,0,0,Alice,Parsnip,0,0.924227
s1g7,1,0,0,Charlie,Carrot,0,0.640463
s1g8,1,0,0,Alice,Carrot,0,0.774288
s1g9,1,0,0,Eve,Carrot,0,0.570754
s1g10,1,0,0,Charlie,Carrot,0,0.492793
s1g11,1,0,0,Eve,Carrot,0,0.478232
s1g12,1,0,0,Bob,Carrot,0,0.514516
s1g13,1,0,0,Dave,Carrot,0,0.309043
s1g14,1,0,0,Bob,Carrot,0,0.149813
s1g15,1,0,0,Charlie,Carrot,0,0.900169
s1g16,1,0,0,Eve,Carrot,0,0.077469
s1g17,1,0,0,Alice,Carrot,0,0.710801
s1g18,1,0,0,Dave,Parsnip,0,0.829230
s1g19,1,0,0,Alice,Carrot,0,0.034482
s2g0,2,0,0,Charlie,Carrot,0,0.425533
s2g1,2,0,0,Charlie,Carrot,0,0.791769
s2g2,2,0,0,Charlie,Carrot,0,0.250587
s2g3,2,0,0,Eve,Carrot,0,0.748101
s2g4,2,0,0,Dave,Carrot,0,0.743903
s2g5,2,0,0,Alice,Carrot,0,0.785034
s2g6,2,0,0,Bob,Carrot,0,0.119241
s2g7,2,0,0,Bob,Carrot,0,0.589745
s2g8,2,0,0,Alice,Parsnip,0,0.986909
s2g9,2,0,0,Eve,Carrot,0,0.844144
s2g10,2,0,0,Bob,Carrot,0,0.649863
s2g11,2,0,0,Bob,Carrot,0,0.644799
s2g12,2,0,0,Charlie,Carrot,0,0.783847
s2g13,2,0,0,Charlie,Carrot,0,0.479671
s2g14,2,0,0,Alice,Parsnip,0,0.903535
s2g15,2,0,0,Alice,Carrot,0,0.573097
s2g16,2,0,0,Dave,Carrot,0,0.865495
s2g17,2,0,0,Bob,Carrot,0,0.295280
s2g18,2,0,0,Alice,Carrot,0,0.230862
s2g19,2,0,0,Dave,Parsnip,0,0.859753
s3g0,3,0,0,Bob,Parsnip,0,0.900133
s3g1,3,0,0,Eve,Carrot,0,0.901135
s3g2,3,0,0,Alice,Parsnip,0,0.982323
s3g3,3,0,0,Charlie,Carrot,0,0.541538
s3g4,3,0,0,Charlie,Carrot,0,0.533291
s3g5,3,0,0,Dave,Carrot,0,0.626153
s3g6,3,0,0,Bob,Carrot,0,0.143285
s3g7,3,0,0,Alice,Carrot,0,0.671376
s3g8,3,0,0,Charlie,Carrot,0,0.749299
s3g9,3,0,0,Dave,Carrot,0,0.679516
s3g10,3,0,0,Dave,Carrot,0,0.601224
s3g11,3,0,0,Alice,Carrot,0,0.828510
s3g12,3,0,0,Eve,Carrot,0,0.789757
s3g13,3,0,0,Dave,Carrot,0,0.793722
s3g14,3,0,0,Bob,Parsnip,0,0.982302
s3g15,3,0,0,Eve,Parsnip,0,0.996151
s3g16,3,0,0,Dave,Carrot,0,0.841340
s3g17,3,0,0,Dave,Carrot,0,0.220094
s3g18,3,0,0,Dave,Carrot,0,0.278259
s3g19,3,0,0,Dave,Carrot,0,0.443996
s4g0,4,0,0,Charlie,Carrot,0,0.660885
s4g1,4,0,0,Eve,Carrot,0,0.622277
s4g2,4,0,0,Eve,Carrot,0,0.649935
s4g3,4,0,0,Alice,Carrot,0,0.421365
s4g4,4,0,0,Eve,Carrot,0,0.066435
s4g5,4,0,0,Charlie,Carrot,0,0.640057
s4g6,4,0,0,Bob,Carrot,0,0.138934
s4g7,4,0,0,Alice,Parsnip,0,0.962699
s4g8,4,0,0,Alice,Carrot,0,0.169420
s4g9,4,0,0,Bob,Carrot,0,0.225928
s4g10,4,0,0,Dave,Carrot,0,0.064294
s4g11,4,0,0,Alice,Carrot,0,0.537085
s4g12,4,0,0,Dave,Carrot,0,0.073389
s4g13,4,0,0,Charlie,Carrot,0,0.084520
s4g14,4,0,0,Charlie,Carrot,0,0.428037
s4g15,4,0,0,Dave,Carrot,0,0.081858
s4g16,4,0,0,Charlie,Carrot,0,0.208651
s4g17,4,0,0,Alice,Carrot,0,0.933332
s4g18,4,0,0,Eve,Carrot,0,0.627628
s4g19,4,0,0,Charlie,Parsnip,0,0.899608
s0g0,0,0,1,Charlie,Carrot,0,0.737621
s0g1,0,0,1,Charlie,Parsnip,0,0.751317
s0g2,0,0,1,Alice,Carrot,0,0.041214
s0g3,0,0,1,Alice,Carrot,0,0.714307
s0g4,0,0,1,Charlie,Carrot,0,0.260510
s0g5,0,0,1,Bob,Carrot,0,0.305062
s0g6,0,0,1,Alice,Carrot,0,0.053404
s0g7,0,0,1,Bob,Carrot,0,0.540506
s0g8,0,0,1,Bob,Carrot,0,0.038020
s0g9,0,0,1,Bob,Carrot,0,0.041286
s0g10,0,0,1,Alice,Carrot,0,0.638493
s0g11,0,0,1,Eve,Carrot,0,0.679355
s0g12,0,0,1,Charlie,Parsnip,0,0.266614
s0g13,0,0,1,Dave,Parsnip,0,0.875542
s0g14,0,0,1,Dave,Carrot,0,0.025967
s0g15,0,0,1,Charlie,Carrot,0,0.091593
s0g16,0,0,1,Charlie,Carrot,0,0.212806
s0g17,0,0,1,Eve,Parsnip,0,0.716987
s0g18,0,0,1,Charlie,Carrot,0,0.255363
s0g19,0,0,1,Charlie,Carrot,0,0.440031
s1g0,1,0,1,Charlie,Carrot,0,0.481801
s1g1,1,0,1,Dave,Carrot,0,0.340620
s1g2,1,0,1,Alice,Carrot,0,0.801008
s1g3,1,0,1,Charlie,Carrot,0,0.288616
s1g4,1,0,1,Eve,Carrot,0,0.038717
s1g5,1,0,1,Dave,Parsnip,0,0.610983
s1g6,1,0,1,Charlie,Carrot,0,0.441098
s1g7,1,0,1,Dave,Carrot,0,0.176398
s1g8,1,0,1,Dave,Carrot,0,0.182549
s1g9,1,0,1,Alice,Carrot,0,0.011802
s1g10,1,0,1,Alice,Carrot,0,0.286248
s1g11,1,0,1,Charlie,Carrot,0,0.027566
s1g12,1,0,1,Dave,Carrot,0,0.248236
s1g13,1,0,1,Alice,Carrot,0,0.104283
s1g14,1,0,1,Dave,Carrot,0,0.038217
s1g15,1,0,1,Eve,Carrot,0,0.480416
s1g16,1,0,1,Charlie,Parsnip,0,0.782128
s1g17,1,0,1,Dave,Parsnip,0,0.960545
s1g18,1,0,1,Eve,Carrot,0,0.052328
s1g19,1,0,1,Eve,Carrot,0,0.005791
s2g0,2,0,1,Dave,Carrot,0,0.067302
s2g1,2,0,1,Alice,Carrot,0,0.023502
s2g2,2,0,1,Alice,Carrot,0,0.034878
s2g3,2,0,1,Dave,Carrot,0,0.424904
s2g4,2,0,1,Alice,Carrot,0,0.041991
s2g5,2,0,1,Bob,Carrot,0,0.767386
s2g6,2,0,1,Dave,Carrot,0,0.019551
s2g7,2,0,1,Charlie,Parsnip,0,0.705725
s2g8,2,0,1,Charlie,Carrot,0,0.050322
s2g9,2,0,1,Bob,Carrot,0,0.953971
s2g10,2,0,1,Dave,Carrot,0,0.089742
s2g11,2,0,1,Dave,Carrot,0,0.298134
s2g12,2,0,1,Bob,Parsnip,0,0.137291
s2g13,2,0,1,Alice,Parsnip,0,0.946942
s2g14,2,0,1,Eve,Carrot,0,0.380605
s2g15,2,0,1,Charlie,Carrot,0,0.661132
s2g16,2,0,1,Charlie,Parsnip,0,0.440211
s2g17,2,0,1,Dave,Carrot,0,0.377110
s2g18,2,0,1,Bob,Carrot,0,0.108834
s2g19,2,0,1,Eve,Carrot,0,0.194483
s3g0,3,0,1,Alice,Carrot,0,0.187280
s3g1,3,0,1,Dave,Carrot,0,0.306327
s3g2,3,0,1,Dave,Carrot,0,0.424537
s3g3,3,0,1,Alice,Carrot,0,0.684336
s3g4,3,0,1,Bob,Carrot,0,0.520500
s3g5,3,0,1,Eve,Carrot,0,0.146146
s3g6,3,0,1,Alice,Carrot,0,0.648685
s3g7,3,0,1,Eve,Carrot,0,0.003677
s3g8,3,0,1,Dave,Carrot,0,0.656282
s3g9,3,0,1,Bob,Carrot,0,0.389755
s3g10,3,0,1,Bob,Carrot,0,0.135886
s3g11,3,0,1,Bob,Carrot,0,0.645816
s3g12,3,0,1,Bob,Carrot,0,0.592437
s3g13,3,0,1,Charlie,Parsnip,0,0.949909
s3g14,3,0,1,Dave,Carrot,0,0.806992
s3g15,3,0,1,Bob,Carrot,0,0.139528
s3g16,3,0,1,Alice,Parsnip,0,0.516737
s3g17,3,0,1,Charlie,Carrot,0,0.309155
s3g18,3,0,1,Eve,Carrot,0,0.050526
s3g19,3,0,1,Bob,Parsnip,0,0.234424
s4g0,4,0,1,Dave,Parsnip,0,0.751994
s4g1,4,0,1,Bob,Carrot,0,0.090426
s4g2,4,0,1,Alice,Carrot,0,0.268149
s4g3,4,0,1,Bob,Carrot,0,0.060575
s4g4,4,0,1,Bob,Carrot,0,0.420449
s4g5,4,0,1,Bob,Parsnip,0,0.613571
s4g6,4,0,1,Dave,Carrot,0,0.337248
s4g7,4,0,1,Bob,Carrot,0,0.145571
s4g8,4,0,1,Bob,Carrot,0,0.454212
s4g9,4,0,1,Charlie,Parsnip,0,0.981158
s4g10,4,0,1,Charlie,Carrot,0,0.541028
s4g11,4,0,1,Charlie,Carrot,0,0.124602
s4g12,4,0,1,Charlie,Carrot,0,0.049673
s4g13,4,0,1,Bob,Carrot,0,0.075645
s4g14,4,0,1,Dave,Carrot,0,0.067370
s4g15,4,0,1,Charlie,Carrot,0,0.474185
s4g16,4,0,1,Bob,Carrot,0,0.759053
s4g17,4,0,1,Eve,Carrot,0,0.406642
s4g18,4,0,1,Bob,Carrot,0,0.036191
s4g19,4,0,1,Eve,Carrot,0,0.128890
s0g0,0,0,2,Dave,Parsnip,0,0.948419
s0g1,0,0,2,Eve,Carrot,0,0.376905
s0g2,0,0,2,Eve,Carrot,0,0.023900
s0g3,0,0,2,Eve,Carrot,0,0.237778
s0g4,0,0,2,Eve,Carrot,0,0.295670
s0g5,0,0,2,Eve,Parsnip,0,0.257677
s0g6,0,0,2,Dave,Carrot,0,0.020749
s0g7,0,0,2,Eve,Carrot,0,0.083579
s0g8,0,0,2,Dave,Carrot,0,0.070549
s0g9,0,0,2,Dave,Carrot,0,0.024159
s0g10,0,0,2,Eve,Parsnip,0,0.467168
s0g11,0,0,2,Bob,Carrot,0,0.020270
s0g12,0,0,2,Alice,Carrot,0,0.120227
s0g13,0,0,2,Alice,Carrot,0,0.528389
s0g14,0,0,2,Bob,Carrot,0,0.026827
s0g15,0,0,2,Bob,Carrot,0,0.298533
s0g16,0,0,2,Alice,Carrot,0,0.022929
s0g17,0,0,2,Alice,Carrot,0,0.072377
s0g18,0,0,2,Eve,Carrot,0,0.053630
s0g19,0,0,2,Alice,Carrot,0,0.019590
s1g0,1,0,2,Dave,Carrot,0,0.340026
s1g1,1,0,2,Bob,Carrot,0,0.089534
s1g2,1,0,2,Charlie,Carrot,0,0.503003
s1g3,1,0,2,Bob,Carrot,0,0.008393
s1g4,1,0,2,Bob,Parsnip,0,0.018537
s1g5,1,0,2,Bob,Carrot,0,0.021567
s1g6,1,0,2,Eve,Carrot,0,0.295516
s1g7,1,0,2,Alice,Carrot,0,0.034649
s1g8,1,0,2,Charlie,Carrot,0,0.084682
s1g9,1,0,2,Dave,Carrot,0,0.004192
s1g10,1,0,2,Eve,Parsnip,0,0.659202
s1g11,1,0,2,Bob,Carrot,0,0.012186
s1g12,1,0,2,Charlie,Carrot,0,0.779334
s1g13,1,0,2,Bob,Carrot,0,0.097455
s1g14,1,0,2,Charlie,Carrot,0,0.014852
s1g15,1,0,2,Dave,Carrot,0,0.060378
s1g16,1,0,2,Dave,Carrot,0,0.144147
s1g17,1,0,2,Charlie,Carrot,0,0.128419
s1g18,1,0,2,Bob,Carrot,0,0.012629
s1g19,1,0,2,Charlie,Parsnip,0,0.010663
s2g0,2,0,2,Alice,Parsnip,0,0.330241
s2g1,2,0,2,Bob,Carrot,0,0.001576
s2g2,2,0,2,Bob,Parsnip,0,0.341476
s2g3,2,0,2,Bob,Carrot,0,0.130310
s2g4,2,0,2,Eve,Parsnip,0,0.135197
s2g5,2,0,2,Eve,Carrot,0,0.131451
s2g6,2,0,2,Charlie,Carrot,0,0.171657
s2g7,2,0,2,Alice,Carrot,0,0.036091
s2g8,2,0,2,Bob,Carrot,0,0.013480
s2g9,2,0,2,Alice,Parsnip,0,0.938698
s2g10,2,0,2,Alice,Carrot,0,0.039579
s2g11,2,0,2,Eve,Parsnip,0,0.420509
s2g12,2,0,2,Dave,Carrot,0,0.194106
s2g13,2,0,2,Bob,Carrot,0,0.584314
s2g14,2,0,2,Dave,Carrot,0,0.018866
s2g15,2,0,2,Eve,Carrot,0,0.252525
s2g16,2,0,2,Eve,Carrot,0,0.062180
s2g17,2,0,2,Eve,Carrot,0,0.136090
s2g18,2,0,2,Eve,Parsnip,0,0.085140
s2g19,2,0,2,Bob,Carrot,0,0.019315
s3g0,3,0,2,Eve,Carrot,0,0.084214
s3g1,3,0,2,Bob,Carrot,0,0.041431
s3g2,3,0,2,Bob,Carrot,0,0.067941
s3g3,3,0,2,Bob,Carrot,0,0.095937
s3g4,3,0,2,Dave,Parsnip,0,0.884744
s3g5,3,0,2,Bob,Carrot,0,0.496193
s3g6,3,0,2,Dave,Carrot,0,0.771519
s3g7,3,0,2,Bob,Carrot,0,0.005666
s3g8,3,0,2,Alice,Carrot,0,0.050359
s3g9,3,0,2,Alice,Carrot,0,0.143779
s3g10,3,0,2,Eve,Parsnip,0,0.389085
s3g11,3,0,2,Eve,Carrot,0,0.228428
s3g12,3,0,2,Charlie,Carrot,0,0.558374
s3g13,3,0,2,Alice,Carrot,0,0.214372
s3g14,3,0,2,Eve,Carrot,0,0.426522
s3g15,3,0,2,Alice,Carrot,0,0.761129
s3g16,3,0,2,Eve,Carrot,0,0.264809
s3g17,3,0,2,Bob,Parsnip,0,0.443132
s3g18,3,0,2,Alice,Carrot,0,0.033514
s3g19,3,0,2,Alice,Carrot,0,0.253128
s4g0,4,0,2,Bob,Carrot,0,0.096249
s4g1,4,0,2,Dave,Carrot,0,0.066801
s4g2,4,0,2,Dave,Parsnip,0,0.564392
s4g3,4,0,2,Dave,Parsnip,0,0.469359
s4g4,4,0,2,Alice,Parsnip,0,0.574137
s4g5,4,0,2,Eve,Carrot,0,0.072516
s4g6,4,0,2,Charlie,Carrot,0,0.029036
s4g7,4,0,2,Dave,Carrot,0,0.022205
s4g8,4,0,2,Dave,Carrot,0,0.002856
s4g9,4,0,2,Eve,Carrot,0,0.893090
s4g10,4,0,2,Bob,Parsnip,0,0.243641
s4g11,4,0,2,Bob,Parsnip,0,0.780647
s4g12,4,0,2,Eve,Carrot,0,0.223237
s4g13,4,0,2,Alice,Parsnip,0,0.090787
s4g14,4,0,2,Eve,Parsnip,0,0.278427
s4g15,4,0,2,Bob,Carrot,0,0.001275
s4g16,4,0,2,Eve,Carrot,0,0.586295
s4g17,4,0,2,Charlie,Carrot,0,0.078062
s4g18,4,0,2,Charlie,Carrot,0,0.216952
s4g19,4,0,2,Bob,Carrot,0,0.041912
s0g0,0,0,3,Eve,Carrot,0,0.389329
s0g1,0,0,3,Dave,Carrot,0,0.041447
s0g2,0,0,3,Charlie,Carrot,0,0.082865
s0g3,0,0,3,Charlie,Carrot,0,0.096181
s0g4,0,0,3,Alice,Carrot,0,0.188833
s0g5,0,0,3,Charlie,Carrot,0,0.001985
s0g6,0,0,3,Eve,Parsnip,0,0.132243
s0g7,0,0,3,Dave,Carrot,0,0.340285
s0g8,0,0,3,Alice,Carrot,0,0.637589
s0g9,0,0,3,Eve,Carrot,0,0.126361
s0g10,0,0,3,Dave,Carrot,0,0.660817
s0g11,0,0,3,Dave,Parsnip,0,0.375676
s0g12,0,0,3,Bob,Carrot,0,0.002075
s0g13,0,0,3,Charlie,Carrot,0,0.011837
s0g14,0,0,3,Eve,Carrot,0,0.034857
s0g15,0,0,3,Alice,Parsnip,0,0.528018
s0g16,0,0,3,Eve,Carrot,0,0.029608
s0g17,0,0,3,Bob,Carrot,0,0.004892
s0g18,0,0,3,Bob,Parsnip,0,0.446651
s0g19,0,0,3,Bob,Carrot,0,0.006888
s1g0,1,0,3,Eve,Carrot,0,0.092044
s1g1,1,0,3,Alice,Carrot,0,0.390054
s1g2,1,0,3,Bob,Carrot,0,0.022608
s1g3,1,0,3,Dave,Carrot,0,0.024546
s1g4,1,0,3,Charlie,Carrot,0,0.007115
s1g5,1,0,3,Charlie,Carrot,0,0.006445
s1g6,1,0,3,Dave,Carrot,0,0.032693
s1g7,1,0,3,Eve,Carrot,0,0.066296
s1g8,1,0,3,Bob,Carrot,0,0.027798
s1g9,1,0,3,Bob,Carrot,0,0.002623
s1g10,1,0,3,Bob,Carrot,0,0.003650
s1g11,1,0,3,Dave,Parsnip,0,0.025357
s1g12,1,0,3,Alice,Parsnip,0,0.214424
s1g13,1,0,3,Charlie,Parsnip,0,0.227760
s1g14,1,0,3,Alice,Carrot,0,0.005300
s1g15,1,0,3,Alice,Parsnip,0,0.671300
s1g16,1,0,3,Alice,Carrot,0,0.096752
s1g17,1,0,3,Bob,Carrot,0,0.112113
s1g18,1,0,3,Alice,Carrot,0,0.149527
s1g19,1,0,3,Bob,Carrot,0,0.002868
s2g0,2,0,3,Bob,Carrot,0,0.009467
s2g1,2,0,3,Dave,Carrot,0,0.000195
s2g2,2,0,3,Dave,Carrot,0,0.084261
s2g3,2,0,3,Alice,Parsnip,0,0.870673
s2g4,2,0,3,Charlie,Carrot,0,0.058555
s2g5,2,0,3,Charlie,Parsnip,0,0.745888
s2g6,2,0,3,Alice,Carrot,0,0.009575
s2g7,2,0,3,Eve,Carrot,0,0.002430
s2g8,2,0,3,Dave,Carrot,0,0.016337
s2g9,2,0,3,Dave,Carrot,0,0.252267
s2g10,2,0,3,Charlie,Parsnip,0,0.242705
s2g11,2,0,3,Alice,Carrot,0,0.048180
s2g12,2,0,3,Eve,Carrot,0,0.137920
s2g13,2,0,3,Dave,Carrot,0,0.255804
s2g14,2,0,3,Bob,Carrot,0,0.079331
s2g15,2,0,3,Dave,Parsnip,0,0.728663
s2g16,2,0,3,Bob,Carrot,0,0.034296
s2g17,2,0,3,Alice,Carrot,0,0.366615
s2g18,2,0,3,Dave,Carrot,0,0.003963
s2g19,2,0,3,Charlie,Carrot,0,0.036345
s3g0,3,0,3,Dave,Carrot,0,0.076043
s3g1,3,0,3,Alice,Parsnip,0,0.958831
s3g2,3,0,3,Eve,Carrot,0,0.025015
s3g3,3,0,3,Eve,Parsnip,0,0.428772
s3g4,3,0,3,Alice,Carrot,0,0.650579
s3g5,3,0,3,Alice,Parsnip,0,0.568157
s3g6,3,0,3,Charlie,Carrot,0,0.428558
s3g7,3,0,3,Dave,Carrot,0,0.007196
s3g8,3,0,3,Eve,Carrot,0,0.236855
s3g9,3,0,3,Eve,Carrot,0,0.026070
s3g10,3,0,3,Charlie,Carrot,0,0.054251
s3g11,3,0,3,Dave,Parsnip,0,0.335308
s3g12,3,0,3,Dave,Carrot,0,0.381809
s3g13,3,0,3,Eve,Carrot,0,0.082647
s3g14,3,0,3,Alice,Carrot,0,0.080988
s3g15,3,0,3,Charlie,Carrot,0,0.011896
s3g16,3,0,3,Bob,Carrot,0,0.123123
s3g17,3,0,3,Alice,Carrot,0,0.058923
s3g18,3,0,3,Bob,Carrot,0,0.043148
s3g19,3,0,3,Charlie,Carrot,0,0.019579
s4g0,4,0,3,Eve,Carrot,0,0.055615
s4g1,4,0,3,Charlie,Parsnip,0,0.291564
s4g2,4,0,3,Bob,Carrot,0,0.137945
s4g3,4,0,3,Charlie,Carrot,0,0.018995
s4g4,4,0,3,Dave,Carrot,0,0.221544
s4g5,4,0,3,Dave,Carrot,0,0.095080
s4g6,4,0,3,Alice,Carrot,0,0.079895
s4g7,4,0,3,Eve,Carrot,0,0.007219
s4g8,4,0,3,Eve,Parsnip,0,0.263816
s4g9,4,0,3,Dave,Carrot,0,0.099388
s4g10,4,0,3,Alice,Carrot,0,0.111666
s4g11,4,0,3,Eve,Carrot,0,0.273034
s4g12,4,0,3,Bob,Carrot,0,0.200821
s4g13,4,0,3,Dave,Carrot,0,0.016608
s4g14,4,0,3,Alice,Carrot,0,0.305504
s4g15,4,0,3,Alice,Carrot,0,0.154173
s4g16,4,0,3,Alice,Parsnip,0,0.636228
s4g17,4,0,3,Dave,Parsnip,0,0.543135
s4g18,4,0,3,Dave,Carrot,0,0.015222
s4g19,4,0,3,Alice,Carrot,0,0.022128
s0g0,0,0,4,Alice,Carrot,0,0.137553
s0g1,0,0,4,Bob,Carrot,0,0.049400
s0g2,0,0,4,Dave,Parsnip,0,0.308525
s0g3,0,0,4,Dave,Parsnip,0,0.561786
s0g4,0,0,4,Dave,Carrot,0,0.078217
s0g5,0,0,4,Dave,Carrot,0,0.024856
s0g6,0,0,4,Charlie,Carrot,0,0.041797
s0g7,0,0,4,Alice,Parsnip,0,0.286589
s0g8,0,0,4,Charlie,Parsnip,0,0.894236
s0g9,0,0,4,Alice,Parsnip,0,0.236105
s0g10,0,0,4,Charlie,Carrot,0,0.151781
s0g11,0,0,4,Charlie,Carrot,0,0.040089
s0g12,0,0,4,Dave,Carrot,0,0.023441
s0g13,0,0,4,Bob,Carrot,0,0.002757
s0g14,0,0,4,Alice,Parsnip,0,0.248715
s0g15,0,0,4,Dave,Carrot,0,0.013652
s0g16,0,0,4,Dave,Carrot,0,0.013401
s0g17,0,0,4,Dave,Carrot,0,0.226621
s0g18,0,0,4,Dave,Carrot,0,0.091096
s0g19,0,0,4,Eve,Carrot,0,0.011266
s1g0,1,0,4,Alice,Parsnip,0,0.199753
s1g1,1,0,4,Charlie,Parsnip,0,0.539433
s1g2,1,0,4,Eve,Parsnip,0,0.109687
s1g3,1,0,4,Alice,Parsnip,0,0.281673
s1g4,1,0,4,Dave,Carrot,0,0.000879
s1g5,1,0,4,Alice,Carrot,0,0.003843
s1g6,1,0,4,Bob,Carrot,0,0.006008
s1g7,1,0,4,Bob,Parsnip,0,0.053590
s1g8,1,0,4,Eve,Parsnip,0,0.300926
s1g9,1,0,4,Charlie,Parsnip,0,0.045675
s1g10,1,0,4,Dave,Carrot,0,0.027558
s1g11,1,0,4,Alice,Carrot,0,0.073548
s1g12,1,0,4,Eve,Carrot,0,0.125333
s1g13,1,0,4,Eve,Carrot,0,0.106310
s1g14,1,0,4,Eve,Parsnip,0,0.093862
s1g15,1,0,4,Bob,Carrot,0,0.084067
s1g16,1,0,4,Bob,Carrot,0,0.033108
s1g17,1,0,4,Eve,Carrot,0,0.107649
s1g18,1,0,4,Charlie,Carrot,0,0.004778
s1g19,1,0,4,Dave,Carrot,0,0.023795
s2g0,2,0,4,Eve,Carrot,0,0.012516
s2g1,2,0,4,Eve,Parsnip,0,0.006927
s2g2,2,0,4,Eve,Carrot,0,0.032060
s2g3,2,0,4,Charlie,Carrot,0,0.001502
s2g4,2,0,4,Bob,Carrot,0,0.020186
s2g5,2,0,4,Dave,Carrot,0,0.112030
s2g6,2,0,4,Eve,Parsnip,0,0.372016
s2g7,2,0,4,Dave,Carrot,0,0.008975
s2g8,2,0,4,Eve,Carrot,0,0.005909
s2g9,2,0,4,Charlie,Carrot,0,0.009317
s2g10,2,0,4,Eve,Carrot,0,0.024327
s2g11,2,0,4,Charlie,Carrot,0,0.443789
s2g12,2,0,4,Alice,Carrot,0,0.074634
s2g13,2,0,4,Eve,Carrot,0,0.227716
s2g14,2,0,4,Charlie,Carrot,0,0.130637
s2g15,2,0,4,Bob,Carrot,0,0.354737
s2g16,2,0,4,Alice,Carrot,0,0.049845
s2g17,2,0,4,Charlie,Parsnip,0,0.163932
s2g18,2,0,4,Charlie,Carrot,0,0.010951
s2g19,2,0,4,Alice,Carrot,0,0.003651
s3g0,3,0,4,Charlie,Carrot,0,0.078116
s3g1,3,0,4,Charlie,Carrot,0,0.038257
s3g2,3,0,4,Charlie,Carrot,0,0.005796
s3g3,3,0,4,Dave,Carrot,0,0.032927
s3g4,3,0,4,Eve,Carrot,0,0.159979
s3g5,3,0,4,Charlie,Carrot,0,0.582308
s3g6,3,0,4,Eve,Parsnip,0,0.860590
s3g7,3,0,4,Charlie,Parsnip,0,0.082625
s3g8,3,0,4,Bob,Parsnip,0,0.192142
s3g9,3,0,4,Charlie,Parsnip,0,0.049582
s3g10,3,0,4,Alice,Carrot,0,0.000982
s3g11,3,0,4,Charlie,Carrot,0,0.016684
s3g12,3,0,4,Alice,Parsnip,0,0.858732
s3g13,3,0,4,Bob,Carrot,0,0.083480
s3g14,3,0,4,Charlie,Carrot,0,0.024429
s3g15,3,0,4,Dave,Carrot,0,0.403684
s3g16,3,0,4,Charlie,Carrot,0,0.633407
s3g17,3,0,4,Eve,Carrot,0,0.056867
s3g18,3,0,4,Charlie,Parsnip,0,0.231390
s3g19,3,0,4,Eve,Carrot,0,0.041759
s4g0,4,0,4,Alice,Carrot,0,0.147418
s4g1,4,0,4,Alice,Carrot,0,0.377633
s4g2,4,0,4,Charlie,Carrot,0,0.019315
s4g3,4,0,4,Eve,Carrot,0,0.020902
s4g4,4,0,4,Charlie,Carrot,0,0.002965
s4g5,4,0,4,Alice,Carrot,0,0.150856
s4g6,4,0,4,Eve,Parsnip,0,0.466933
s4g7,4,0,4,Charlie,Carrot,0,0.071684
s4g8,4,0,4,Charlie,Carrot,0,0.002104
s4g9,4,0,4,Alice,Carrot,0,0.434539
s4g10,4,0,4,Eve,Carrot,0,0.002300
s4g11,4,0,4,Dave,Carrot,0,0.094130
s4g12,4,0,4,Alice,Parsnip,0,0.817705
s4g13,4,0,4,Eve,Carrot,0,0.006846
s4g14,4,0,4,Bob,Carrot,0,0.022577
s4g15,4,0,4,Eve,Parsnip,0,0.471757
s4g16,4,0,4,Dave,Carrot,0,0.230370
s4g17,4,0,4,Bob,Carrot,0,0.167165
s4g18,4,0,4,Alice,Parsnip,0,0.189222
s4g19,4,0,4,Dave,Carrot,0,0.192634
s0g0,0,1,0,Charlie,Carrot,0,0.317362
s0g1,0,1,0,Dave,Carrot,0,0.076563
s0g2,0,1,0,Charlie,Carrot,0,0.130411
s0g3,0,1,0,Charlie,Carrot,0,0.045681
s0g4,0,1,0,Alice,Carrot,0,0.175058
s0g5,0,1,0,Eve,Parsnip,0,0.540479
s0g6,0,1,0,Alice,Carrot,0,0.048627
s0g7,0,1,0,Bob,Carrot,0,0.040743
s0g8,0,1,0,Eve,Carrot,0,0.011900
s0g9,0,1,0,Dave,Carrot,0,0.090229
s0g10,0,1,0,Bob,Carrot,0,0.023576
s0g11,0,1,0,Eve,Carrot,0,0.014800
s0g12,0,1,0,Alice,Carrot,0,0.157742
s0g13,0,1,0,Eve,Carrot,0,0.001233
s0g14,0,1,0,Eve,Carrot,0,0.003779
s0g15,0,1,0,Charlie,Carrot,0,0.068683
s0g16,0,1,0,Alice,Carrot,0,0.004643
s0g17,0,1,0,Eve,Parsnip,0,0.964680
s0g18,0,1,0,Bob,Parsnip,0,0.713680
s0g19,0,1,0,Alice,Carrot,0,0.001430
s1g0,1,1,0,Eve,Carrot,0,0.049946
s1g1,1,1,0,Bob,Carrot,0,0.005839
s1g2,1,1,0,Bob,Carrot,0,0.033225
s1g3,1,1,0,Eve,Carrot,0,0.010002
s1g4,1,1,0,Eve,Carrot,0,0.000663
s1g5,1,1,0,Bob,Carrot,0,0.000192
s1g6,1,1,0,Charlie,Carrot,0,0.001113
s1g7,1,1,0,Alice,Carrot,0,0.004526
s1g8,1,1,0,Bob,Carrot,0,0.016772
s1g9,1,1,0,Dave,Carrot,0,0.087738
s1g10,1,1,0,Charlie,Carrot,0,0.116952
s1g11,1,1,0,Bob,Carrot,0,0.004281
s1g12,1,1,0,Dave,Carrot,0,0.058167
s1g13,1,1,0,Charlie,Parsnip,0,0.529915
s1g14,1,1,0,Charlie,Carrot,0,0.006887
s1g15,1,1,0,Dave,Carrot,0,0.001063
s1g16,1,1,0,Charlie,Parsnip,0,0.180668
s1g17,1,1,0,Alice,Carrot,0,0.003380
s1g18,1,1,0,Alice,Carrot,0,0.009435
s1g19,1,1,0,Alice,Carrot,0,0.000620
s2g0,2,1,0,Alice,Parsnip,0,0.519396
s2g1,2,1,0,Bob,Carrot,0,0.005324
s2g2,2,1,0,Alice,Carrot,0,0.100438
s2g3,2,1,0,Dave,Carrot,0,0.143597
s2g4,2,1,0,Charlie,Carrot,0,0.104381
s2g5,2,1,0,Alice,Carrot,0,0.044636
s2g6,2,1,0,Dave,Carrot,0,0.013095
s2g7,2,1,0,Bob,Carrot,0,0.005537
s2g8,2,1,0,Dave,Carrot,0,0.134265
s2g9,2,1,0,Bob,Carrot,0,0.050197
s2g10,2,1,0,Charlie,Parsnip,0,0.041935
s2g11,2,1,0,Alice,Carrot,0,0.020715
s2g12,2,1,0,Charlie,Carrot,0,0.167379
s2g13,2,1,0,Charlie,Carrot,0,0.210410
s2g14,2,1,0,Eve,Carrot,0,0.000029
s2g15,2,1,0,Charlie,Carrot,0,0.003626
s2g16,2,1,0,Dave,Carrot,0,0.386096
s2g17,2,1,0,Eve,Carrot,0,0.054521
s2g18,2,1,0,Alice,Carrot,0,0.190647
s2g19,2,1,0,Bob,Carrot,0,0.001494
s3g0,3,1,0,Eve,Carrot,0,0.441092
s3g1,3,1,0,Bob,Carrot,0,0.078044
s3g2,3,1,0,Eve,Carrot,0,0.886075
s3g3,3,1,0,Charlie,Carrot,0,0.086682
s3g4,3,1,0,Charlie,Carrot,0,0.101189
s3g5,3,1,0,Bob,Carrot,0,0.290710
s3g6,3,1,0,Bob,Carrot,0,0.138974
s3g7,3,1,0,Bob,Carrot,0,0.001683
s3g8,3,1,0,Dave,Carrot,0,0.327249
s3g9,3,1,0,Eve,Carrot,0,0.031238
s3g10,3,1,0,Eve,Parsnip,0,0.001929
s3g11,3,1,0,Bob,Carrot,0,0.000012
s3g12,3,1,0,Eve,Carrot,0,0.412249
s3g13,3,1,0,Alice,Carrot,0,0.118951
s3g14,3,1,0,Alice,Carrot,0,0.002496
s3g15,3,1,0,Alice,Carrot,0,0.067720
s3g16,3,1,0,Alice,Parsnip,0,0.898458
s3g17,3,1,0,Dave,Carrot,0,0.949728
s3g18,3,1,0,Eve,Carrot,0,0.007269
s3g19,3,1,0,Alice,Carrot,0,0.034839
s4g0,4,1,0,Bob,Carrot,0,0.048717
s4g1,4,1,0,Dave,Carrot,0,0.048481
s4g2,4,1,0,Bob,Carrot,0,0.324479
s4g3,4,1,0,Alice,Carrot,0,0.137934
s4g4,4,1,0,Bob,Carrot,0,0.000214
s4g5,4,1,0,Eve,Carrot,0,0.010625
s4g6,4,1,0,Alice,Carrot,0,0.006892
s4g7,4,1,0,Eve,Carrot,0,0.033390
s4g8,4,1,0,Dave,Carrot,0,0.000161
s4g9,4,1,0,Eve,Carrot,0,0.021784
s4g10,4,1,0,Bob,Parsnip,0,0.003746
s4g11,4,1,0,Eve,Carrot,0,0.097152
s4g12,4,1,0,Bob,Carrot,0,0.000881
s4g13,4,1,0,Dave,Carrot,0,0.088885
s4g14,4,1,0,Alice,Carrot,0,0.010233
s4g15,4,1,0,Alice,Carrot,0,0.024275
s4g16,4,1,0,Charlie,Carrot,0,0.009270
s4g17,4,1,0,Dave,Parsnip,0,0.846355
s4g18,4,1,0,Bob,Carrot,0,0.046535
s4g19,4,1,0,Bob,Carrot,0,0.013617
s0g0,0,1,1,Eve,Carrot,0,0.021471
s0g1,0,1,1,Bob,Carrot,0,0.106708
s0g2,0,1,1,Eve,Carrot,0,0.013794
s0g3,0,1,1,Eve,Carrot,0,0.003115
s0g4,0,1,1,Bob,Parsnip,0,0.102533
s0g5,0,1,1,Bob,Carrot,0,0.004926
s0g6,0,1,1,Bob,Carrot,0,0.002132
s0g7,0,1,1,Alice,Parsnip,0,0.025037
s0g8,0,1,1,Bob,Carrot,0,0.184014
s0g9,0,1,1,Bob,Carrot,0,0.001052
s0g10,0,1,1,Charlie,Carrot,0,0.000475
s0g11,0,1,1,Charlie,Carrot,0,0.005798
s0g12,0,1,1,Dave,Carrot,0,0.028066
s0g13,0,1,1,Charlie,Carrot,0,0.000354
s0g14,0,1,1,Dave,Carrot,0,0.002235
s0g15,0,1,1,Bob,Carrot,0,0.019286
s0g16,0,1,1,Charlie,Carrot,0,0.000035
s0g17,0,1,1,Dave,Carrot,0,0.004380
s0g18,0,1,1,Alice,Carrot,0,0.009899
s0g19,0,1,1,Charlie,Carrot,0,0.000077
s1g0,1,1,1,Dave,Carrot,0,0.002463
s1g1,1,1,1,Dave,Carrot,0,0.002042
s1g2,1,1,1,Eve,Parsnip,0,0.046552
s1g3,1,1,1,Dave,Carrot,0,0.000170
s1g4,1,1,1,Bob,Parsnip,0,0.033227
s1g5,1,1,1,Alice,Carrot,0,0.000135
s1g6,1,1,1,Dave,Carrot,0,0.000027
s1g7,1,1,1,Eve,Carrot,0,0.000028
s1g8,1,1,1,Charlie,Carrot,0,0.054485
s1g9,1,1,1,Bob,Carrot,0,0.029858
s1g10,1,1,1,Eve,Parsnip,0,0.132740
s1g11,1,1,1,Dave,Parsnip,0,0.001646
s1g12,1,1,1,Charlie,Carrot,0,0.002771
s1g13,1,1,1,Eve,Carrot,0,0.000790
s1g14,1,1,1,Eve,Parsnip,0,0.010348
s1g15,1,1,1,Alice,Parsnip,0,0.003653
s1g16,1,1,1,Eve,Carrot,0,0.000068
s1g17,1,1,1,Charlie,Carrot,0,0.000241
s1g18,1,1,1,Charlie,Carrot,0,0.001052
s1g19,1,1,1,Bob,Carrot,0,0.000207
s2g0,2,1,1,Dave,Carrot,0,0.004045
s2g1,2,1,1,Dave,Carrot,0,0.000097
s2g2,2,1,1,Bob,Parsnip,0,0.003668
s2g3,2,1,1,Bob,Carrot,0,0.014129
s2g4,2,1,1,Alice,Carrot,0,0.002029
s2g5,2,1,1,Dave,Carrot,0,0.014197
s2g6,2,1,1,Charlie,Carrot,0,0.001175
s2g7,2,1,1,Alice,Carrot,0,0.000792
s2g8,2,1,1,Alice,Parsnip,0,0.005567
s2g9,2,1,1,Eve,Carrot,0,0.005587
s2g10,2,1,1,Alice,Carrot,0,0.016551
s2g11,2,1,1,Eve,Parsnip,0,0.040087
s2g12,2,1,1,Eve,Carrot,0,0.082107
s2g13,2,1,1,Alice,Parsnip,0,0.024258
s2g14,2,1,1,Dave,Carrot,0,0.023914
s2g15,2,1,1,Alice,Carrot,0,0.001032
s2g16,2,1,1,Bob,Carrot,0,0.002402
s2g17,2,1,1,Dave,Carrot,0,0.017280
s2g18,2,1,1,Dave,Carrot,0,0.001595
s2g19,2,1,1,Eve,Carrot,0,0.000093
s3g0,3,1,1,Bob,Parsnip,0,0.009108
s3g1,3,1,1,Charlie,Carrot,0,0.035825
s3g2,3,1,1,Alice,Parsnip,0,0.179843
s3g3,3,1,1,Alice,Carrot,0,0.003952
s3g4,3,1,1,Eve,Carrot,0,0.002933
s3g5,3,1,1,Alice,Parsnip,0,0.020246
s3g6,3,1,1,Eve,Parsnip,0,0.455723
s3g7,3,1,1,Charlie,Parsnip,0,0.018036
s3g8,3,1,1,Alice,Carrot,0,0.009009
s3g9,3,1,1,Charlie,Parsnip,0,0.000650
s3g10,3,1,1,Bob,Carrot,0,0.002293
s3g11,3,1,1,Charlie,Carrot,0,0.000272
s3g12,3,1,1,Bob,Carrot,0,0.073712
s3g13,3,1,1,Charlie,Parsnip,0,0.369704
s3g14,3,1,1,Bob,Parsnip,0,0.138497
s3g15,3,1,1,Bob,Carrot,0,0.008957
s3g16,3,1,1,Eve,Carrot,0,0.027606
s3g17,3,1,1,Alice,Carrot,0,0.049338
s3g18,3,1,1,Dave,Carrot,0,0.009440
s3g19,3,1,1,Dave,Carrot,0,0.004552
s4g0,4,1,1,Dave,Parsnip,0,0.070248
s4g1,4,1,1,Bob,Carrot,0,0.018909
s4g2,4,1,1,Dave,Parsnip,0,0.591108
s4g3,4,1,1,Eve,Carrot,0,0.007740
s4g4,4,1,1,Charlie,Carrot,0,0.000204
s4g5,4,1,1,Charlie,Carrot,0,0.008381
s4g6,4,1,1,Charlie,Carrot,0,0.000052
s4g7,4,1,1,Bob,Carrot,0,0.002553
s4g8,4,1,1,Bob,Carrot,0,0.000024
s4g9,4,1,1,Dave,Carrot,0,0.017588
s4g10,4,1,1,Charlie,Carrot,0,0.011480
s4g11,4,1,1,Bob,Parsnip,0,0.002188
s4g12,4,1,1,Charlie,Carrot,0,0.000763
s4g13,4,1,1,Alice,Parsnip,0,0.011158
s4g14,4,1,1,Bob,Carrot,0,0.000472
s4g15,4,1,1,Eve,Parsnip,0,0.032674
s4g16,4,1,1,Bob,Carrot,0,0.001714
s4g17,4,1,1,Charlie,Carrot,0,0.007179
s4g18,4,1,1,Alice,Parsnip,0,0.006897
s4g19,4,1,1,Dave,Carrot,0,0.004480
s0g0,0,1,2,Bob,Carrot,0,0.007143
s0g1,0,1,2,Charlie,Parsnip,0,0.155289
s0g2,0,1,2,Alice,Carrot,0,0.000167
s0g3,0,1,2,Dave,Parsnip,0,0.106183
s0g4,0,1,2,Eve,Carrot,0,0.013418
s0g5,0,1,2,Charlie,Carrot,0,0.028604
s0g6,0,1,2,Dave,Carrot,0,0.005684
s0g7,0,1,2,Dave,Carrot,0,0.002607
s0g8,0,1,2,Dave,Carrot,0,0.010557
s0g9,0,1,2,Eve,Carrot,0,0.015211
s0g10,0,1,2,Eve,Parsnip,0,0.132112
s0g11,0,1,2,Dave,Parsnip,0,0.051419
s0g12,0,1,2,Bob,Carrot,0,0.012522
s0g13,0,1,2,Dave,Parsnip,0,0.000370
s0g14,0,1,2,Alice,Parsnip,0,0.096577
s0g15,0,1,2,Eve,Carrot,0,0.000602
s0g16,0,1,2,Bob,Parsnip,0,0.002545
s0g17,0,1,2,Alice,Carrot,0,0.003916
s0g18,0,1,2,Charlie,Carrot,0,0.000123
s0g19,0,1,2,Eve,Carrot,0,0.000109
s1g0,1,1,2,Alice,Parsnip,0,0.064197
s1g1,1,1,2,Eve,Carrot,0,0.012682
s1g2,1,1,2,Alice,Carrot,0,0.001184
s1g3,1,1,2,Alice,Parsnip,0,0.001337
s1g4,1,1,2,Dave,Carrot,0,0.002085
s1g5,1,1,2,Charlie,Carrot,0,0.000155
s1g6,1,1,2,Alice,Parsnip,0,0.019244
s1g7,1,1,2,Dave,Carrot,0,0.002486
s1g8,1,1,2,Dave,Carrot,0,0.001892
s1g9,1,1,2,Alice,Carrot,0,0.000127
s1g10,1,1,2,Dave,Carrot,0,0.001359
s1g11,1,1,2,Alice,Carrot,0,0.000085
s1g12,1,1,2,Alice,Parsnip,0,0.008266
s1g13,1,1,2,Bob,Carrot,0,0.047430
s1g14,1,1,2,Alice,Carrot,0,0.010461
s1g15,1,1,2,Charlie,Carrot,0,0.001594
s1g16,1,1,2,Dave,Carrot,0,0.000117
s1g17,1,1,2,Eve,Carrot,0,0.000027
s1g18,1,1,2,Dave,Parsnip,0,0.027249
s1g19,1,1,2,Eve,Carrot,0,0.001009
s2g0,2,1,2,Bob,Carrot,0,0.005795
s2g1,2,1,2,Alice,Carrot,0,0.001392
s2g2,2,1,2,Charlie,Carrot,0,0.000840
s2g3,2,1,2,Eve,Carrot,0,0.001264
s2g4,2,1,2,Bob,Carrot,0,0.028885
s2g5,2,1,2,Charlie,Parsnip,0,0.062142
s2g6,2,1,2,Eve,Parsnip,0,0.008541
s2g7,2,1,2,Dave,Carrot,0,0.000013
s2g8,2,1,2,Charlie,Carrot,0,0.000107
s2g9,2,1,2,Dave,Carrot,0,0.000793
s2g10,2,1,2,Bob,Carrot,0,0.002200
s2g11,2,1,2,Charlie,Carrot,0,0.024735
s2g12,2,1,2,Bob,Parsnip,0,0.154716
s2g13,2,1,2,Dave,Carrot,0,0.001837
s2g14,2,1,2,Bob,Carrot,0,0.002204
s2g15,2,1,2,Bob,Carrot,0,0.005064
s2g16,2,1,2,Alice,Carrot,0,0.007511
s2g17,2,1,2,Alice,Carrot,0,0.001723
s2g18,2,1,2,Charlie,Carrot,0,0.000837
s2g19,2,1,2,Charlie,Carrot,0,0.000033
s3g0,3,1,2,Alice,Carrot,0,0.002162
s3g1,3,1,2,Dave,Carrot,0,0.036122
s3g2,3,1,2,Charlie,Carrot,0,0.012669
s3g3,3,1,2,Dave,Carrot,0,0.012773
s3g4,3,1,2,Dave,Parsnip,0,0.020153
s3g5,3,1,2,Eve,Carrot,0,0.023827
s3g6,3,1,2,Alice,Carrot,0,0.015540
s3g7,3,1,2,Alice,Carrot,0,0.004611
s3g8,3,1,2,Eve,Carrot,0,0.010790
s3g9,3,1,2,Dave,Carrot,0,0.000231
s3g10,3,1,2,Charlie,Carrot,0,0.000713
s3g11,3,1,2,Eve,Carrot,0,0.000265
s3g12,3,1,2,Alice,Parsnip,0,0.478284
s3g13,3,1,2,Dave,Carrot,0,0.014061
s3g14,3,1,2,Dave,Carrot,0,0.003845
s3g15,3,1,2,Dave,Carrot,0,0.003979
s3g16,3,1,2,Charlie,Carrot,0,0.087525
s3g17,3,1,2,Eve,Carrot,0,0.007715
s3g18,3,1,2,Charlie,Parsnip,0,0.045012
s3g19,3,1,2,Eve,Carrot,0,0.019837
s4g0,4,1,2,Alice,Carrot,0,0.005807
s4g1,4,1,2,Charlie,Parsnip,0,0.008201
s4g2,4,1,2,Alice,Carrot,0,0.005258
s4g3,4,1,2,Dave,Parsnip,0,0.010648
s4g4,4,1,2,Eve,Carrot,0,0.000093
s4g5,4,1,2,Alice,Carrot,0,0.010910
s4g6,4,1,2,Dave,Carrot,0,0.001198
s4g7,4,1,2,Charlie,Carrot,0,0.003528
s4g8,4,1,2,Charlie,Carrot,0,0.000005
s4g9,4,1,2,Alice,Carrot,0,0.004162
s4g10,4,1,2,Eve,Carrot,0,0.000268
s4g11,4,1,2,Dave,Carrot,0,0.000212
s4g12,4,1,2,Dave,Carrot,0,0.000122
s4g13,4,1,2,Charlie,Carrot,0,0.000082
s4g14,4,1,2,Dave,Carrot,0,0.000170
s4g15,4,1,2,Dave,Carrot,0,0.010440
s4g16,4,1,2,Eve,Carrot,0,0.005791
s4g17,4,1,2,Bob,Carrot,0,0.036417
s4g18,4,1,2,Charlie,Carrot,0,0.002036
s4g19,4,1,2,Alice,Carrot,0,0.002818
s0g0,0,1,3,Alice,Carrot,0,0.020902
s0g1,0,1,3,Eve,Carrot,0,0.004901
s0g2,0,1,3,Dave,Parsnip,0,0.002038
s0g3,0,1,3,Alice,Carrot,0,0.002206
s0g4,0,1,3,Dave,Carrot,0,0.006507
s0g5,0,1,3,Dave,Carrot,0,0.000227
s0g6,0,1,3,Charlie,Carrot,0,0.000021
s0g7,0,1,3,Eve,Carrot,0,0.002185
s0g8,0,1,3,Charlie,Parsnip,0,0.083185
s0g9,0,1,3,Alice,Parsnip,0,0.000726
s0g10,0,1,3,Dave,Carrot,0,0.002594
s0g11,0,1,3,Bob,Carrot,0,0.001835
s0g12,0,1,3,Charlie,Parsnip,0,0.307159
s0g13,0,1,3,Alice,Carrot,0,0.000126
s0g14,0,1,3,Bob,Carrot,0,0.001689
s0g15,0,1,3,Alice,Parsnip,0,0.011557
s0g16,0,1,3,Dave,Carrot,0,0.000045
s0g17,0,1,3,Bob,Carrot,0,0.010265
s0g18,0,1,3,Dave,Carrot,0,0.000395
s0g19,0,1,3,Dave,Parsnip,0,0.003754
s1g0,1,1,3,Bob,Carrot,0,0.008498
s1g1,1,1,3,Charlie,Parsnip,0,0.016491
s1g2,1,1,3,Charlie,Carrot,0,0.016739
s1g3,1,1,3,Bob,Carrot,0,0.000535
s1g4,1,1,3,Alice,Carrot,0,0.000392
s1g5,1,1,3,Eve,Carrot,0,0.001900
s1g6,1,1,3,Bob,Carrot,0,0.000750
s1g7,1,1,3,Charlie,Carrot,0,0.000088
s1g8,1,1,3,Eve,Parsnip,0,0.151794
s1g9,1,1,3,Charlie,Parsnip,0,0.004297
s1g10,1,1,3,Alice,Carrot,0,0.000284
s1g11,1,1,3,Charlie,Carrot,0,0.000029
s1g12,1,1,3,Bob,Carrot,0,0.002665
s1g13,1,1,3,Alice,Carrot,0,0.007630
s1g14,1,1,3,Dave,Carrot,0,0.002681
s1g15,1,1,3,Bob,Carrot,0,0.000180
s1g16,1,1,3,Bob,Carrot,0,0.000044
s1g17,1,1,3,Bob,Carrot,0,0.000001
s1g18,1,1,3,Eve,Carrot,0,0.000783
s1g19,1,1,3,Charlie,Parsnip,0,0.000233
s2g0,2,1,3,Charlie,Carrot,0,0.000346
s2g1,2,1,3,Eve,Parsnip,0,0.022750
s2g2,2,1,3,Dave,Carrot,0,0.003282
s2g3,2,1,3,Alice,Parsnip,0,0.002613
s2g4,2,1,3,Eve,Parsnip,0,0.005674
s2g5,2,1,3,Bob,Carrot,0,0.029171
s2g6,2,1,3,Bob,Carrot,0,0.034756
s2g7,2,1,3,Eve,Carrot,0,0.002938
s2g8,2,1,3,Eve,Carrot,0,0.002474
s2g9,2,1,3,Charlie,Carrot,0,0.003063
s2g10,2,1,3,Dave,Carrot,0,0.001969
s2g11,2,1,3,Bob,Carrot,0,0.001569
s2g12,2,1,3,Alice,Carrot,0,0.161752
s2g13,2,1,3,Bob,Carrot,0,0.000087
s2g14,2,1,3,Alice,Parsnip,0,0.132831
s2g15,2,1,3,Eve,Carrot,0,0.004077
s2g16,2,1,3,Eve,Carrot,0,0.041365
s2g17,2,1,3,Charlie,Parsnip,0,0.003808
s2g18,2,1,3,Eve,Parsnip,0,0.213961
s2g19,2,1,3,Alice,Carrot,0,0.000118
s3g0,3,1,3,Dave,Carrot,0,0.000417
s3g1,3,1,3,Alice,Parsnip,0,0.166261
s3g2,3,1,3,Bob,Carrot,0,0.012183
s3g3,3,1,3,Bob,Carrot,0,0.000453
s3g4,3,1,3,Alice,Carrot,0,0.001576
s3g5,3,1,3,Dave,Carrot,0,0.486273
s3g6,3,1,3,Charlie,Carrot,0,0.000063
s3g7,3,1,3,Eve,Carrot,0,0.010167
s3g8,3,1,3,Bob,Parsnip,0,0.011156
s3g9,3,1,3,Bob,Carrot,0,0.000030
s3g10,3,1,3,Dave,Carrot,0,0.000008
s3g11,3,1,3,Dave,Parsnip,0,0.032364
s3g12,3,1,3,Charlie,Carrot,0,0.008640
s3g13,3,1,3,Bob,Carrot,0,0.045583
s3g14,3,1,3,Eve,Carrot,0,0.053225
s3g15,3,1,3,Charlie,Carrot,0,0.000515
s3g16,3,1,3,Bob,Carrot,0,0.071614
s3g17,3,1,3,Charlie,Carrot,0,0.011712
s3g18,3,1,3,Bob,Carrot,0,0.001738
s3g19,3,1,3,Bob,Parsnip,0,0.011669
s4g0,4,1,3,Eve,Carrot,0,0.003436
s4g1,4,1,3,Alice,Carrot,0,0.010962
s4g2,4,1,3,Eve,Carrot,0,0.006293
s4g3,4,1,3,Bob,Carrot,0,0.077279
s4g4,4,1,3,Alice,Parsnip,0,0.001168
s4g5,4,1,3,Bob,Parsnip,0,0.022774
s4g6,4,1,3,Eve,Parsnip,0,0.013965
s4g7,4,1,3,Dave,Carrot,0,0.000748
s4g8,4,1,3,Eve,Parsnip,0,0.000131
s4g9,4,1,3,Charlie,Parsnip,0,0.447664
s4g10,4,1,3,Alice,Carrot,0,0.000107
s4g11,4,1,3,Alice,Carrot,0,0.000496
s4g12,4,1,3,Eve,Carrot,0,0.000003
s4g13,4,1,3,Bob,Carrot,0,0.001375
s4g14,4,1,3,Charlie,Carrot,0,0.001546
s4g15,4,1,3,Charlie,Carrot,0,0.001364
s4g16,4,1,3,Dave,Carrot,0,0.000599
s4g17,4,1,3,Eve,Carrot,0,0.011599
s4g18,4,1,3,Eve,Carrot,0,0.000124
s4g19,4,1,3,Charlie,Parsnip,0,0.004551
s0g0,0,1,4,Dave,Parsnip,0,0.088794
s0g1,0,1,4,Alice,Carrot,0,0.142612
s0g2,0,1,4,Bob,Carrot,0,0.000043
s0g3,0,1,4,Bob,Carrot,0,0.003530
s0g4,0,1,4,Charlie,Carrot,0,0.000857
s0g5,0,1,4,Alice,Carrot,0,0.000641
s0g6,0,1,4,Eve,Parsnip,0,0.003036
s0g7,0,1,4,Charlie,Carrot,0,0.000143
s0g8,0,1,4,Alice,Carrot,0,0.000425
s0g9,0,1,4,Charlie,Carrot,0,0.000007
s0g10,0,1,4,Alice,Carrot,0,0.000734
s0g11,0,1,4,Alice,Carrot,0,0.005741
s0g12,0,1,4,Eve,Carrot,0,0.024871
s0g13,0,1,4,Bob,Carrot,0,0.000006
s0g14,0,1,4,Charlie,Carrot,0,0.000005
s0g15,0,1,4,Dave,Carrot,0,0.001945
s0g16,0,1,4,Eve,Carrot,0,0.002163
s0g17,0,1,4,Charlie,Carrot,0,0.001566
s0g18,0,1,4,Eve,Carrot,0,0.001940
s0g19,0,1,4,Bob,Carrot,0,0.000674
s1g0,1,1,4,Charlie,Carrot,0,0.009569
s1g1,1,1,4,Alice,Carrot,0,0.000818
s1g2,1,1,4,Dave,Carrot,0,0.000090
s1g3,1,1,4,Charlie,Carrot,0,0.000047
s1g4,1,1,4,Charlie,Carrot,0,0.000340
s1g5,1,1,4,Dave,Parsnip,0,0.062888
s1g6,1,1,4,Eve,Carrot,0,0.000652
s1g7,1,1,4,Bob,Parsnip,0,0.000020
s1g8,1,1,4,Alice,Carrot,0,0.000478
s1g9,1,1,4,Eve,Carrot,0,0.000008
s1g10,1,1,4,Bob,Carrot,0,0.001292
s1g11,1,1,4,Eve,Carrot,0,0.000163
s1g12,1,1,4,Eve,Carrot,0,0.001409
s1g13,1,1,4,Dave,Carrot,0,0.014227
s1g14,1,1,4,Bob,Carrot,0,0.001646
s1g15,1,1,4,Eve,Carrot,0,0.000020
s1g16,1,1,4,Alice,Carrot,0,0.000083
s1g17,1,1,4,Dave,Parsnip,0,0.000312
s1g18,1,1,4,Bob,Carrot,0,0.003901
s1g19,1,1,4,Dave,Carrot,0,0.000362
s2g0,2,1,4,Eve,Carrot,0,0.000165
s2g1,2,1,4,Charlie,Carrot,0,0.000018
s2g2,2,1,4,Eve,Carrot,0,0.024834
s2g3,2,1,4,Charlie,Carrot,0,0.000513
s2g4,2,1,4,Dave,Carrot,0,0.015521
s2g5,2,1,4,Eve,Carrot,0,0.000342
s2g6,2,1,4,Alice,Carrot,0,0.000613
s2g7,2,1,4,Charlie,Parsnip,0,0.005295
s2g8,2,1,4,Bob,Carrot,0,0.001248
s2g9,2,1,4,Alice,Parsnip,0,0.002916
s2g10,2,1,4,Eve,Carrot,0,0.000693
s2g11,2,1,4,Dave,Carrot,0,0.004567
s2g12,2,1,4,Dave,Carrot,0,0.005608
s2g13,2,1,4,Eve,Carrot,0,0.000165
s2g14,2,1,4,Charlie,Carrot,0,0.000225
s2g15,2,1,4,Dave,Parsnip,0,0.011666
s2g16,2,1,4,Charlie,Parsnip,0,0.005759
s2g17,2,1,4,Bob,Carrot,0,0.000392
s2g18,2,1,4,Bob,Carrot,0,0.000767
s2g19,2,1,4,Dave,Parsnip,0,0.000128
s3g0,3,1,4,Charlie,Carrot,0,0.012079
s3g1,3,1,4,Eve,Carrot,0,0.000747
s3g2,3,1,4,Dave,Carrot,0,0.002986
s3g3,3,1,4,Eve,Parsnip,0,0.008909
s3g4,3,1,4,Bob,Carrot,0,0.000031
s3g5,3,1,4,Charlie,Carrot,0,0.015907
s3g6,3,1,4,Dave,Carrot,0,0.014515
s3g7,3,1,4,Dave,Carrot,0,0.000329
s3g8,3,1,4,Charlie,Carrot,0,0.004446
s3g9,3,1,4,Alice,Carrot,0,0.000479
s3g10,3,1,4,Alice,Carrot,0,0.000256
s3g11,3,1,4,Alice,Carrot,0,0.000007
s3g12,3,1,4,Dave,Carrot,0,0.000720
s3g13,3,1,4,Eve,Carrot,0,0.004622
s3g14,3,1,4,Charlie,Carrot,0,0.000020
s3g15,3,1,4,Eve,Parsnip,0,0.000791
s3g16,3,1,4,Dave,Carrot,0,0.003250
s3g17,3,1,4,Bob,Parsnip,0,0.015248
s3g18,3,1,4,Alice,Carrot,0,0.000543
s3g19,3,1,4,Charlie,Carrot,0,0.000458
s4g0,4,1,4,Charlie,Carrot,0,0.000032
s4g1,4,1,4,Eve,Carrot,0,0.004476
s4g2,4,1,4,Charlie,Carrot,0,0.000164
s4g3,4,1,4,Charlie,Carrot,0,0.015088
s4g4,4,1,4,Dave,Carrot,0,0.000029
s4g5,4,1,4,Dave,Carrot,0,0.004613
s4g6,4,1,4,Bob,Carrot,0,0.001061
s4g7,4,1,4,Alice,Parsnip,0,0.045880
s4g8,4,1,4,Alice,Carrot,0,0.000001
s4g9,4,1,4,Bob,Carrot,0,0.000664
s4g10,4,1,4,Dave,Carrot,0,0.000065
s4g11,4,1,4,Charlie,Carrot,0,0.001059
s4g12,4,1,4,Alice,Parsnip,0,0.044539
s4g13,4,1,4,Eve,Carrot,0,0.000030
s4g14,4,1,4,Eve,Parsnip,0,0.028705
s4g15,4,1,4,Bob,Carrot,0,0.012510
s4g16,4,1,4,Alice,Parsnip,0,0.070267
s4g17,4,1,4,Alice,Carrot,0,0.004569
s4g18,4,1,4,Dave,Carrot,0,0.019896
s4g19,4,1,4,Eve,Carrot,0,0.010127
s0g0,0,2,0,Charlie,Carrot,0,0.028085
s0g1,0,2,0,Dave,Carrot,0,0.002315
s0g2,0,2,0,Dave,Parsnip,0,0.101726
s0g3,0,2,0,Dave,Parsnip,0,0.004808
s0g4,0,2,0,Dave,Carrot,0,0.000493
s0g5,0,2,0,Dave,Carrot,0,0.000016
s0g6,0,2,0,Dave,Carrot,0,0.000687
s0g7,0,2,0,Alice,Parsnip,0,0.003409
s0g8,0,2,0,Eve,Carrot,0,0.000047
s0g9,0,2,0,Dave,Carrot,0,0.000167
s0g10,0,2,0,Eve,Parsnip,0,0.080313
s0g11,0,2,0,Bob,Carrot,0,0.003590
s0g12,0,2,0,Bob,Carrot,0,0.005538
s0g13,0,2,0,Charlie,Carrot,0,0.000008
s0g14,0,2,0,Dave,Carrot,0,0.000007
s0g15,0,2,0,Charlie,Carrot,0,0.000211
s0g16,0,2,0,Alice,Carrot,0,0.000381
s0g17,0,2,0,Alice,Carrot,0,0.000389
s0g18,0,2,0,Bob,Parsnip,0,0.009534
s0g19,0,2,0,Dave,Parsnip,0,0.000244
s1g0,1,2,0,Dave,Carrot,0,0.000012
s1g1,1,2,0,Eve,Carrot,0,0.000726
s1g2,1,2,0,Alice,Carrot,0,0.000479
s1g3,1,2,0,Eve,Carrot,0,0.000023
s1g4,1,2,0,Alice,Carrot,0,0.000776
s1g5,1,2,0,Alice,Carrot,0,0.000001
s1g6,1,2,0,Bob,Carrot,0,0.000138
s1g7,1,2,0,Charlie,Carrot,0,0.000001
s1g8,1,2,0,Bob,Carrot,0,0.000000
s1g9,1,2,0,Charlie,Parsnip,0,0.000578
s1g10,1,2,0,Eve,Parsnip,0,0.006113
s1g11,1,2,0,Alice,Carrot,0,0.000144
s1g12,1,2,0,Bob,Carrot,0,0.007329
s1g13,1,2,0,Eve,Carrot,0,0.000575
s1g14,1,2,0,Eve,Parsnip,0,0.311390
s1g15,1,2,0,Bob,Carrot,0,0.000031
s1g16,1,2,0,Charlie,Parsnip,0,0.243477
s1g17,1,2,0,Bob,Carrot,0,0.000003
s1g18,1,2,0,Alice,Carrot,0,0.001481
s1g19,1,2,0,Bob,Carrot,0,0.000743
s2g0,2,2,0,Alice,Parsnip,0,0.000840
s2g1,2,2,0,Bob,Carrot,0,0.000002
s2g2,2,2,0,Bob,Parsnip,0,0.015743
s2g3,2,2,0,Bob,Carrot,0,0.000076
s2g4,2,2,0,Charlie,Carrot,0,0.000028
s2g5,2,2,0,Dave,Carrot,0,0.018864
s2g6,2,2,0,Bob,Carrot,0,0.000011
s2g7,2,2,0,Bob,Carrot,0,0.024926
s2g8,2,2,0,Eve,Carrot,0,0.001676
s2g9,2,2,0,Dave,Carrot,0,0.000089
s2g10,2,2,0,Dave,Carrot,0,0.002041
s2g11,2,2,0,Eve,Parsnip,0,0.015879
s2g12,2,2,0,Alice,Carrot,0,0.009058
s2g13,2,2,0,Dave,Carrot,0,0.000023
s2g14,2,2,0,Alice,Parsnip,0,0.026968
s2g15,2,2,0,Charlie,Carrot,0,0.008342
s2g16,2,2,0,Dave,Carrot,0,0.000443
s2g17,2,2,0,Dave,Carrot,0,0.001767
s2g18,2,2,0,Dave,Carrot,0,0.007715
s2g19,2,2,0,Charlie,Carrot,0,0.000124
s3g0,3,2,0,Alice,Carrot,0,0.001337
s3g1,3,2,0,Dave,Carrot,0,0.012695
s3g2,3,2,0,Eve,Carrot,0,0.008975
s3g3,3,2,0,Dave,Carrot,0,0.000062
s3g4,3,2,0,Alice,Carrot,0,0.000014
s3g5,3,2,0,Dave,Carrot,0,0.001186
s3g6,3,2,0,Alice,Carrot,0,0.001449
s3g7,3,2,0,Eve,Carrot,0,0.000072
s3g8,3,2,0,Alice,Carrot,0,0.000071
s3g9,3,2,0,Dave,Carrot,0,0.000063
s3g10,3,2,0,Bob,Carrot,0,0.000002
s3g11,3,2,0,Charlie,Carrot,0,0.000007
s3g12,3,2,0,Bob,Carrot,0,0.003452
s3g13,3,2,0,Dave,Carrot,0,0.093543
s3g14,3,2,0,Eve,Carrot,0,0.000221
s3g15,3,2,0,Alice,Carrot,0,0.000040
s3g16,3,2,0,Alice,Parsnip,0,0.034289
s3g17,3,2,0,Eve,Carrot,0,0.083662
s3g18,3,2,0,Charlie,Parsnip,0,0.002043
s3g19,3,2,0,Bob,Parsnip,0,0.000962
s4g0,4,2,0,Dave,Parsnip,0,0.215827
s4g1,4,2,0,Charlie,Parsnip,0,0.068593
s4g2,4,2,0,Dave,Parsnip,0,0.027492
s4g3,4,2,0,Dave,Parsnip,0,0.043899
s4g4,4,2,0,Alice,Parsnip,0,0.003131
s4g5,4,2,0,Bob,Parsnip,0,0.625495
s4g6,4,2,0,Dave,Carrot,0,0.000076
s4g7,4,2,0,Dave,Carrot,0,0.000041
s4g8,4,2,0,Eve,Parsnip,0,0.000040
s4g9,4,2,0,Eve,Carrot,0,0.000295
s4g10,4,2,0,Eve,Carrot,0,0.000291
s4g11,4,2,0,Alice,Carrot,0,0.000122
s4g12,4,2,0,Charlie,Carrot,0,0.000002
s4g13,4,2,0,Charlie,Carrot,0,0.000007
s4g14,4,2,0,Charlie,Carrot,0,0.000038
s4g15,4,2,0,Charlie,Carrot,0,0.001405
s4g16,4,2,0,Eve,Carrot,0,0.000904
s4g17,4,2,0,Charlie,Carrot,0,0.023702
s4g18,4,2,0,Alice,Parsnip,0,0.251370
s4g19,4,2,0,Charlie,Parsnip,0,0.041377
s0g0,0,2,1,Bob,Carrot,0,0.002607
s0g1,0,2,1,Bob,Carrot,0,0.000111
s0g2,0,2,1,Alice,Carrot,0,0.000013
s0g3,0,2,1,Bob,Carrot,0,0.000037
s0g4,0,2,1,Bob,Parsnip,0,0.024934
s0g5,0,2,1,Bob,Carrot,0,0.000000
s0g6,0,2,1,Alice,Carrot,0,0.000012
s0g7,0,2,1,Dave,Carrot,0,0.000000
s0g8,0,2,1,Bob,Carrot,0,0.000000
s0g9,0,2,1,Bob,Carrot,0,0.000043
s0g10,0,2,1,Charlie,Carrot,0,0.000002
s0g11,0,2,1,Alice,Carrot,0,0.000034
s0g12,0,2,1,Eve,Carrot,0,0.002588
s0g13,0,2,1,Eve,Carrot,0,0.000000
s0g14,0,2,1,Charlie,Carrot,0,0.000000
s0g15,0,2,1,Alice,Parsnip,0,0.002260
s0g16,0,2,1,Bob,Parsnip,0,0.000941
s0g17,0,2,1,Eve,Parsnip,0,0.009180
s0g18,0,2,1,Eve,Carrot,0,0.003294
s0g19,0,2,1,Charlie,Carrot,0,0.000020
s1g0,1,2,1,Alice,Parsnip,0,0.005146
s1g1,1,2,1,Dave,Carrot,0,0.000203
s1g2,1,2,1,Eve,Parsnip,0,0.014562
s1g3,1,2,1,Bob,Carrot,0,0.000028
s1g4,1,2,1,Charlie,Carrot,0,0.001544
s1g5,1,2,1,Eve,Carrot,0,0.000027
s1g6,1,2,1,Eve,Carrot,0,0.000207
s1g7,1,2,1,Alice,Carrot,0,0.000006
s1g8,1,2,1,Dave,Carrot,0,0.000006
s1g9,1,2,1,Alice,Carrot,0,0.000010
s1g10,1,2,1,Alice,Carrot,0,0.001225
s1g11,1,2,1,Charlie,Carrot,0,0.000030
s1g12,1,2,1,Charlie,Carrot,0,0.000066
s1g13,1,2,1,Bob,Carrot,0,0.000025
s1g14,1,2,1,Dave,Carrot,0,0.001493
s1g15,1,2,1,Alice,Parsnip,0,0.000281
s1g16,1,2,1,Dave,Carrot,0,0.000115
s1g17,1,2,1,Charlie,Carrot,0,0.000003
s1g18,1,2,1,Bob,Carrot,0,0.000554
s1g19,1,2,1,Alice,Carrot,0,0.000011
s2g0,2,2,1,Dave,Carrot,0,0.000078
s2g1,2,2,1,Alice,Carrot,0,0.000050
s2g2,2,2,1,Charlie,Carrot,0,0.001045
s2g3,2,2,1,Dave,Carrot,0,0.000083
s2g4,2,2,1,Dave,Carrot,0,0.000002
s2g5,2,2,1,Eve,Carrot,0,0.000178
s2g6,2,2,1,Charlie,Carrot,0,0.000019
s2g7,2,2,1,Eve,Carrot,0,0.000070
s2g8,2,2,1,Charlie,Carrot,0,0.000003
s2g9,2,2,1,Charlie,Carrot,0,0.000059
s2g10,2,2,1,Eve,Carrot,0,0.000084
s2g11,2,2,1,Bob,Carrot,0,0.000042
s2g12,2,2,1,Bob,Parsnip,0,0.010861
s2g13,2,2,1,Alice,Parsnip,0,0.001687
s2g14,2,2,1,Eve,Carrot,0,0.000360
s2g15,2,2,1,Dave,Parsnip,0,0.000123
s2g16,2,2,1,Eve,Carrot,0,0.000051
s2g17,2,2,1,Bob,Carrot,0,0.000020
s2g18,2,2,1,Charlie,Carrot,0,0.000741
s2g19,2,2,1,Dave,Parsnip,0,0.000198
s3g0,3,2,1,Charlie,Carrot,0,0.000009
s3g1,3,2,1,Charlie,Carrot,0,0.000358
s3g2,3,2,1,Bob,Carrot,0,0.000155
s3g3,3,2,1,Charlie,Carrot,0,0.000072
s3g4,3,2,1,Eve,Carrot,0,0.000005
s3g5,3,2,1,Charlie,Carrot,0,0.000086
s3g6,3,2,1,Charlie,Carrot,0,0.000035
s3g7,3,2,1,Bob,Carrot,0,0.000001
s3g8,3,2,1,Bob,Parsnip,0,0.000310
s3g9,3,2,1,Alice,Carrot,0,0.000028
s3g10,3,2,1,Eve,Parsnip,0,0.000332
s3g11,3,2,1,Dave,Parsnip,0,0.000227
s3g12,3,2,1,Alice,Parsnip,0,0.055704
s3g13,3,2,1,Charlie,Parsnip,0,0.012078
s3g14,3,2,1,Dave,Carrot,0,0.000046
s3g15,3,2,1,Dave,Carrot,0,0.000186
s3g16,3,2,1,Bob,Carrot,0,0.003927
s3g17,3,2,1,Alice,Carrot,0,0.000079
s3g18,3,2,1,Dave,Carrot,0,0.000021
s3g19,3,2,1,Dave,Carrot,0,0.000013
s4g0,4,2,1,Bob,Carrot,0,0.000822
s4g1,4,2,1,Eve,Carrot,0,0.003966
s4g2,4,2,1,Eve,Carrot,0,0.000000
s4g3,4,2,1,Eve,Carrot,0,0.000328
s4g4,4,2,1,Eve,Carrot,0,0.000008
s4g5,4,2,1,Dave,Carrot,0,0.000099
s4g6,4,2,1,Charlie,Carrot,0,0.000010
s4g7,4,2,1,Alice,Parsnip,0,0.001111
s4g8,4,2,1,Alice,Carrot,0,0.000001
s4g9,4,2,1,Bob,Carrot,0,0.000015
s4g10,4,2,1,Alice,Carrot,0,0.000021
s4g11,4,2,1,Bob,Parsnip,0,0.000033
s4g12,4,2,1,Alice,Parsnip,0,0.000004
s4g13,4,2,1,Dave,Carrot,0,0.000029
s4g14,4,2,1,Eve,Parsnip,0,0.000560
s4g15,4,2,1,Dave,Carrot,0,0.000016
s4g16,4,2,1,Alice,Parsnip,0,0.020945
s4g17,4,2,1,Alice,Carrot,0,0.000041
s4g18,4,2,1,Charlie,Carrot,0,0.003358
s4g19,4,2,1,Eve,Carrot,0,0.000000
s0g0,0,2,2,Alice,Carrot,0,0.000102
s0g1,0,2,2,Alice,Carrot,0,0.000129
s0g2,0,2,2,Eve,Carrot,0,0.000015
s0g3,0,2,2,Charlie,Carrot,0,0.000201
s0g4,0,2,2,Charlie,Carrot,0,0.000214
s0g5,0,2,2,Alice,Carrot,0,0.000002
s0g6,0,2,2,Bob,Carrot,0,0.000036
s0g7,0,2,2,Bob,Carrot,0,0.000000
s0g8,0,2,2,Dave,Carrot,0,0.000001
s0g9,0,2,2,Charlie,Carrot,0,0.000001
s0g10,0,2,2,Alice,Carrot,0,0.000098
s0g11,0,2,2,Dave,Parsnip,0,0.014159
s0g12,0,2,2,Dave,Carrot,0,0.000388
s0g13,0,2,2,Alice,Carrot,0,0.000001
s0g14,0,2,2,Eve,Carrot,0,0.000014
s0g15,0,2,2,Eve,Carrot,0,0.000159
s0g16,0,2,2,Eve,Carrot,0,0.000043
s0g17,0,2,2,Dave,Carrot,0,0.000026
s0g18,0,2,2,Alice,Carrot,0,0.000591
s0g19,0,2,2,Alice,Carrot,0,0.000022
s1g0,1,2,2,Bob,Carrot,0,0.000014
s1g1,1,2,2,Bob,Carrot,0,0.000152
s1g2,1,2,2,Bob,Carrot,0,0.000014
s1g3,1,2,2,Alice,Parsnip,0,0.000117
s1g4,1,2,2,Eve,Carrot,0,0.000054
s1g5,1,2,2,Charlie,Carrot,0,0.000007
s1g6,1,2,2,Dave,Carrot,0,0.001003
s1g7,1,2,2,Eve,Carrot,0,0.000018
s1g8,1,2,2,Alice,Carrot,0,0.000013
s1g9,1,2,2,Bob,Carrot,0,0.000060
s1g10,1,2,2,Dave,Carrot,0,0.009678
s1g11,1,2,2,Bob,Carrot,0,0.000009
s1g12,1,2,2,Eve,Carrot,0,0.001505
s1g13,1,2,2,Dave,Carrot,0,0.000118
s1g14,1,2,2,Alice,Carrot,0,0.000035
s1g15,1,2,2,Charlie,Carrot,0,0.000000
s1g16,1,2,2,Alice,Carrot,0,0.000437
s1g17,1,2,2,Alice,Carrot,0,0.000001
s1g18,1,2,2,Charlie,Carrot,0,0.000017
s1g19,1,2,2,Eve,Carrot,0,0.000030
s2g0,2,2,2,Charlie,Carrot,0,0.000002
s2g1,2,2,2,Dave,Carrot,0,0.000052
s2g2,2,2,2,Eve,Carrot,0,0.000236
s2g3,2,2,2,Charlie,Carrot,0,0.000000
s2g4,2,2,2,Bob,Carrot,0,0.000002
s2g5,2,2,2,Alice,Carrot,0,0.000068
s2g6,2,2,2,Eve,Parsnip,0,0.000089
s2g7,2,2,2,Dave,Carrot,0,0.000083
s2g8,2,2,2,Bob,Carrot,0,0.000005
s2g9,2,2,2,Bob,Carrot,0,0.000077
s2g10,2,2,2,Alice,Carrot,0,0.000151
s2g11,2,2,2,Dave,Carrot,0,0.000036
s2g12,2,2,2,Dave,Carrot,0,0.000039
s2g13,2,2,2,Eve,Carrot,0,0.000004
s2g14,2,2,2,Charlie,Carrot,0,0.000040
s2g15,2,2,2,Bob,Carrot,0,0.000022
s2g16,2,2,2,Alice,Carrot,0,0.000009
s2g17,2,2,2,Alice,Carrot,0,0.000013
s2g18,2,2,2,Alice,Carrot,0,0.000236
s2g19,2,2,2,Alice,Carrot,0,0.000019
s3g0,3,2,2,Eve,Carrot,0,0.001704
s3g1,3,2,2,Alice,Parsnip,0,0.000290
s3g2,3,2,2,Charlie,Carrot,0,0.000027
s3g3,3,2,2,Eve,Parsnip,0,0.000049
s3g4,3,2,2,Bob,Carrot,0,0.000010
s3g5,3,2,2,Alice,Parsnip,0,0.000658
s3g6,3,2,2,Eve,Parsnip,0,0.000104
s3g7,3,2,2,Dave,Carrot,0,0.000005
s3g8,3,2,2,Eve,Carrot,0,0.000031
s3g9,3,2,2,Charlie,Parsnip,0,0.000042
s3g10,3,2,2,Alice,Carrot,0,0.000033
s3g11,3,2,2,Alice,Carrot,0,0.000188
s3g12,3,2,2,Charlie,Carrot,0,0.000193
s3g13,3,2,2,Bob,Carrot,0,0.002492
s3g14,3,2,2,Alice,Carrot,0,0.000283
s3g15,3,2,2,Eve,Parsnip,0,0.000051
s3g16,3,2,2,Dave,Carrot,0,0.001126
s3g17,3,2,2,Dave,Carrot,0,0.000983
s3g18,3,2,2,Bob,Carrot,0,0.000015
s3g19,3,2,2,Eve,Carrot,0,0.000124
s4g0,4,2,2,Eve,Carrot,0,0.011341
s4g1,4,2,2,Alice,Carrot,0,0.003940
s4g2,4,2,2,Bob,Carrot,0,0.000027
s4g3,4,2,2,Charlie,Carrot,0,0.000004
s4g4,4,2,2,Dave,Carrot,0,0.000009
s4g5,4,2,2,Alice,Carrot,0,0.000014
s4g6,4,2,2,Bob,Carrot,0,0.000007
s4g7,4,2,2,Bob,Carrot,0,0.000112
s4g8,4,2,2,Dave,Carrot,0,0.000008
s4g9,4,2,2,Charlie,Parsnip,0,0.003148
s4g10,4,2,2,Charlie,Carrot,0,0.000006
s4g11,4,2,2,Eve,Carrot,0,0.000111
s4g12,4,2,2,Bob,Carrot,0,0.000004
s4g13,4,2,2,Alice,Parsnip,0,0.000476
s4g14,4,2,2,Dave,Carrot,0,0.000006
s4g15,4,2,2,Alice,Carrot,0,0.000001
s4g16,4,2,2,Bob,Carrot,0,0.000046
s4g17,4,2,2,Bob,Carrot,0,0.000008
s4g18,4,2,2,Bob,Carrot,0,0.002457
s4g19,4,2,2,Dave,Carrot,0,0.000150
s0g0,0,2,3,Eve,Carrot,0,0.000086
s0g1,0,2,3,Charlie,Parsnip,0,0.000024
s0g2,0,2,3,Bob,Carrot,0,0.000019
s0g3,0,2,3,Eve,Carrot,0,0.000900
s0g4,0,2,3,Eve,Carrot,0,0.000027
s0g5,0,2,3,Charlie,Carrot,0,0.000000
s0g6,0,2,3,Eve,Parsnip,0,0.000061
s0g7,0,2,3,Charlie,Carrot,0,0.000100
s0g8,0,2,3,Charlie,Parsnip,0,0.000195
s0g9,0,2,3,Eve,Carrot,0,0.000032
s0g10,0,2,3,Bob,Carrot,0,0.000049
s0g11,0,2,3,Charlie,Carrot,0,0.000001
s0g12,0,2,3,Alice,Carrot,0,0.000055
s0g13,0,2,3,Bob,Carrot,0,0.000002
s0g14,0,2,3,Bob,Carrot,0,0.000026
s0g15,0,2,3,Dave,Carrot,0,0.000012
s0g16,0,2,3,Dave,Carrot,0,0.000169
s0g17,0,2,3,Charlie,Carrot,0,0.000049
s0g18,0,2,3,Dave,Carrot,0,0.000117
s0g19,0,2,3,Bob,Carrot,0,0.000021
s1g0,1,2,3,Charlie,Carrot,0,0.000026
s1g1,1,2,3,Alice,Carrot,0,0.000043
s1g2,1,2,3,Dave,Carrot,0,0.000075
s1g3,1,2,3,Dave,Carrot,0,0.000063
s1g4,1,2,3,Dave,Carrot,0,0.000094
s1g5,1,2,3,Bob,Carrot,0,0.000000
s1g6,1,2,3,Alice,Parsnip,0,0.000995
s1g7,1,2,3,Bob,Parsnip,0,0.000001
s1g8,1,2,3,Charlie,Carrot,0,0.000036
s1g9,1,2,3,Dave,Carrot,0,0.000024
s1g10,1,2,3,Charlie,Carrot,0,0.001281
s1g11,1,2,3,Eve,Carrot,0,0.000005
s1g12,1,2,3,Dave,Carrot,0,0.000209
s1g13,1,2,3,Alice,Carrot,0,0.000133
s1g14,1,2,3,Bob,Carrot,0,0.000033
s1g15,1,2,3,Eve,Carrot,0,0.000007
s1g16,1,2,3,Eve,Carrot,0,0.000031
s1g17,1,2,3,Dave,Parsnip,0,0.000055
s1g18,1,2,3,Eve,Carrot,0,0.000016
s1g19,1,2,3,Charlie,Parsnip,0,0.000061
s2g0,2,2,3,Bob,Carrot,0,0.000000
s2g1,2,2,3,Charlie,Carrot,0,0.000003
s2g2,2,2,3,Alice,Carrot,0,0.000042
s2g3,2,2,3,Eve,Carrot,0,0.000005
s2g4,2,2,3,Eve,Parsnip,0,0.000280
s2g5,2,2,3,Bob,Carrot,0,0.000049
s2g6,2,2,3,Alice,Carrot,0,0.000052
s2g7,2,2,3,Alice,Carrot,0,0.000012
s2g8,2,2,3,Dave,Carrot,0,0.000024
s2g9,2,2,3,Eve,Carrot,0,0.000130
s2g10,2,2,3,Bob,Carrot,0,0.000055
s2g11,2,2,3,Alice,Carrot,0,0.000025
s2g12,2,2,3,Eve,Carrot,0,0.000013
s2g13,2,2,3,Charlie,Carrot,0,0.000013
s2g14,2,2,3,Bob,Carrot,0,0.000020
s2g15,2,2,3,Alice,Carrot,0,0.000150
s2g16,2,2,3,Bob,Carrot,0,0.000046
s2g17,2,2,3,Charlie,Parsnip,0,0.001697
s2g18,2,2,3,Eve,Parsnip,0,0.003031
s2g19,2,2,3,Eve,Carrot,0,0.000025
s3g0,3,2,3,Dave,Carrot,0,0.000216
s3g1,3,2,3,Eve,Carrot,0,0.000072
s3g2,3,2,3,Alice,Parsnip,0,0.018949
s3g3,3,2,3,Alice,Carrot,0,0.000013
s3g4,3,2,3,Charlie,Carrot,0,0.000002
s3g5,3,2,3,Bob,Carrot,0,0.000136
s3g6,3,2,3,Dave,Carrot,0,0.000011
s3g7,3,2,3,Alice,Carrot,0,0.000007
s3g8,3,2,3,Charlie,Carrot,0,0.000058
s3g9,3,2,3,Eve,Carrot,0,0.000049
s3g10,3,2,3,Charlie,Carrot,0,0.000001
s3g11,3,2,3,Eve,Carrot,0,0.000029
s3g12,3,2,3,Dave,Carrot,0,0.000176
s3g13,3,2,3,Eve,Carrot,0,0.000035
s3g14,3,2,3,Bob,Parsnip,0,0.000602
s3g15,3,2,3,Bob,Carrot,0,0.000012
s3g16,3,2,3,Eve,Carrot,0,0.001937
s3g17,3,2,3,Bob,Parsnip,0,0.066463
s3g18,3,2,3,Eve,Carrot,0,0.000002
s3g19,3,2,3,Alice,Carrot,0,0.000000
s4g0,4,2,3,Alice,Carrot,0,0.000031
s4g1,4,2,3,Dave,Carrot,0,0.000289
s4g2,4,2,3,Alice,Carrot,0,0.000040
s4g3,4,2,3,Alice,Carrot,0,0.000014
s4g4,4,2,3,Charlie,Carrot,0,0.000007
s4g5,4,2,3,Charlie,Carrot,0,0.000174
s4g6,4,2,3,Alice,Carrot,0,0.000045
s4g7,4,2,3,Charlie,Carrot,0,0.000005
s4g8,4,2,3,Charlie,Carrot,0,0.000002
s4g9,4,2,3,Alice,Carrot,0,0.000007
s4g10,4,2,3,Dave,Carrot,0,0.000030
s4g11,4,2,3,Dave,Carrot,0,0.000127
s4g12,4,2,3,Eve,Carrot,0,0.000003
s4g13,4,2,3,Eve,Carrot,0,0.000057
s4g14,4,2,3,Bob,Carrot,0,0.000024
s4g15,4,2,3,Eve,Parsnip,0,0.000085
s4g16,4,2,3,Dave,Carrot,0,0.000054
s4g17,4,2,3,Eve,Carrot,0,0.000039
s4g18,4,2,3,Dave,Carrot,0,0.000235
s4g19,4,2,3,Bob,Carrot,0,0.000001
s0g0,0,2,4,Dave,Parsnip,0,0.000137
s0g1,0,2,4,Eve,Carrot,0,0.000027
s0g2,0,2,4,Charlie,Carrot,0,0.000017
s0g3,0,2,4,Alice,Carrot,0,0.000012
s0g4,0,2,4,Alice,Carrot,0,0.000038
s0g5,0,2,4,Eve,Parsnip,0,0.000044
s0g6,0,2,4,Charlie,Carrot,0,0.000043
s0g7,0,2,4,Eve,Carrot,0,0.000001
s0g8,0,2,4,Alice,Carrot,0,0.000004
s0g9,0,2,4,Alice,Parsnip,0,0.000142
s0g10,0,2,4,Dave,Carrot,0,0.000617
s0g11,0,2,4,Eve,Carrot,0,0.000002
s0g12,0,2,4,Charlie,Parsnip,0,0.001151
s0g13,0,2,4,Dave,Parsnip,0,0.000007
s0g14,0,2,4,Alice,Parsnip,0,0.001190
s0g15,0,2,4,Bob,Carrot,0,0.000000
s0g16,0,2,4,Charlie,Carrot,0,0.000063
s0g17,0,2,4,Bob,Carrot,0,0.000012
s0g18,0,2,4,Charlie,Carrot,0,0.000455
s0g19,0,2,4,Eve,Carrot,0,0.000033
s1g0,1,2,4,Eve,Carrot,0,0.000019
s1g1,1,2,4,Charlie,Parsnip,0,0.000296
s1g2,1,2,4,Charlie,Carrot,0,0.000043
s1g3,1,2,4,Charlie,Carrot,0,0.000002
s1g4,1,2,4,Bob,Parsnip,0,0.000049
s1g5,1,2,4,Dave,Parsnip,0,0.000004
s1g6,1,2,4,Charlie,Carrot,0,0.000125
s1g7,1,2,4,Dave,Carrot,0,0.000007
s1g8,1,2,4,Eve,Parsnip,0,0.000115
s1g9,1,2,4,Eve,Carrot,0,0.000001
s1g10,1,2,4,Bob,Carrot,0,0.000124
s1g11,1,2,4,Dave,Parsnip,0,0.000005
s1g12,1,2,4,Alice,Parsnip,0,0.001689
s1g13,1,2,4,Charlie,Parsnip,0,0.000270
s1g14,1,2,4,Charlie,Carrot,0,0.000013
s1g15,1,2,4,Dave,Carrot,0,0.000008
s1g16,1,2,4,Bob,Carrot,0,0.000078
s1g17,1,2,4,Eve,Carrot,0,0.000001
s1g18,1,2,4,Dave,Parsnip,0,0.010752
s1g19,1,2,4,Dave,Carrot,0,0.000097
s2g0,2,2,4,Eve,Carrot,0,0.000072
s2g1,2,2,4,Eve,Parsnip,0,0.000334
s2g2,2,2,4,Dave,Carrot,0,0.000049
s2g3,2,2,4,Alice,Parsnip,0,0.000153
s2g4,2,2,4,Alice,Carrot,0,0.001270
s2g5,2,2,4,Charlie,Parsnip,0,0.004045
s2g6,2,2,4,Dave,Carrot,0,0.000004
s2g7,2,2,4,Charlie,Parsnip,0,0.000230
s2g8,2,2,4,Alice,Parsnip,0,0.022174
s2g9,2,2,4,Alice,Parsnip,0,0.000830
s2g10,2,2,4,Charlie,Parsnip,0,0.000784
s2g11,2,2,4,Charlie,Carrot,0,0.000006
s2g12,2,2,4,Charlie,Carrot,0,0.000003
s2g13,2,2,4,Bob,Carrot,0,0.000095
s2g14,2,2,4,Dave,Carrot,0,0.000165
s2g15,2,2,4,Eve,Carrot,0,0.000006
s2g16,2,2,4,Charlie,Parsnip,0,0.001685
s2g17,2,2,4,Eve,Carrot,0,0.000004
s2g18,2,2,4,Bob,Carrot,0,0.000006
s2g19,2,2,4,Bob,Carrot,0,0.000022
s3g0,3,2,4,Bob,Parsnip,0,0.001362
s3g1,3,2,4,Bob,Carrot,0,0.000052
s3g2,3,2,4,Dave,Carrot,0,0.000014
s3g3,3,2,4,Bob,Carrot,0,0.000121
s3g4,3,2,4,Dave,Parsnip,0,0.000176
s3g5,3,2,4,Eve,Carrot,0,0.000552
s3g6,3,2,4,Bob,Carrot,0,0.000001
s3g7,3,2,4,Charlie,Parsnip,0,0.000197
s3g8,3,2,4,Dave,Carrot,0,0.000006
s3g9,3,2,4,Bob,Carrot,0,0.000011
s3g10,3,2,4,Dave,Carrot,0,0.000004
s3g11,3,2,4,Bob,Carrot,0,0.000008
s3g12,3,2,4,Eve,Carrot,0,0.001055
s3g13,3,2,4,Alice,Carrot,0,0.000054
s3g14,3,2,4,Charlie,Carrot,0,0.000171
s3g15,3,2,4,Charlie,Carrot,0,0.000001
s3g16,3,2,4,Charlie,Carrot,0,0.000144
s3g17,3,2,4,Charlie,Carrot,0,0.000320
s3g18,3,2,4,Alice,Carrot,0,0.000001
s3g19,3,2,4,Charlie,Carrot,0,0.000003
s4g0,4,2,4,Charlie,Carrot,0,0.000104
s4g1,4,2,4,Bob,Carrot,0,0.000067
s4g2,4,2,4,Charlie,Carrot,0,0.000001
s4g3,4,2,4,Bob,Carrot,0,0.000003
s4g4,4,2,4,Bob,Carrot,0,0.000002
s4g5,4,2,4,Eve,Carrot,0,0.000001
s4g6,4,2,4,Eve,Parsnip,0,0.000555
s4g7,4,2,4,Eve,Carrot,0,0.000023
s4g8,4,2,4,Bob,Carrot,0,0.000004
s4g9,4,2,4,Dave,Carrot,0,0.000060
s4g10,4,2,4,Bob,Parsnip,0,0.000166
s4g11,4,2,4,Charlie,Carrot,0,0.000020
s4g12,4,2,4,Dave,Carrot,0,0.000006
s4g13,4,2,4,Bob,Carrot,0,0.000032
s4g14,4,2,4,Alice,Carrot,0,0.000002
s4g15,4,2,4,Bob,Carrot,0,0.000004
s4g16,4,2,4,Charlie,Carrot,0,0.000252
s4g17,4,2,4,Dave,Parsnip,0,0.000201
s4g18,4,2,4,Eve,Carrot,0,0.000267
s4g19,4,2,4,Alice,Carrot,0,0.000001
