game_id,seed_group,round,position,speaker,role,fu_full,lr_full,fu_recal_full,lr_recal_full
s0g0,0,0,0,Bob,Carrot,0.386723,0.022913,0.386723,0.022913
s0g1,0,0,0,Alice,Carrot,0.091818,0.004458,0.091818,0.004458
s0g2,0,0,0,Bob,Carrot,0.561859,0.008881,0.561859,0.008881
s0g3,0,0,0,Bob,Carrot,0.094196,0.006852,0.094196,0.006852
s0g4,0,0,0,Bob,Parsnip,0.931900,0.038995,0.931900,0.038995
s0g5,0,0,0,Alice,Carrot,0.234101,0.012050,0.234101,0.012050
s0g6,0,0,0,Bob,Carrot,0.354020,0.033799,0.354020,0.033799
s0g7,0,0,0,Charlie,Carrot,0.144658,0.014520,0.144658,0.014520
s0g8,0,0,0,Eve,Carrot,0.910889,0.005262,0.910889,0.005262
s0g9,0,0,0,Charlie,Carrot,0.576085,0.053120,0.576085,0.053120
s0g10,0,0,0,Bob,Carrot,0.370413,0.011551,0.370413,0.011551
s0g11,0,0,0,Alice,Carrot,0.204296,0.022675,0.204296,0.022675
s0g12,0,0,0,Eve,Carrot,0.158566,0.012973,0.158566,0.012973
s0g13,0,0,0,Eve,Carrot,0.166711,0.006193,0.166711,0.006193
s0g14,0,0,0,Charlie,Carrot,0.393447,0.014143,0.393447,0.014143
s0g15,0,0,0,Eve,Carrot,0.762939,0.008671,0.762939,0.008671
s0g16,0,0,0,Bob,Parsnip,0.883340,0.017805,0.883340,0.017805
s0g17,0,0,0,Charlie,Carrot,0.520843,0.010651,0.520843,0.010651
s0g18,0,0,0,Alice,Carrot,0.545187,0.003956,0.545187,0.003956
s0g19,0,0,0,Dave,Parsnip,0.966660,0.018024,0.966660,0.018024
s1g0,1,0,0,Bob,Carrot,0.908741,0.011731,0.908741,0.011731
s1g1,1,0,0,Eve,Carrot,0.909209,0.026915,0.909209,0.026915
s1g2,1,0,0,Dave,Carrot,0.938768,0.006165,0.938768,0.006165
s1g3,1,0,0,Eve,Carrot,0.102556,0.007685,0.102556,0.007685
s1g4,1,0,0,Alice,Carrot,0.376720,0.017277,0.376720,0.017277
s1g5,1,0,0,Eve,Carrot,0.040496,0.045794,0.040496,0.045794
s1g6,1,0,0,Alice,Parsnip,0.924227,0.029018,0.924227,0.029018
s1g7,1,0,0,Charlie,Carrot,0.640463,0.011052,0.640463,0.011052
s1g8,1,0,0,Alice,Carrot,0.774288,0.005175,0.774288,0.005175
s1g9,1,0,0,Eve,Carrot,0.570754,0.009317,0.570754,0.009317
s1g10,1,0,0,Charlie,Carrot,0.492793,0.011961,0.492793,0.011961
s1g11,1,0,0,Eve,Carrot,0.478232,0.023345,0.478232,0.023345
s1g12,1,0,0,Bob,Carrot,0.514516,0.028326,0.514516,0.028326
s1g13,1,0,0,Dave,Carrot,0.309043,0.005565,0.309043,0.005565
s1g14,1,0,0,Bob,Carrot,0.149813,0.024220,0.149813,0.024220
s1g15,1,0,0,Charlie,Carrot,0.900169,0.030230,0.900169,0.030230
s1g16,1,0,0,Eve,Carrot,0.077469,0.021289,0.077469,0.021289
s1g17,1,0,0,Alice,Carrot,0.710801,0.003600,0.710801,0.003600
s1g18,1,0,0,Dave,Parsnip,0.829230,0.022041,0.829230,0.022041
s1g19,1,0,0,Alice,Carrot,0.034482,0.029011,0.034482,0.029011
s2g0,2,0,0,Charlie,Carrot,0.425533,0.004745,0.425533,0.004745
s2g1,2,0,0,Charlie,Carrot,0.791769,0.017853,0.791769,0.017853
s2g2,2,0,0,Charlie,Carrot,0.250587,0.009813,0.250587,0.009813
s2g3,2,0,0,Eve,Carrot,0.748101,0.010148,0.748101,0.010148
s2g4,2,0,0,Dave,Carrot,0.743903,0.006053,0.743903,0.006053
s2g5,2,0,0,Alice,Carrot,0.785034,0.024323,0.785034,0.024323
s2g6,2,0,0,Bob,Carrot,0.119241,0.005112,0.119241,0.005112
s2g7,2,0,0,Bob,Carrot,0.589745,0.036612,0.589745,0.036612
s2g8,2,0,0,Alice,Parsnip,0.986909,0.009057,0.986909,0.009057
s2g9,2,0,0,Eve,Carrot,0.844144,0.004803,0.844144,0.004803
s2g10,2,0,0,Bob,Carrot,0.649863,0.012514,0.649863,0.012514
s2g11,2,0,0,Bob,Carrot,0.644799,0.002829,0.644799,0.002829
s2g12,2,0,0,Charlie,Carrot,0.783847,0.010181,0.783847,0.010181
s2g13,2,0,0,Charlie,Carrot,0.479671,0.026906,0.479671,0.026906
s2g14,2,0,0,Alice,Parsnip,0.903535,0.032871,0.903535,0.032871
s2g15,2,0,0,Alice,Carrot,0.573097,0.022957,0.573097,0.022957
s2g16,2,0,0,Dave,Carrot,0.865495,0.008572,0.865495,0.008572
s2g17,2,0,0,Bob,Carrot,0.295280,0.005157,0.295280,0.005157
s2g18,2,0,0,Alice,Carrot,0.230862,0.006039,0.230862,0.006039
s2g19,2,0,0,Dave,Parsnip,0.859753,0.024235,0.859753,0.024235
s3g0,3,0,0,Bob,Parsnip,0.900133,0.036118,0.900133,0.036118
s3g1,3,0,0,Eve,Carrot,0.901135,0.016794,0.901135,0.016794
s3g2,3,0,0,Alice,Parsnip,0.982323,0.031070,0.982323,0.031070
s3g3,3,0,0,Charlie,Carrot,0.541538,0.017759,0.541538,0.017759
s3g4,3,0,0,Charlie,Carrot,0.533291,0.022350,0.533291,0.022350
s3g5,3,0,0,Dave,Carrot,0.626153,0.008403,0.626153,0.008403
s3g6,3,0,0,Bob,Carrot,0.143285,0.004394,0.143285,0.004394
s3g7,3,0,0,Alice,Carrot,0.671376,0.010831,0.671376,0.010831
s3g8,3,0,0,Charlie,Carrot,0.749299,0.007277,0.749299,0.007277
s3g9,3,0,0,Dave,Carrot,0.679516,0.022910,0.679516,0.022910
s3g10,3,0,0,Dave,Carrot,0.601224,0.006553,0.601224,0.006553
s3g11,3,0,0,Alice,Carrot,0.828510,0.027876,0.828510,0.027876
s3g12,3,0,0,Eve,Carrot,0.789757,0.024539,0.789757,0.024539
s3g13,3,0,0,Dave,Carrot,0.793722,0.009433,0.793722,0.009433
s3g14,3,0,0,Bob,Parsnip,0.982302,0.036902,0.982302,0.036902
s3g15,3,0,0,Eve,Parsnip,0.996151,0.044720,0.996151,0.044720
s3g16,3,0,0,Dave,Carrot,0.841340,0.008831,0.841340,0.008831
s3g17,3,0,0,Dave,Carrot,0.220094,0.013179,0.220094,0.013179
s3g18,3,0,0,Dave,Carrot,0.278259,0.004312,0.278259,0.004312
s3g19,3,0,0,Dave,Carrot,0.443996,0.014657,0.443996,0.014657
s4g0,4,0,0,Charlie,Carrot,0.660885,0.011085,0.660885,0.011085
s4g1,4,0,0,Eve,Carrot,0.622277,0.010238,0.622277,0.010238
s4g2,4,0,0,Eve,Carrot,0.649935,0.006923,0.649935,0.006923
s4g3,4,0,0,Alice,Carrot,0.421365,0.011694,0.421365,0.011694
s4g4,4,0,0,Eve,Carrot,0.066435,0.005902,0.066435,0.005902
s4g5,4,0,0,Charlie,Carrot,0.640057,0.017470,0.640057,0.017470
s4g6,4,0,0,Bob,Carrot,0.138934,0.034808,0.138934,0.034808
s4g7,4,0,0,Alice,Parsnip,0.962699,0.036037,0.962699,0.036037
s4g8,4,0,0,Alice,Carrot,0.169420,0.028234,0.169420,0.028234
s4g9,4,0,0,Bob,Carrot,0.225928,0.003470,0.225928,0.003470
s4g10,4,0,0,Dave,Carrot,0.064294,0.021534,0.064294,0.021534
s4g11,4,0,0,Alice,Carrot,0.537085,0.011273,0.537085,0.011273
s4g12,4,0,0,Dave,Carrot,0.073389,0.012463,0.073389,0.012463
s4g13,4,0,0,Charlie,Carrot,0.084520,0.005871,0.084520,0.005871
s4g14,4,0,0,Charlie,Carrot,0.428037,0.004860,0.428037,0.004860
s4g15,4,0,0,Dave,Carrot,0.081858,0.013537,0.081858,0.013537
s4g16,4,0,0,Charlie,Carrot,0.208651,0.003099,0.208651,0.003099
s4g17,4,0,0,Alice,Carrot,0.933332,0.009620,0.933332,0.009620
s4g18,4,0,0,Eve,Carrot,0.627628,0.011745,0.627628,0.011745
s4g19,4,0,0,Charlie,Parsnip,0.899608,0.039439,0.899608,0.039439
s0g0,0,0,1,Charlie,Carrot,0.737621,0.030064,0.737621,0.030064
s0g1,0,0,1,Charlie,Parsnip,0.751317,0.052826,0.751317,0.052826
s0g2,0,0,1,Alice,Carrot,0.041214,0.013958,0.041214,0.013958
s0g3,0,0,1,Alice,Carrot,0.714307,0.007443,0.714307,0.007443
s0g4,0,0,1,Charlie,Carrot,0.260510,0.018778,0.260510,0.018778
s0g5,0,0,1,Bob,Carrot,0.305062,0.008640,0.305062,0.008640
s0g6,0,0,1,Alice,Carrot,0.053404,0.017670,0.053404,0.017670
s0g7,0,0,1,Bob,Carrot,0.540506,0.002876,0.540506,0.002876
s0g8,0,0,1,Bob,Carrot,0.038020,0.008623,0.038020,0.008623
s0g9,0,0,1,Bob,Carrot,0.041286,0.017609,0.041286,0.017609
s0g10,0,0,1,Alice,Carrot,0.638493,0.009959,0.638493,0.009959
s0g11,0,0,1,Eve,Carrot,0.679355,0.013136,0.679355,0.013136
s0g12,0,0,1,Charlie,Parsnip,0.266614,0.049092,0.266614,0.049092
s0g13,0,0,1,Dave,Parsnip,0.875542,0.030102,0.875542,0.030102
s0g14,0,0,1,Dave,Carrot,0.025967,0.008292,0.025967,0.008292
s0g15,0,0,1,Charlie,Carrot,0.091593,0.007763,0.091593,0.007763
s0g16,0,0,1,Charlie,Carrot,0.212806,0.030097,0.212806,0.030097
s0g17,0,0,1,Eve,Parsnip,0.716987,0.156978,0.716987,0.156978
s0g18,0,0,1,Charlie,Carrot,0.255363,0.063799,0.255363,0.063799
s0g19,0,0,1,Charlie,Carrot,0.440031,0.011783,0.440031,0.011783
s1g0,1,0,1,Charlie,Carrot,0.481801,0.022817,0.481801,0.022817
s1g1,1,0,1,Dave,Carrot,0.340620,0.005688,0.340620,0.005688
s1g2,1,0,1,Alice,Carrot,0.801008,0.005677,0.801008,0.005677
s1g3,1,0,1,Charlie,Carrot,0.288616,0.008330,0.288616,0.008330
s1g4,1,0,1,Eve,Carrot,0.038717,0.015450,0.038717,0.015450
s1g5,1,0,1,Dave,Parsnip,0.610983,0.049411,0.610983,0.049411
s1g6,1,0,1,Charlie,Carrot,0.441098,0.005766,0.441098,0.005766
s1g7,1,0,1,Dave,Carrot,0.176398,0.009055,0.176398,0.009055
s1g8,1,0,1,Dave,Carrot,0.182549,0.007457,0.182549,0.007457
s1g9,1,0,1,Alice,Carrot,0.011802,0.023090,0.011802,0.023090
s1g10,1,0,1,Alice,Carrot,0.286248,0.017987,0.286248,0.017987
s1g11,1,0,1,Charlie,Carrot,0.027566,0.025049,0.027566,0.025049
s1g12,1,0,1,Dave,Carrot,0.248236,0.007490,0.248236,0.007490
s1g13,1,0,1,Alice,Carrot,0.104283,0.007620,0.104283,0.007620
s1g14,1,0,1,Dave,Carrot,0.038217,0.003093,0.038217,0.003093
s1g15,1,0,1,Eve,Carrot,0.480416,0.005264,0.480416,0.005264
s1g16,1,0,1,Charlie,Parsnip,0.782128,0.104781,0.782128,0.104781
s1g17,1,0,1,Dave,Parsnip,0.960545,0.029349,0.960545,0.029349
s1g18,1,0,1,Eve,Carrot,0.052328,0.012825,0.052328,0.012825
s1g19,1,0,1,Eve,Carrot,0.005791,0.015575,0.005791,0.015575
s2g0,2,0,1,Dave,Carrot,0.067302,0.006912,0.067302,0.006912
s2g1,2,0,1,Alice,Carrot,0.023502,0.009456,0.023502,0.009456
s2g2,2,0,1,Alice,Carrot,0.034878,0.028999,0.034878,0.028999
s2g3,2,0,1,Dave,Carrot,0.424904,0.003740,0.424904,0.003740
s2g4,2,0,1,Alice,Carrot,0.041991,0.002348,0.041991,0.002348
s2g5,2,0,1,Bob,Carrot,0.767386,0.015739,0.767386,0.015739
s2g6,2,0,1,Dave,Carrot,0.019551,0.009225,0.019551,0.009225
s2g7,2,0,1,Charlie,Parsnip,0.705725,0.030308,0.705725,0.030308
s2g8,2,0,1,Charlie,Carrot,0.050322,0.020461,0.050322,0.020461
s2g9,2,0,1,Bob,Carrot,0.953971,0.009940,0.953971,0.009940
s2g10,2,0,1,Dave,Carrot,0.089742,0.007619,0.089742,0.007619
s2g11,2,0,1,Dave,Carrot,0.298134,0.006952,0.298134,0.006952
s2g12,2,0,1,Bob,Parsnip,0.137291,0.025744,0.137291,0.025744
s2g13,2,0,1,Alice,Parsnip,0.946942,0.042753,0.946942,0.042753
s2g14,2,0,1,Eve,Carrot,0.380605,0.009222,0.380605,0.009222
s2g15,2,0,1,Charlie,Carrot,0.661132,0.007943,0.661132,0.007943
s2g16,2,0,1,Charlie,Parsnip,0.440211,0.032470,0.440211,0.032470
s2g17,2,0,1,Dave,Carrot,0.377110,0.006119,0.377110,0.006119
s2g18,2,0,1,Bob,Carrot,0.108834,0.003562,0.108834,0.003562
s2g19,2,0,1,Eve,Carrot,0.194483,0.027567,0.194483,0.027567
s3g0,3,0,1,Alice,Carrot,0.187280,0.006596,0.187280,0.006596
s3g1,3,0,1,Dave,Carrot,0.306327,0.006789,0.306327,0.006789
s3g2,3,0,1,Dave,Carrot,0.424537,0.012138,0.424537,0.012138
s3g3,3,0,1,Alice,Carrot,0.684336,0.016206,0.684336,0.016206
s3g4,3,0,1,Bob,Carrot,0.520500,0.007607,0.520500,0.007607
s3g5,3,0,1,Eve,Carrot,0.146146,0.009024,0.146146,0.009024
s3g6,3,0,1,Alice,Carrot,0.648685,0.003812,0.648685,0.003812
s3g7,3,0,1,Eve,Carrot,0.003677,0.007454,0.003677,0.007454
s3g8,3,0,1,Dave,Carrot,0.656282,0.009002,0.656282,0.009002
s3g9,3,0,1,Bob,Carrot,0.389755,0.014521,0.389755,0.014521
s3g10,3,0,1,Bob,Carrot,0.135886,0.018633,0.135886,0.018633
s3g11,3,0,1,Bob,Carrot,0.645816,0.020299,0.645816,0.020299
s3g12,3,0,1,Bob,Carrot,0.592437,0.008059,0.592437,0.008059
s3g13,3,0,1,Charlie,Parsnip,0.949909,0.063450,0.949909,0.063450
s3g14,3,0,1,Dave,Carrot,0.806992,0.023687,0.806992,0.023687
s3g15,3,0,1,Bob,Carrot,0.139528,0.008455,0.139528,0.008455
s3g16,3,0,1,Alice,Parsnip,0.516737,0.047913,0.516737,0.047913
s3g17,3,0,1,Charlie,Carrot,0.309155,0.007292,0.309155,0.007292
s3g18,3,0,1,Eve,Carrot,0.050526,0.009258,0.050526,0.009258
s3g19,3,0,1,Bob,Parsnip,0.234424,0.064970,0.234424,0.064970
s4g0,4,0,1,Dave,Parsnip,0.751994,0.037300,0.751994,0.037300
s4g1,4,0,1,Bob,Carrot,0.090426,0.020207,0.090426,0.020207
s4g2,4,0,1,Alice,Carrot,0.268149,0.011074,0.268149,0.011074
s4g3,4,0,1,Bob,Carrot,0.060575,0.010057,0.060575,0.010057
s4g4,4,0,1,Bob,Carrot,0.420449,0.006350,0.420449,0.006350
s4g5,4,0,1,Bob,Parsnip,0.613571,0.029613,0.613571,0.029613
s4g6,4,0,1,Dave,Carrot,0.337248,0.005540,0.337248,0.005540
s4g7,4,0,1,Bob,Carrot,0.145571,0.031345,0.145571,0.031345
s4g8,4,0,1,Bob,Carrot,0.454212,0.009549,0.454212,0.009549
s4g9,4,0,1,Charlie,Parsnip,0.981158,0.027288,0.981158,0.027288
s4g10,4,0,1,Charlie,Carrot,0.541028,0.014385,0.541028,0.014385
s4g11,4,0,1,Charlie,Carrot,0.124602,0.004067,0.124602,0.004067
s4g12,4,0,1,Charlie,Carrot,0.049673,0.012347,0.049673,0.012347
s4g13,4,0,1,Bob,Carrot,0.075645,0.002139,0.075645,0.002139
s4g14,4,0,1,Dave,Carrot,0.067370,0.014513,0.067370,0.014513
s4g15,4,0,1,Charlie,Carrot,0.474185,0.016247,0.474185,0.016247
s4g16,4,0,1,Bob,Carrot,0.759053,0.012900,0.759053,0.012900
s4g17,4,0,1,Eve,Carrot,0.406642,0.007326,0.406642,0.007326
s4g18,4,0,1,Bob,Carrot,0.036191,0.005392,0.036191,0.005392
s4g19,4,0,1,Eve,Carrot,0.128890,0.006085,0.128890,0.006085
s0g0,0,0,2,Dave,Parsnip,0.948419,0.024521,0.948419,0.024521
s0g1,0,0,2,Eve,Carrot,0.376905,0.020072,0.376905,0.020072
s0g2,0,0,2,Eve,Carrot,0.023900,0.015412,0.023900,0.015412
s0g3,0,0,2,Eve,Carrot,0.237778,0.011859,0.237778,0.011859
s0g4,0,0,2,Eve,Carrot,0.295670,0.036602,0.295670,0.036602
s0g5,0,0,2,Eve,Parsnip,0.257677,0.037473,0.257677,0.037473
s0g6,0,0,2,Dave,Carrot,0.020749,0.013326,0.020749,0.013326
s0g7,0,0,2,Eve,Carrot,0.083579,0.009060,0.083579,0.009060
s0g8,0,0,2,Dave,Carrot,0.070549,0.024805,0.070549,0.024805
s0g9,0,0,2,Dave,Carrot,0.024159,0.024000,0.024159,0.024000
s0g10,0,0,2,Eve,Parsnip,0.467168,0.030254,0.467168,0.030254
s0g11,0,0,2,Bob,Carrot,0.020270,0.017952,0.020270,0.017952
s0g12,0,0,2,Alice,Carrot,0.120227,0.010473,0.120227,0.010473
s0g13,0,0,2,Alice,Carrot,0.528389,0.022421,0.528389,0.022421
s0g14,0,0,2,Bob,Carrot,0.026827,0.017914,0.026827,0.017914
s0g15,0,0,2,Bob,Carrot,0.298533,0.014619,0.298533,0.014619
s0g16,0,0,2,Alice,Carrot,0.022929,0.012239,0.022929,0.012239
s0g17,0,0,2,Alice,Carrot,0.072377,0.021684,0.072377,0.021684
s0g18,0,0,2,Eve,Carrot,0.053630,0.007959,0.053630,0.007959
s0g19,0,0,2,Alice,Carrot,0.019590,0.008565,0.019590,0.008565
s1g0,1,0,2,Dave,Carrot,0.340026,0.021280,0.340026,0.021280
s1g1,1,0,2,Bob,Carrot,0.089534,0.017160,0.089534,0.017160
s1g2,1,0,2,Charlie,Carrot,0.503003,0.009160,0.503003,0.009160
s1g3,1,0,2,Bob,Carrot,0.008393,0.009592,0.008393,0.009592
s1g4,1,0,2,Bob,Parsnip,0.018537,0.022822,0.018537,0.022822
s1g5,1,0,2,Bob,Carrot,0.021567,0.027147,0.021567,0.027147
s1g6,1,0,2,Eve,Carrot,0.295516,0.022352,0.295516,0.022352
s1g7,1,0,2,Alice,Carrot,0.034649,0.013966,0.034649,0.013966
s1g8,1,0,2,Charlie,Carrot,0.084682,0.008872,0.084682,0.008872
s1g9,1,0,2,Dave,Carrot,0.004192,0.013292,0.004192,0.013292
s1g10,1,0,2,Eve,Parsnip,0.659202,0.037935,0.659202,0.037935
s1g11,1,0,2,Bob,Carrot,0.012186,0.019594,0.012186,0.019594
s1g12,1,0,2,Charlie,Carrot,0.779334,0.012233,0.779334,0.012233
s1g13,1,0,2,Bob,Carrot,0.097455,0.028554,0.097455,0.028554
s1g14,1,0,2,Charlie,Carrot,0.014852,0.012782,0.014852,0.012782
s1g15,1,0,2,Dave,Carrot,0.060378,0.011589,0.060378,0.011589
s1g16,1,0,2,Dave,Carrot,0.144147,0.030935,0.144147,0.030935
s1g17,1,0,2,Charlie,Carrot,0.128419,0.004057,0.128419,0.004057
s1g18,1,0,2,Bob,Carrot,0.012629,0.009475,0.012629,0.009475
s1g19,1,0,2,Charlie,Parsnip,0.010663,0.035836,0.010663,0.035836
s2g0,2,0,2,Alice,Parsnip,0.330241,0.020786,0.330241,0.020786
s2g1,2,0,2,Bob,Carrot,0.001576,0.012036,0.001576,0.012036
s2g2,2,0,2,Bob,Parsnip,0.341476,0.046664,0.341476,0.046664
s2g3,2,0,2,Bob,Carrot,0.130310,0.014524,0.130310,0.014524
s2g4,2,0,2,Eve,Parsnip,0.135197,0.021791,0.135197,0.021791
s2g5,2,0,2,Eve,Carrot,0.131451,0.005880,0.131451,0.005880
s2g6,2,0,2,Charlie,Carrot,0.171657,0.006046,0.171657,0.006046
s2g7,2,0,2,Alice,Carrot,0.036091,0.004683,0.036091,0.004683
s2g8,2,0,2,Bob,Carrot,0.013480,0.026395,0.013480,0.026395
s2g9,2,0,2,Alice,Parsnip,0.938698,0.016012,0.938698,0.016012
s2g10,2,0,2,Alice,Carrot,0.039579,0.010873,0.039579,0.010873
s2g11,2,0,2,Eve,Parsnip,0.420509,0.030630,0.420509,0.030630
s2g12,2,0,2,Dave,Carrot,0.194106,0.009016,0.194106,0.009016
s2g13,2,0,2,Bob,Carrot,0.584314,0.017993,0.584314,0.017993
s2g14,2,0,2,Dave,Carrot,0.018866,0.020959,0.018866,0.020959
s2g15,2,0,2,Eve,Carrot,0.252525,0.030645,0.252525,0.030645
s2g16,2,0,2,Eve,Carrot,0.062180,0.013515,0.062180,0.013515
s2g17,2,0,2,Eve,Carrot,0.136090,0.003999,0.136090,0.003999
s2g18,2,0,2,Eve,Parsnip,0.085140,0.065724,0.085140,0.065724
s2g19,2,0,2,Bob,Carrot,0.019315,0.010221,0.019315,0.010221
s3g0,3,0,2,Eve,Carrot,0.084214,0.007893,0.084214,0.007893
s3g1,3,0,2,Bob,Carrot,0.041431,0.020630,0.041431,0.020630
s3g2,3,0,2,Bob,Carrot,0.067941,0.034655,0.067941,0.034655
s3g3,3,0,2,Bob,Carrot,0.095937,0.007053,0.095937,0.007053
s3g4,3,0,2,Dave,Parsnip,0.884744,0.065794,0.884744,0.065794
s3g5,3,0,2,Bob,Carrot,0.496193,0.013611,0.496193,0.013611
s3g6,3,0,2,Dave,Carrot,0.771519,0.006815,0.771519,0.006815
s3g7,3,0,2,Bob,Carrot,0.005666,0.023145,0.005666,0.023145
s3g8,3,0,2,Alice,Carrot,0.050359,0.047157,0.050359,0.047157
s3g9,3,0,2,Alice,Carrot,0.143779,0.009378,0.143779,0.009378
s3g10,3,0,2,Eve,Parsnip,0.389085,0.042062,0.389085,0.042062
s3g11,3,0,2,Eve,Carrot,0.228428,0.017323,0.228428,0.017323
s3g12,3,0,2,Charlie,Carrot,0.558374,0.019682,0.558374,0.019682
s3g13,3,0,2,Alice,Carrot,0.214372,0.041989,0.214372,0.041989
s3g14,3,0,2,Eve,Carrot,0.426522,0.020778,0.426522,0.020778
s3g15,3,0,2,Alice,Carrot,0.761129,0.017919,0.761129,0.017919
s3g16,3,0,2,Eve,Carrot,0.264809,0.024510,0.264809,0.024510
s3g17,3,0,2,Bob,Parsnip,0.443132,0.036064,0.443132,0.036064
s3g18,3,0,2,Alice,Carrot,0.033514,0.015084,0.033514,0.015084
s3g19,3,0,2,Alice,Carrot,0.253128,0.024906,0.253128,0.024906
s4g0,4,0,2,Bob,Carrot,0.096249,0.023494,0.096249,0.023494
s4g1,4,0,2,Dave,Carrot,0.066801,0.021461,0.066801,0.021461
s4g2,4,0,2,Dave,Parsnip,0.564392,0.107605,0.564392,0.107605
s4g3,4,0,2,Dave,Parsnip,0.469359,0.029632,0.469359,0.029632
s4g4,4,0,2,Alice,Parsnip,0.574137,0.060353,0.574137,0.060353
s4g5,4,0,2,Eve,Carrot,0.072516,0.015828,0.072516,0.015828
s4g6,4,0,2,Charlie,Carrot,0.029036,0.049380,0.029036,0.049380
s4g7,4,0,2,Dave,Carrot,0.022205,0.049984,0.022205,0.049984
s4g8,4,0,2,Dave,Carrot,0.002856,0.037878,0.002856,0.037878
s4g9,4,0,2,Eve,Carrot,0.893090,0.044342,0.893090,0.044342
s4g10,4,0,2,Bob,Parsnip,0.243641,0.089286,0.243641,0.089286
s4g11,4,0,2,Bob,Parsnip,0.780647,0.009683,0.780647,0.009683
s4g12,4,0,2,Eve,Carrot,0.223237,0.021516,0.223237,0.021516
s4g13,4,0,2,Alice,Parsnip,0.090787,0.027146,0.090787,0.027146
s4g14,4,0,2,Eve,Parsnip,0.278427,0.026208,0.278427,0.026208
s4g15,4,0,2,Bob,Carrot,0.001275,0.005725,0.001275,0.005725
s4g16,4,0,2,Eve,Carrot,0.586295,0.012480,0.586295,0.012480
s4g17,4,0,2,Charlie,Carrot,0.078062,0.015147,0.078062,0.015147
s4g18,4,0,2,Charlie,Carrot,0.216952,0.021882,0.216952,0.021882
s4g19,4,0,2,Bob,Carrot,0.041912,0.009901,0.041912,0.009901
s0g0,0,0,3,Eve,Carrot,0.389329,0.023091,0.389329,0.023091
s0g1,0,0,3,Dave,Carrot,0.041447,0.007048,0.041447,0.007048
s0g2,0,0,3,Charlie,Carrot,0.082865,0.015567,0.082865,0.015567
s0g3,0,0,3,Charlie,Carrot,0.096181,0.027837,0.096181,0.027837
s0g4,0,0,3,Alice,Carrot,0.188833,0.024238,0.188833,0.024238
s0g5,0,0,3,Charlie,Carrot,0.001985,0.029826,0.001985,0.029826
s0g6,0,0,3,Eve,Parsnip,0.132243,0.063874,0.132243,0.063874
s0g7,0,0,3,Dave,Carrot,0.340285,0.004417,0.340285,0.004417
s0g8,0,0,3,Alice,Carrot,0.637589,0.038085,0.637589,0.038085
s0g9,0,0,3,Eve,Carrot,0.126361,0.028070,0.126361,0.028070
s0g10,0,0,3,Dave,Carrot,0.660817,0.032074,0.660817,0.032074
s0g11,0,0,3,Dave,Parsnip,0.375676,0.075574,0.375676,0.075574
s0g12,0,0,3,Bob,Carrot,0.002075,0.010227,0.002075,0.010227
s0g13,0,0,3,Charlie,Carrot,0.011837,0.010140,0.011837,0.010140
s0g14,0,0,3,Eve,Carrot,0.034857,0.024960,0.034857,0.024960
s0g15,0,0,3,Alice,Parsnip,0.528018,0.032037,0.528018,0.032037
s0g16,0,0,3,Eve,Carrot,0.029608,0.024437,0.029608,0.024437
s0g17,0,0,3,Bob,Carrot,0.004892,0.021740,0.004892,0.021740
s0g18,0,0,3,Bob,Parsnip,0.446651,0.020696,0.446651,0.020696
s0g19,0,0,3,Bob,Carrot,0.006888,0.010081,0.006888,0.010081
s1g0,1,0,3,Eve,Carrot,0.092044,0.018040,0.092044,0.018040
s1g1,1,0,3,Alice,Carrot,0.390054,0.007440,0.390054,0.007440
s1g2,1,0,3,Bob,Carrot,0.022608,0.020669,0.022608,0.020669
s1g3,1,0,3,Dave,Carrot,0.024546,0.019782,0.024546,0.019782
s1g4,1,0,3,Charlie,Carrot,0.007115,0.013550,0.007115,0.013550
s1g5,1,0,3,Charlie,Carrot,0.006445,0.043156,0.006445,0.043156
s1g6,1,0,3,Dave,Carrot,0.032693,0.033402,0.032693,0.033402
s1g7,1,0,3,Eve,Carrot,0.066296,0.034166,0.066296,0.034166
s1g8,1,0,3,Bob,Carrot,0.027798,0.024145,0.027798,0.024145
s1g9,1,0,3,Bob,Carrot,0.002623,0.040336,0.002623,0.040336
s1g10,1,0,3,Bob,Carrot,0.003650,0.015430,0.003650,0.015430
s1g11,1,0,3,Dave,Parsnip,0.025357,0.041836,0.025357,0.041836
s1g12,1,0,3,Alice,Parsnip,0.214424,0.039916,0.214424,0.039916
s1g13,1,0,3,Charlie,Parsnip,0.227760,0.022251,0.227760,0.022251
s1g14,1,0,3,Alice,Carrot,0.005300,0.010190,0.005300,0.010190
s1g15,1,0,3,Alice,Parsnip,0.671300,0.047357,0.671300,0.047357
s1g16,1,0,3,Alice,Carrot,0.096752,0.031128,0.096752,0.031128
s1g17,1,0,3,Bob,Carrot,0.112113,0.027442,0.112113,0.027442
s1g18,1,0,3,Alice,Carrot,0.149527,0.006974,0.149527,0.006974
s1g19,1,0,3,Bob,Carrot,0.002868,0.034143,0.002868,0.034143
s2g0,2,0,3,Bob,Carrot,0.009467,0.005329,0.009467,0.005329
s2g1,2,0,3,Dave,Carrot,0.000195,0.013787,0.000195,0.013787
s2g2,2,0,3,Dave,Carrot,0.084261,0.032333,0.084261,0.032333
s2g3,2,0,3,Alice,Parsnip,0.870673,0.020472,0.870673,0.020472
s2g4,2,0,3,Charlie,Carrot,0.058555,0.049768,0.058555,0.049768
s2g5,2,0,3,Charlie,Parsnip,0.745888,0.035061,0.745888,0.035061
s2g6,2,0,3,Alice,Carrot,0.009575,0.027791,0.009575,0.027791
s2g7,2,0,3,Eve,Carrot,0.002430,0.015603,0.002430,0.015603
s2g8,2,0,3,Dave,Carrot,0.016337,0.023345,0.016337,0.023345
s2g9,2,0,3,Dave,Carrot,0.252267,0.006350,0.252267,0.006350
s2g10,2,0,3,Charlie,Parsnip,0.242705,0.082207,0.242705,0.082207
s2g11,2,0,3,Alice,Carrot,0.048180,0.008843,0.048180,0.008843
s2g12,2,0,3,Eve,Carrot,0.137920,0.010923,0.137920,0.010923
s2g13,2,0,3,Dave,Carrot,0.255804,0.011469,0.255804,0.011469
s2g14,2,0,3,Bob,Carrot,0.079331,0.055807,0.079331,0.055807
s2g15,2,0,3,Dave,Parsnip,0.728663,0.050521,0.728663,0.050521
s2g16,2,0,3,Bob,Carrot,0.034296,0.016705,0.034296,0.016705
s2g17,2,0,3,Alice,Carrot,0.366615,0.015732,0.366615,0.015732
s2g18,2,0,3,Dave,Carrot,0.003963,0.026191,0.003963,0.026191
s2g19,2,0,3,Charlie,Carrot,0.036345,0.018829,0.036345,0.018829
s3g0,3,0,3,Dave,Carrot,0.076043,0.018863,0.076043,0.018863
s3g1,3,0,3,Alice,Parsnip,0.958831,0.025120,0.958831,0.025120
s3g2,3,0,3,Eve,Carrot,0.025015,0.021096,0.025015,0.021096
s3g3,3,0,3,Eve,Parsnip,0.428772,0.052597,0.428772,0.052597
s3g4,3,0,3,Alice,Carrot,0.650579,0.056105,0.650579,0.056105
s3g5,3,0,3,Alice,Parsnip,0.568157,0.017691,0.568157,0.017691
s3g6,3,0,3,Charlie,Carrot,0.428558,0.013272,0.428558,0.013272
s3g7,3,0,3,Dave,Carrot,0.007196,0.018818,0.007196,0.018818
s3g8,3,0,3,Eve,Carrot,0.236855,0.046591,0.236855,0.046591
s3g9,3,0,3,Eve,Carrot,0.026070,0.011396,0.026070,0.011396
s3g10,3,0,3,Charlie,Carrot,0.054251,0.024734,0.054251,0.024734
s3g11,3,0,3,Dave,Parsnip,0.335308,0.082853,0.335308,0.082853
s3g12,3,0,3,Dave,Carrot,0.381809,0.022778,0.381809,0.022778
s3g13,3,0,3,Eve,Carrot,0.082647,0.027143,0.082647,0.027143
s3g14,3,0,3,Alice,Carrot,0.080988,0.019022,0.080988,0.019022
s3g15,3,0,3,Charlie,Carrot,0.011896,0.027756,0.011896,0.027756
s3g16,3,0,3,Bob,Carrot,0.123123,0.020958,0.123123,0.020958
s3g17,3,0,3,Alice,Carrot,0.058923,0.017920,0.058923,0.017920
s3g18,3,0,3,Bob,Carrot,0.043148,0.020088,0.043148,0.020088
s3g19,3,0,3,Charlie,Carrot,0.019579,0.026860,0.019579,0.026860
s4g0,4,0,3,Eve,Carrot,0.055615,0.014246,0.055615,0.014246
s4g1,4,0,3,Charlie,Parsnip,0.291564,0.058039,0.291564,0.058039
s4g2,4,0,3,Bob,Carrot,0.137945,0.019557,0.137945,0.019557
s4g3,4,0,3,Charlie,Carrot,0.018995,0.037071,0.018995,0.037071
s4g4,4,0,3,Dave,Carrot,0.221544,0.090585,0.221544,0.090585
s4g5,4,0,3,Dave,Carrot,0.095080,0.028588,0.095080,0.028588
s4g6,4,0,3,Alice,Carrot,0.079895,0.008481,0.079895,0.008481
s4g7,4,0,3,Eve,Carrot,0.007219,0.008104,0.007219,0.008104
s4g8,4,0,3,Eve,Parsnip,0.263816,0.048879,0.263816,0.048879
s4g9,4,0,3,Dave,Carrot,0.099388,0.008737,0.099388,0.008737
s4g10,4,0,3,Alice,Carrot,0.111666,0.013903,0.111666,0.013903
s4g11,4,0,3,Eve,Carrot,0.273034,0.009091,0.273034,0.009091
s4g12,4,0,3,Bob,Carrot,0.200821,0.036285,0.200821,0.036285
s4g13,4,0,3,Dave,Carrot,0.016608,0.026027,0.016608,0.026027
s4g14,4,0,3,Alice,Carrot,0.305504,0.022422,0.305504,0.022422
s4g15,4,0,3,Alice,Carrot,0.154173,0.008078,0.154173,0.008078
s4g16,4,0,3,Alice,Parsnip,0.636228,0.030670,0.636228,0.030670
s4g17,4,0,3,Dave,Parsnip,0.543135,0.021421,0.543135,0.021421
s4g18,4,0,3,Dave,Carrot,0.015222,0.019060,0.015222,0.019060
s4g19,4,0,3,Alice,Carrot,0.022128,0.030677,0.022128,0.030677
s0g0,0,0,4,Alice,Carrot,0.137553,0.013153,0.137553,0.013153
s0g1,0,0,4,Bob,Carrot,0.049400,0.015891,0.049400,0.015891
s0g2,0,0,4,Dave,Parsnip,0.308525,0.029166,0.308525,0.029166
s0g3,0,0,4,Dave,Parsnip,0.561786,0.065384,0.561786,0.065384
s0g4,0,0,4,Dave,Carrot,0.078217,0.027972,0.078217,0.027972
s0g5,0,0,4,Dave,Carrot,0.024856,0.014379,0.024856,0.014379
s0g6,0,0,4,Charlie,Carrot,0.041797,0.034625,0.041797,0.034625
s0g7,0,0,4,Alice,Parsnip,0.286589,0.029483,0.286589,0.029483
s0g8,0,0,4,Charlie,Parsnip,0.894236,0.162228,0.894236,0.162228
s0g9,0,0,4,Alice,Parsnip,0.236105,0.023481,0.236105,0.023481
s0g10,0,0,4,Charlie,Carrot,0.151781,0.028116,0.151781,0.028116
s0g11,0,0,4,Charlie,Carrot,0.040089,0.026093,0.040089,0.026093
s0g12,0,0,4,Dave,Carrot,0.023441,0.027414,0.023441,0.027414
s0g13,0,0,4,Bob,Carrot,0.002757,0.017925,0.002757,0.017925
s0g14,0,0,4,Alice,Parsnip,0.248715,0.037835,0.248715,0.037835
s0g15,0,0,4,Dave,Carrot,0.013652,0.011378,0.013652,0.011378
s0g16,0,0,4,Dave,Carrot,0.013401,0.028187,0.013401,0.028187
s0g17,0,0,4,Dave,Carrot,0.226621,0.019378,0.226621,0.019378
s0g18,0,0,4,Dave,Carrot,0.091096,0.069277,0.091096,0.069277
s0g19,0,0,4,Eve,Carrot,0.011266,0.054991,0.011266,0.054991
s1g0,1,0,4,Alice,Parsnip,0.199753,0.011130,0.199753,0.011130
s1g1,1,0,4,Charlie,Parsnip,0.539433,0.025284,0.539433,0.025284
s1g2,1,0,4,Eve,Parsnip,0.109687,0.039837,0.109687,0.039837
s1g3,1,0,4,Alice,Parsnip,0.281673,0.031728,0.281673,0.031728
s1g4,1,0,4,Dave,Carrot,0.000879,0.038377,0.000879,0.038377
s1g5,1,0,4,Alice,Carrot,0.003843,0.028868,0.003843,0.028868
s1g6,1,0,4,Bob,Carrot,0.006008,0.026188,0.006008,0.026188
s1g7,1,0,4,Bob,Parsnip,0.053590,0.015391,0.053590,0.015391
s1g8,1,0,4,Eve,Parsnip,0.300926,0.039830,0.300926,0.039830
s1g9,1,0,4,Charlie,Parsnip,0.045675,0.023303,0.045675,0.023303
s1g10,1,0,4,Dave,Carrot,0.027558,0.022695,0.027558,0.022695
s1g11,1,0,4,Alice,Carrot,0.073548,0.021319,0.073548,0.021319
s1g12,1,0,4,Eve,Carrot,0.125333,0.031631,0.125333,0.031631
s1g13,1,0,4,Eve,Carrot,0.106310,0.030041,0.106310,0.030041
s1g14,1,0,4,Eve,Parsnip,0.093862,0.010621,0.093862,0.010621
s1g15,1,0,4,Bob,Carrot,0.084067,0.007140,0.084067,0.007140
s1g16,1,0,4,Bob,Carrot,0.033108,0.065186,0.033108,0.065186
s1g17,1,0,4,Eve,Carrot,0.107649,0.043678,0.107649,0.043678
s1g18,1,0,4,Charlie,Carrot,0.004778,0.030581,0.004778,0.030581
s1g19,1,0,4,Dave,Carrot,0.023795,0.038314,0.023795,0.038314
s2g0,2,0,4,Eve,Carrot,0.012516,0.011090,0.012516,0.011090
s2g1,2,0,4,Eve,Parsnip,0.006927,0.028289,0.006927,0.028289
s2g2,2,0,4,Eve,Carrot,0.032060,0.022006,0.032060,0.022006
s2g3,2,0,4,Charlie,Carrot,0.001502,0.027172,0.001502,0.027172
s2g4,2,0,4,Bob,Carrot,0.020186,0.013248,0.020186,0.013248
s2g5,2,0,4,Dave,Carrot,0.112030,0.021367,0.112030,0.021367
s2g6,2,0,4,Eve,Parsnip,0.372016,0.019763,0.372016,0.019763
s2g7,2,0,4,Dave,Carrot,0.008975,0.026150,0.008975,0.026150
s2g8,2,0,4,Eve,Carrot,0.005909,0.066237,0.005909,0.066237
s2g9,2,0,4,Charlie,Carrot,0.009317,0.017227,0.009317,0.017227
s2g10,2,0,4,Eve,Carrot,0.024327,0.015271,0.024327,0.015271
s2g11,2,0,4,Charlie,Carrot,0.443789,0.034222,0.443789,0.034222
s2g12,2,0,4,Alice,Carrot,0.074634,0.021072,0.074634,0.021072
s2g13,2,0,4,Eve,Carrot,0.227716,0.015435,0.227716,0.015435
s2g14,2,0,4,Charlie,Carrot,0.130637,0.043449,0.130637,0.043449
s2g15,2,0,4,Bob,Carrot,0.354737,0.012941,0.354737,0.012941
s2g16,2,0,4,Alice,Carrot,0.049845,0.012302,0.049845,0.012302
s2g17,2,0,4,Charlie,Parsnip,0.163932,0.040188,0.163932,0.040188
s2g18,2,0,4,Charlie,Carrot,0.010951,0.023241,0.010951,0.023241
s2g19,2,0,4,Alice,Carrot,0.003651,0.037986,0.003651,0.037986
s3g0,3,0,4,Charlie,Carrot,0.078116,0.020935,0.078116,0.020935
s3g1,3,0,4,Charlie,Carrot,0.038257,0.011675,0.038257,0.011675
s3g2,3,0,4,Charlie,Carrot,0.005796,0.031588,0.005796,0.031588
s3g3,3,0,4,Dave,Carrot,0.032927,0.026608,0.032927,0.026608
s3g4,3,0,4,Eve,Carrot,0.159979,0.037327,0.159979,0.037327
s3g5,3,0,4,Charlie,Carrot,0.582308,0.015330,0.582308,0.015330
s3g6,3,0,4,Eve,Parsnip,0.860590,0.026391,0.860590,0.026391
s3g7,3,0,4,Charlie,Parsnip,0.082625,0.033243,0.082625,0.033243
s3g8,3,0,4,Bob,Parsnip,0.192142,0.028806,0.192142,0.028806
s3g9,3,0,4,Charlie,Parsnip,0.049582,0.028701,0.049582,0.028701
s3g10,3,0,4,Alice,Carrot,0.000982,0.045936,0.000982,0.045936
s3g11,3,0,4,Charlie,Carrot,0.016684,0.049160,0.016684,0.049160
s3g12,3,0,4,Alice,Parsnip,0.858732,0.120051,0.858732,0.120051
s3g13,3,0,4,Bob,Carrot,0.083480,0.052372,0.083480,0.052372
s3g14,3,0,4,Charlie,Carrot,0.024429,0.007819,0.024429,0.007819
s3g15,3,0,4,Dave,Carrot,0.403684,0.032897,0.403684,0.032897
s3g16,3,0,4,Charlie,Carrot,0.633407,0.079193,0.633407,0.079193
s3g17,3,0,4,Eve,Carrot,0.056867,0.063029,0.056867,0.063029
s3g18,3,0,4,Charlie,Parsnip,0.231390,0.047738,0.231390,0.047738
s3g19,3,0,4,Eve,Carrot,0.041759,0.047070,0.041759,0.047070
s4g0,4,0,4,Alice,Carrot,0.147418,0.022654,0.147418,0.022654
s4g1,4,0,4,Alice,Carrot,0.377633,0.034175,0.377633,0.034175
s4g2,4,0,4,Charlie,Carrot,0.019315,0.031602,0.019315,0.031602
s4g3,4,0,4,Eve,Carrot,0.020902,0.016509,0.020902,0.016509
s4g4,4,0,4,Charlie,Carrot,0.002965,0.018290,0.002965,0.018290
s4g5,4,0,4,Alice,Carrot,0.150856,0.015263,0.150856,0.015263
s4g6,4,0,4,Eve,Parsnip,0.466933,0.017366,0.466933,0.017366
s4g7,4,0,4,Charlie,Carrot,0.071684,0.063388,0.071684,0.063388
s4g8,4,0,4,Charlie,Carrot,0.002104,0.104430,0.002104,0.104430
s4g9,4,0,4,Alice,Carrot,0.434539,0.014900,0.434539,0.014900
s4g10,4,0,4,Eve,Carrot,0.002300,0.025541,0.002300,0.025541
s4g11,4,0,4,Dave,Carrot,0.094130,0.011588,0.094130,0.011588
s4g12,4,0,4,Alice,Parsnip,0.817705,0.039819,0.817705,0.039819
s4g13,4,0,4,Eve,Carrot,0.006846,0.018726,0.006846,0.018726
s4g14,4,0,4,Bob,Carrot,0.022577,0.028976,0.022577,0.028976
s4g15,4,0,4,Eve,Parsnip,0.471757,0.018347,0.471757,0.018347
s4g16,4,0,4,Dave,Carrot,0.230370,0.014729,0.230370,0.014729
s4g17,4,0,4,Bob,Carrot,0.167165,0.021294,0.167165,0.021294
s4g18,4,0,4,Alice,Parsnip,0.189222,0.051407,0.189222,0.051407
s4g19,4,0,4,Dave,Carrot,0.192634,0.018283,0.192634,0.018283
s0g0,0,1,0,Charlie,Carrot,0.317362,0.011354,0.317362,0.011354
s0g1,0,1,0,Dave,Carrot,0.076563,0.021198,0.076563,0.021198
s0g2,0,1,0,Charlie,Carrot,0.130411,0.037203,0.130411,0.037203
s0g3,0,1,0,Charlie,Carrot,0.045681,0.019629,0.045681,0.019629
s0g4,0,1,0,Alice,Carrot,0.175058,0.053616,0.175058,0.053616
s0g5,0,1,0,Eve,Parsnip,0.540479,0.023191,0.540479,0.023191
s0g6,0,1,0,Alice,Carrot,0.048627,0.016865,0.048627,0.016865
s0g7,0,1,0,Bob,Carrot,0.040743,0.053890,0.040743,0.053890
s0g8,0,1,0,Eve,Carrot,0.011900,0.055733,0.011900,0.055733
s0g9,0,1,0,Dave,Carrot,0.090229,0.074166,0.090229,0.074166
s0g10,0,1,0,Bob,Carrot,0.023576,0.030822,0.023576,0.030822
s0g11,0,1,0,Eve,Carrot,0.014800,0.036518,0.014800,0.036518
s0g12,0,1,0,Alice,Carrot,0.157742,0.027613,0.157742,0.027613
s0g13,0,1,0,Eve,Carrot,0.001233,0.039120,0.001233,0.039120
s0g14,0,1,0,Eve,Carrot,0.003779,0.036536,0.003779,0.036536
s0g15,0,1,0,Charlie,Carrot,0.068683,0.022529,0.068683,0.022529
s0g16,0,1,0,Alice,Carrot,0.004643,0.038006,0.004643,0.038006
s0g17,0,1,0,Eve,Parsnip,0.964680,0.144490,0.964680,0.144490
s0g18,0,1,0,Bob,Parsnip,0.713680,0.114894,0.713680,0.114894
s0g19,0,1,0,Alice,Carrot,0.001430,0.058750,0.001430,0.058750
s1g0,1,1,0,Eve,Carrot,0.049946,0.023778,0.049946,0.023778
s1g1,1,1,0,Bob,Carrot,0.005839,0.025773,0.005839,0.025773
s1g2,1,1,0,Bob,Carrot,0.033225,0.029299,0.033225,0.029299
s1g3,1,1,0,Eve,Carrot,0.010002,0.036196,0.010002,0.036196
s1g4,1,1,0,Eve,Carrot,0.000663,0.021017,0.000663,0.021017
s1g5,1,1,0,Bob,Carrot,0.000192,0.019324,0.000192,0.019324
s1g6,1,1,0,Charlie,Carrot,0.001113,0.058634,0.001113,0.058634
s1g7,1,1,0,Alice,Carrot,0.004526,0.042320,0.004526,0.042320
s1g8,1,1,0,Bob,Carrot,0.016772,0.024536,0.016772,0.024536
s1g9,1,1,0,Dave,Carrot,0.087738,0.050198,0.087738,0.050198
s1g10,1,1,0,Charlie,Carrot,0.116952,0.022635,0.116952,0.022635
s1g11,1,1,0,Bob,Carrot,0.004281,0.029248,0.004281,0.029248
s1g12,1,1,0,Dave,Carrot,0.058167,0.072721,0.058167,0.072721
s1g13,1,1,0,Charlie,Parsnip,0.529915,0.019693,0.529915,0.019693
s1g14,1,1,0,Charlie,Carrot,0.006887,0.042771,0.006887,0.042771
s1g15,1,1,0,Dave,Carrot,0.001063,0.022873,0.001063,0.022873
s1g16,1,1,0,Charlie,Parsnip,0.180668,0.099149,0.180668,0.099149
s1g17,1,1,0,Alice,Carrot,0.003380,0.033436,0.003380,0.033436
s1g18,1,1,0,Alice,Carrot,0.009435,0.018834,0.009435,0.018834
s1g19,1,1,0,Alice,Carrot,0.000620,0.051597,0.000620,0.051597
s2g0,2,1,0,Alice,Parsnip,0.519396,0.042057,0.519396,0.042057
s2g1,2,1,0,Bob,Carrot,0.005324,0.031423,0.005324,0.031423
s2g2,2,1,0,Alice,Carrot,0.100438,0.037568,0.100438,0.037568
s2g3,2,1,0,Dave,Carrot,0.143597,0.027237,0.143597,0.027237
s2g4,2,1,0,Charlie,Carrot,0.104381,0.021988,0.104381,0.021988
s2g5,2,1,0,Alice,Carrot,0.044636,0.030664,0.044636,0.030664
s2g6,2,1,0,Dave,Carrot,0.013095,0.035862,0.013095,0.035862
s2g7,2,1,0,Bob,Carrot,0.005537,0.013869,0.005537,0.013869
s2g8,2,1,0,Dave,Carrot,0.134265,0.033878,0.134265,0.033878
s2g9,2,1,0,Bob,Carrot,0.050197,0.014039,0.050197,0.014039
s2g10,2,1,0,Charlie,Parsnip,0.041935,0.064915,0.041935,0.064915
s2g11,2,1,0,Alice,Carrot,0.020715,0.027258,0.020715,0.027258
s2g12,2,1,0,Charlie,Carrot,0.167379,0.029438,0.167379,0.029438
s2g13,2,1,0,Charlie,Carrot,0.210410,0.067556,0.210410,0.067556
s2g14,2,1,0,Eve,Carrot,0.000029,0.036163,0.000029,0.036163
s2g15,2,1,0,Charlie,Carrot,0.003626,0.021113,0.003626,0.021113
s2g16,2,1,0,Dave,Carrot,0.386096,0.027219,0.386096,0.027219
s2g17,2,1,0,Eve,Carrot,0.054521,0.024147,0.054521,0.024147
s2g18,2,1,0,Alice,Carrot,0.190647,0.022992,0.190647,0.022992
s2g19,2,1,0,Bob,Carrot,0.001494,0.028547,0.001494,0.028547
s3g0,3,1,0,Eve,Carrot,0.441092,0.029528,0.441092,0.029528
s3g1,3,1,0,Bob,Carrot,0.078044,0.042088,0.078044,0.042088
s3g2,3,1,0,Eve,Carrot,0.886075,0.103834,0.886075,0.103834
s3g3,3,1,0,Charlie,Carrot,0.086682,0.030478,0.086682,0.030478
s3g4,3,1,0,Charlie,Carrot,0.101189,0.017142,0.101189,0.017142
s3g5,3,1,0,Bob,Carrot,0.290710,0.022004,0.290710,0.022004
s3g6,3,1,0,Bob,Carrot,0.138974,0.023007,0.138974,0.023007
s3g7,3,1,0,Bob,Carrot,0.001683,0.041952,0.001683,0.041952
s3g8,3,1,0,Dave,Carrot,0.327249,0.008797,0.327249,0.008797
s3g9,3,1,0,Eve,Carrot,0.031238,0.045311,0.031238,0.045311
s3g10,3,1,0,Eve,Parsnip,0.001929,0.036143,0.001929,0.036143
s3g11,3,1,0,Bob,Carrot,0.000012,0.074468,0.000012,0.074468
s3g12,3,1,0,Eve,Carrot,0.412249,0.044227,0.412249,0.044227
s3g13,3,1,0,Alice,Carrot,0.118951,0.021716,0.118951,0.021716
s3g14,3,1,0,Alice,Carrot,0.002496,0.022637,0.002496,0.022637
s3g15,3,1,0,Alice,Carrot,0.067720,0.041660,0.067720,0.041660
s3g16,3,1,0,Alice,Parsnip,0.898458,0.051290,0.898458,0.051290
s3g17,3,1,0,Dave,Carrot,0.949728,0.051858,0.949728,0.051858
s3g18,3,1,0,Eve,Carrot,0.007269,0.042054,0.007269,0.042054
s3g19,3,1,0,Alice,Carrot,0.034839,0.132305,0.034839,0.132305
s4g0,4,1,0,Bob,Carrot,0.048717,0.029421,0.048717,0.029421
s4g1,4,1,0,Dave,Carrot,0.048481,0.057212,0.048481,0.057212
s4g2,4,1,0,Bob,Carrot,0.324479,0.026391,0.324479,0.026391
s4g3,4,1,0,Alice,Carrot,0.137934,0.044281,0.137934,0.044281
s4g4,4,1,0,Bob,Carrot,0.000214,0.059228,0.000214,0.059228
s4g5,4,1,0,Eve,Carrot,0.010625,0.053364,0.010625,0.053364
s4g6,4,1,0,Alice,Carrot,0.006892,0.025193,0.006892,0.025193
s4g7,4,1,0,Eve,Carrot,0.033390,0.025500,0.033390,0.025500
s4g8,4,1,0,Dave,Carrot,0.000161,0.088197,0.000161,0.088197
s4g9,4,1,0,Eve,Carrot,0.021784,0.018293,0.021784,0.018293
s4g10,4,1,0,Bob,Parsnip,0.003746,0.035074,0.003746,0.035074
s4g11,4,1,0,Eve,Carrot,0.097152,0.025497,0.097152,0.025497
s4g12,4,1,0,Bob,Carrot,0.000881,0.030507,0.000881,0.030507
s4g13,4,1,0,Dave,Carrot,0.088885,0.031483,0.088885,0.031483
s4g14,4,1,0,Alice,Carrot,0.010233,0.020895,0.010233,0.020895
s4g15,4,1,0,Alice,Carrot,0.024275,0.016781,0.024275,0.016781
s4g16,4,1,0,Charlie,Carrot,0.009270,0.058088,0.009270,0.058088
s4g17,4,1,0,Dave,Parsnip,0.846355,0.038535,0.846355,0.038535
s4g18,4,1,0,Bob,Carrot,0.046535,0.080588,0.046535,0.080588
s4g19,4,1,0,Bob,Carrot,0.013617,0.031860,0.013617,0.031860
s0g0,0,1,1,Eve,Carrot,0.021471,0.011365,0.021471,0.011365
s0g1,0,1,1,Bob,Carrot,0.106708,0.030268,0.106708,0.030268
s0g2,0,1,1,Eve,Carrot,0.013794,0.035919,0.013794,0.035919
s0g3,0,1,1,Eve,Carrot,0.003115,0.082254,0.003115,0.082254
s0g4,0,1,1,Bob,Parsnip,0.102533,0.035696,0.102533,0.035696
s0g5,0,1,1,Bob,Carrot,0.004926,0.020030,0.004926,0.020030
s0g6,0,1,1,Bob,Carrot,0.002132,0.016904,0.002132,0.016904
s0g7,0,1,1,Alice,Parsnip,0.025037,0.057620,0.025037,0.057620
s0g8,0,1,1,Bob,Carrot,0.184014,0.035614,0.184014,0.035614
s0g9,0,1,1,Bob,Carrot,0.001052,0.087145,0.001052,0.087145
s0g10,0,1,1,Charlie,Carrot,0.000475,0.015838,0.000475,0.015838
s0g11,0,1,1,Charlie,Carrot,0.005798,0.037499,0.005798,0.037499
s0g12,0,1,1,Dave,Carrot,0.028066,0.083639,0.028066,0.083639
s0g13,0,1,1,Charlie,Carrot,0.000354,0.061384,0.000354,0.061384
s0g14,0,1,1,Dave,Carrot,0.002235,0.021402,0.002235,0.021402
s0g15,0,1,1,Bob,Carrot,0.019286,0.066249,0.019286,0.066249
s0g16,0,1,1,Charlie,Carrot,0.000035,0.050008,0.000035,0.050008
s0g17,0,1,1,Dave,Carrot,0.004380,0.044530,0.004380,0.044530
s0g18,0,1,1,Alice,Carrot,0.009899,0.054163,0.009899,0.054163
s0g19,0,1,1,Charlie,Carrot,0.000077,0.029982,0.000077,0.029982
s1g0,1,1,1,Dave,Carrot,0.002463,0.057354,0.002463,0.057354
s1g1,1,1,1,Dave,Carrot,0.002042,0.025204,0.002042,0.025204
s1g2,1,1,1,Eve,Parsnip,0.046552,0.044878,0.046552,0.044878
s1g3,1,1,1,Dave,Carrot,0.000170,0.031010,0.000170,0.031010
s1g4,1,1,1,Bob,Parsnip,0.033227,0.068271,0.033227,0.068271
s1g5,1,1,1,Alice,Carrot,0.000135,0.018854,0.000135,0.018854
s1g6,1,1,1,Dave,Carrot,0.000027,0.149519,0.000027,0.149519
s1g7,1,1,1,Eve,Carrot,0.000028,0.087222,0.000028,0.087222
s1g8,1,1,1,Charlie,Carrot,0.054485,0.039978,0.054485,0.039978
s1g9,1,1,1,Bob,Carrot,0.029858,0.023091,0.029858,0.023091
s1g10,1,1,1,Eve,Parsnip,0.132740,0.026470,0.132740,0.026470
s1g11,1,1,1,Dave,Parsnip,0.001646,0.018060,0.001646,0.018060
s1g12,1,1,1,Charlie,Carrot,0.002771,0.027880,0.002771,0.027880
s1g13,1,1,1,Eve,Carrot,0.000790,0.019544,0.000790,0.019544
s1g14,1,1,1,Eve,Parsnip,0.010348,0.217288,0.010348,0.217288
s1g15,1,1,1,Alice,Parsnip,0.003653,0.063901,0.003653,0.063901
s1g16,1,1,1,Eve,Carrot,0.000068,0.030872,0.000068,0.030872
s1g17,1,1,1,Charlie,Carrot,0.000241,0.048584,0.000241,0.048584
s1g18,1,1,1,Charlie,Carrot,0.001052,0.055188,0.001052,0.055188
s1g19,1,1,1,Bob,Carrot,0.000207,0.048207,0.000207,0.048207
s2g0,2,1,1,Dave,Carrot,0.004045,0.026152,0.004045,0.026152
s2g1,2,1,1,Dave,Carrot,0.000097,0.049756,0.000097,0.049756
s2g2,2,1,1,Bob,Parsnip,0.003668,0.075341,0.003668,0.075341
s2g3,2,1,1,Bob,Carrot,0.014129,0.022826,0.014129,0.022826
s2g4,2,1,1,Alice,Carrot,0.002029,0.045995,0.002029,0.045995
s2g5,2,1,1,Dave,Carrot,0.014197,0.019396,0.014197,0.019396
s2g6,2,1,1,Charlie,Carrot,0.001175,0.009809,0.001175,0.009809
s2g7,2,1,1,Alice,Carrot,0.000792,0.047852,0.000792,0.047852
s2g8,2,1,1,Alice,Parsnip,0.005567,0.260338,0.005567,0.260338
s2g9,2,1,1,Eve,Carrot,0.005587,0.009354,0.005587,0.009354
s2g10,2,1,1,Alice,Carrot,0.016551,0.042407,0.016551,0.042407
s2g11,2,1,1,Eve,Parsnip,0.040087,0.075890,0.040087,0.075890
s2g12,2,1,1,Eve,Carrot,0.082107,0.060628,0.082107,0.060628
s2g13,2,1,1,Alice,Parsnip,0.024258,0.040390,0.024258,0.040390
s2g14,2,1,1,Dave,Carrot,0.023914,0.050165,0.023914,0.050165
s2g15,2,1,1,Alice,Carrot,0.001032,0.023511,0.001032,0.023511
s2g16,2,1,1,Bob,Carrot,0.002402,0.029490,0.002402,0.029490
s2g17,2,1,1,Dave,Carrot,0.017280,0.039055,0.017280,0.039055
s2g18,2,1,1,Dave,Carrot,0.001595,0.023008,0.001595,0.023008
s2g19,2,1,1,Eve,Carrot,0.000093,0.041356,0.000093,0.041356
s3g0,3,1,1,Bob,Parsnip,0.009108,0.014372,0.009108,0.014372
s3g1,3,1,1,Charlie,Carrot,0.035825,0.047148,0.035825,0.047148
s3g2,3,1,1,Alice,Parsnip,0.179843,0.037648,0.179843,0.037648
s3g3,3,1,1,Alice,Carrot,0.003952,0.045380,0.003952,0.045380
s3g4,3,1,1,Eve,Carrot,0.002933,0.032437,0.002933,0.032437
s3g5,3,1,1,Alice,Parsnip,0.020246,0.032098,0.020246,0.032098
s3g6,3,1,1,Eve,Parsnip,0.455723,0.117042,0.455723,0.117042
s3g7,3,1,1,Charlie,Parsnip,0.018036,0.064760,0.018036,0.064760
s3g8,3,1,1,Alice,Carrot,0.009009,0.023583,0.009009,0.023583
s3g9,3,1,1,Charlie,Parsnip,0.000650,0.030582,0.000650,0.030582
s3g10,3,1,1,Bob,Carrot,0.002293,0.035401,0.002293,0.035401
s3g11,3,1,1,Charlie,Carrot,0.000272,0.092080,0.000272,0.092080
s3g12,3,1,1,Bob,Carrot,0.073712,0.024668,0.073712,0.024668
s3g13,3,1,1,Charlie,Parsnip,0.369704,0.038024,0.369704,0.038024
s3g14,3,1,1,Bob,Parsnip,0.138497,0.091598,0.138497,0.091598
s3g15,3,1,1,Bob,Carrot,0.008957,0.030867,0.008957,0.030867
s3g16,3,1,1,Eve,Carrot,0.027606,0.032980,0.027606,0.032980
s3g17,3,1,1,Alice,Carrot,0.049338,0.074390,0.049338,0.074390
s3g18,3,1,1,Dave,Carrot,0.009440,0.038789,0.009440,0.038789
s3g19,3,1,1,Dave,Carrot,0.004552,0.046886,0.004552,0.046886
s4g0,4,1,1,Dave,Parsnip,0.070248,0.037460,0.070248,0.037460
s4g1,4,1,1,Bob,Carrot,0.018909,0.030530,0.018909,0.030530
s4g2,4,1,1,Dave,Parsnip,0.591108,0.059046,0.591108,0.059046
s4g3,4,1,1,Eve,Carrot,0.007740,0.034094,0.007740,0.034094
s4g4,4,1,1,Charlie,Carrot,0.000204,0.025889,0.000204,0.025889
s4g5,4,1,1,Charlie,Carrot,0.008381,0.035646,0.008381,0.035646
s4g6,4,1,1,Charlie,Carrot,0.000052,0.032481,0.000052,0.032481
s4g7,4,1,1,Bob,Carrot,0.002553,0.015322,0.002553,0.015322
s4g8,4,1,1,Bob,Carrot,0.000024,0.177694,0.000024,0.177694
s4g9,4,1,1,Dave,Carrot,0.017588,0.020718,0.017588,0.020718
s4g10,4,1,1,Charlie,Carrot,0.011480,0.023160,0.011480,0.023160
s4g11,4,1,1,Bob,Parsnip,0.002188,0.112136,0.002188,0.112136
s4g12,4,1,1,Charlie,Carrot,0.000763,0.014383,0.000763,0.014383
s4g13,4,1,1,Alice,Parsnip,0.011158,0.070214,0.011158,0.070214
s4g14,4,1,1,Bob,Carrot,0.000472,0.030014,0.000472,0.030014
s4g15,4,1,1,Eve,Parsnip,0.032674,0.023535,0.032674,0.023535
s4g16,4,1,1,Bob,Carrot,0.001714,0.052917,0.001714,0.052917
s4g17,4,1,1,Charlie,Carrot,0.007179,0.047455,0.007179,0.047455
s4g18,4,1,1,Alice,Parsnip,0.006897,0.034706,0.006897,0.034706
s4g19,4,1,1,Dave,Carrot,0.004480,0.061122,0.004480,0.061122
s0g0,0,1,2,Bob,Carrot,0.007143,0.016623,0.007143,0.016623
s0g1,0,1,2,Charlie,Parsnip,0.155289,0.052636,0.155289,0.052636
s0g2,0,1,2,Alice,Carrot,0.000167,0.027092,0.000167,0.027092
s0g3,0,1,2,Dave,Parsnip,0.106183,0.058906,0.106183,0.058906
s0g4,0,1,2,Eve,Carrot,0.013418,0.025029,0.013418,0.025029
s0g5,0,1,2,Charlie,Carrot,0.028604,0.028908,0.028604,0.028908
s0g6,0,1,2,Dave,Carrot,0.005684,0.055195,0.005684,0.055195
s0g7,0,1,2,Dave,Carrot,0.002607,0.018567,0.002607,0.018567
s0g8,0,1,2,Dave,Carrot,0.010557,0.025367,0.010557,0.025367
s0g9,0,1,2,Eve,Carrot,0.015211,0.041970,0.015211,0.041970
s0g10,0,1,2,Eve,Parsnip,0.132112,0.040505,0.132112,0.040505
s0g11,0,1,2,Dave,Parsnip,0.051419,0.026436,0.051419,0.026436
s0g12,0,1,2,Bob,Carrot,0.012522,0.045663,0.012522,0.045663
s0g13,0,1,2,Dave,Parsnip,0.000370,0.084233,0.000370,0.084233
s0g14,0,1,2,Alice,Parsnip,0.096577,0.049722,0.096577,0.049722
s0g15,0,1,2,Eve,Carrot,0.000602,0.032264,0.000602,0.032264
s0g16,0,1,2,Bob,Parsnip,0.002545,0.180821,0.002545,0.180821
s0g17,0,1,2,Alice,Carrot,0.003916,0.048348,0.003916,0.048348
s0g18,0,1,2,Charlie,Carrot,0.000123,0.018315,0.000123,0.018315
s0g19,0,1,2,Eve,Carrot,0.000109,0.033597,0.000109,0.033597
s1g0,1,1,2,Alice,Parsnip,0.064197,0.051038,0.064197,0.051038
s1g1,1,1,2,Eve,Carrot,0.012682,0.013887,0.012682,0.013887
s1g2,1,1,2,Alice,Carrot,0.001184,0.017104,0.001184,0.017104
s1g3,1,1,2,Alice,Parsnip,0.001337,0.077808,0.001337,0.077808
s1g4,1,1,2,Dave,Carrot,0.002085,0.048232,0.002085,0.048232
s1g5,1,1,2,Charlie,Carrot,0.000155,0.017111,0.000155,0.017111
s1g6,1,1,2,Alice,Parsnip,0.019244,0.061708,0.019244,0.061708
s1g7,1,1,2,Dave,Carrot,0.002486,0.033297,0.002486,0.033297
s1g8,1,1,2,Dave,Carrot,0.001892,0.045142,0.001892,0.045142
s1g9,1,1,2,Alice,Carrot,0.000127,0.041462,0.000127,0.041462
s1g10,1,1,2,Dave,Carrot,0.001359,0.022025,0.001359,0.022025
s1g11,1,1,2,Alice,Carrot,0.000085,0.050727,0.000085,0.050727
s1g12,1,1,2,Alice,Parsnip,0.008266,0.039358,0.008266,0.039358
s1g13,1,1,2,Bob,Carrot,0.047430,0.027171,0.047430,0.027171
s1g14,1,1,2,Alice,Carrot,0.010461,0.029432,0.010461,0.029432
s1g15,1,1,2,Charlie,Carrot,0.001594,0.020952,0.001594,0.020952
s1g16,1,1,2,Dave,Carrot,0.000117,0.091513,0.000117,0.091513
s1g17,1,1,2,Eve,Carrot,0.000027,0.119933,0.000027,0.119933
s1g18,1,1,2,Dave,Parsnip,0.027249,0.048978,0.027249,0.048978
s1g19,1,1,2,Eve,Carrot,0.001009,0.068430,0.001009,0.068430
s2g0,2,1,2,Bob,Carrot,0.005795,0.022627,0.005795,0.022627
s2g1,2,1,2,Alice,Carrot,0.001392,0.028858,0.001392,0.028858
s2g2,2,1,2,Charlie,Carrot,0.000840,0.021677,0.000840,0.021677
s2g3,2,1,2,Eve,Carrot,0.001264,0.053943,0.001264,0.053943
s2g4,2,1,2,Bob,Carrot,0.028885,0.022208,0.028885,0.022208
s2g5,2,1,2,Charlie,Parsnip,0.062142,0.015660,0.062142,0.015660
s2g6,2,1,2,Eve,Parsnip,0.008541,0.017146,0.008541,0.017146
s2g7,2,1,2,Dave,Carrot,0.000013,0.035335,0.000013,0.035335
s2g8,2,1,2,Charlie,Carrot,0.000107,0.030314,0.000107,0.030314
s2g9,2,1,2,Dave,Carrot,0.000793,0.024827,0.000793,0.024827
s2g10,2,1,2,Bob,Carrot,0.002200,0.035768,0.002200,0.035768
s2g11,2,1,2,Charlie,Carrot,0.024735,0.049265,0.024735,0.049265
s2g12,2,1,2,Bob,Parsnip,0.154716,0.025594,0.154716,0.025594
s2g13,2,1,2,Dave,Carrot,0.001837,0.263971,0.001837,0.263971
s2g14,2,1,2,Bob,Carrot,0.002204,0.062600,0.002204,0.062600
s2g15,2,1,2,Bob,Carrot,0.005064,0.035665,0.005064,0.035665
s2g16,2,1,2,Alice,Carrot,0.007511,0.022846,0.007511,0.022846
s2g17,2,1,2,Alice,Carrot,0.001723,0.027301,0.001723,0.027301
s2g18,2,1,2,Charlie,Carrot,0.000837,0.021203,0.000837,0.021203
s2g19,2,1,2,Charlie,Carrot,0.000033,0.029944,0.000033,0.029944
s3g0,3,1,2,Alice,Carrot,0.002162,0.027281,0.002162,0.027281
s3g1,3,1,2,Dave,Carrot,0.036122,0.057350,0.036122,0.057350
s3g2,3,1,2,Charlie,Carrot,0.012669,0.033861,0.012669,0.033861
s3g3,3,1,2,Dave,Carrot,0.012773,0.060253,0.012773,0.060253
s3g4,3,1,2,Dave,Parsnip,0.020153,0.331288,0.020153,0.331288
s3g5,3,1,2,Eve,Carrot,0.023827,0.042232,0.023827,0.042232
s3g6,3,1,2,Alice,Carrot,0.015540,0.121452,0.015540,0.121452
s3g7,3,1,2,Alice,Carrot,0.004611,0.045470,0.004611,0.045470
s3g8,3,1,2,Eve,Carrot,0.010790,0.031161,0.010790,0.031161
s3g9,3,1,2,Dave,Carrot,0.000231,0.030641,0.000231,0.030641
s3g10,3,1,2,Charlie,Carrot,0.000713,0.025408,0.000713,0.025408
s3g11,3,1,2,Eve,Carrot,0.000265,0.169114,0.000265,0.169114
s3g12,3,1,2,Alice,Parsnip,0.478284,0.037963,0.478284,0.037963
s3g13,3,1,2,Dave,Carrot,0.014061,0.030544,0.014061,0.030544
s3g14,3,1,2,Dave,Carrot,0.003845,0.016124,0.003845,0.016124
s3g15,3,1,2,Dave,Carrot,0.003979,0.032873,0.003979,0.032873
s3g16,3,1,2,Charlie,Carrot,0.087525,0.020078,0.087525,0.020078
s3g17,3,1,2,Eve,Carrot,0.007715,0.028194,0.007715,0.028194
s3g18,3,1,2,Charlie,Parsnip,0.045012,0.055943,0.045012,0.055943
s3g19,3,1,2,Eve,Carrot,0.019837,0.028565,0.019837,0.028565
s4g0,4,1,2,Alice,Carrot,0.005807,0.027486,0.005807,0.027486
s4g1,4,1,2,Charlie,Parsnip,0.008201,0.044348,0.008201,0.044348
s4g2,4,1,2,Alice,Carrot,0.005258,0.027282,0.005258,0.027282
s4g3,4,1,2,Dave,Parsnip,0.010648,0.089051,0.010648,0.089051
s4g4,4,1,2,Eve,Carrot,0.000093,0.109293,0.000093,0.109293
s4g5,4,1,2,Alice,Carrot,0.010910,0.026279,0.010910,0.026279
s4g6,4,1,2,Dave,Carrot,0.001198,0.088626,0.001198,0.088626
s4g7,4,1,2,Charlie,Carrot,0.003528,0.032256,0.003528,0.032256
s4g8,4,1,2,Charlie,Carrot,0.000005,0.182355,0.000005,0.182355
s4g9,4,1,2,Alice,Carrot,0.004162,0.028760,0.004162,0.028760
s4g10,4,1,2,Eve,Carrot,0.000268,0.009586,0.000268,0.009586
s4g11,4,1,2,Dave,Carrot,0.000212,0.060856,0.000212,0.060856
s4g12,4,1,2,Dave,Carrot,0.000122,0.032622,0.000122,0.032622
s4g13,4,1,2,Charlie,Carrot,0.000082,0.015451,0.000082,0.015451
s4g14,4,1,2,Dave,Carrot,0.000170,0.023561,0.000170,0.023561
s4g15,4,1,2,Dave,Carrot,0.010440,0.019442,0.010440,0.019442
s4g16,4,1,2,Eve,Carrot,0.005791,0.010612,0.005791,0.010612
s4g17,4,1,2,Bob,Carrot,0.036417,0.025975,0.036417,0.025975
s4g18,4,1,2,Charlie,Carrot,0.002036,0.022724,0.002036,0.022724
s4g19,4,1,2,Alice,Carrot,0.002818,0.078373,0.002818,0.078373
s0g0,0,1,3,Alice,Carrot,0.020902,0.050136,0.020902,0.050136
s0g1,0,1,3,Eve,Carrot,0.004901,0.022162,0.004901,0.022162
s0g2,0,1,3,Dave,Parsnip,0.002038,0.031340,0.002038,0.031340
s0g3,0,1,3,Alice,Carrot,0.002206,0.026188,0.002206,0.026188
s0g4,0,1,3,Dave,Carrot,0.006507,0.087207,0.006507,0.087207
s0g5,0,1,3,Dave,Carrot,0.000227,0.044479,0.000227,0.044479
s0g6,0,1,3,Charlie,Carrot,0.000021,0.097436,0.000021,0.097436
s0g7,0,1,3,Eve,Carrot,0.002185,0.072997,0.002185,0.072997
s0g8,0,1,3,Charlie,Parsnip,0.083185,0.026668,0.083185,0.026668
s0g9,0,1,3,Alice,Parsnip,0.000726,0.038882,0.000726,0.038882
s0g10,0,1,3,Dave,Carrot,0.002594,0.013196,0.002594,0.013196
s0g11,0,1,3,Bob,Carrot,0.001835,0.018518,0.001835,0.018518
s0g12,0,1,3,Charlie,Parsnip,0.307159,0.054338,0.307159,0.054338
s0g13,0,1,3,Alice,Carrot,0.000126,0.146014,0.000126,0.146014
s0g14,0,1,3,Bob,Carrot,0.001689,0.030391,0.001689,0.030391
s0g15,0,1,3,Alice,Parsnip,0.011557,0.057177,0.011557,0.057177
s0g16,0,1,3,Dave,Carrot,0.000045,0.061813,0.000045,0.061813
s0g17,0,1,3,Bob,Carrot,0.010265,0.031014,0.010265,0.031014
s0g18,0,1,3,Dave,Carrot,0.000395,0.064485,0.000395,0.064485
s0g19,0,1,3,Dave,Parsnip,0.003754,0.035035,0.003754,0.035035
s1g0,1,1,3,Bob,Carrot,0.008498,0.018076,0.008498,0.018076
s1g1,1,1,3,Charlie,Parsnip,0.016491,0.043162,0.016491,0.043162
s1g2,1,1,3,Charlie,Carrot,0.016739,0.037957,0.016739,0.037957
s1g3,1,1,3,Bob,Carrot,0.000535,0.024958,0.000535,0.024958
s1g4,1,1,3,Alice,Carrot,0.000392,0.033293,0.000392,0.033293
s1g5,1,1,3,Eve,Carrot,0.001900,0.019196,0.001900,0.019196
s1g6,1,1,3,Bob,Carrot,0.000750,0.034738,0.000750,0.034738
s1g7,1,1,3,Charlie,Carrot,0.000088,0.055276,0.000088,0.055276
s1g8,1,1,3,Eve,Parsnip,0.151794,0.081098,0.151794,0.081098
s1g9,1,1,3,Charlie,Parsnip,0.004297,0.062587,0.004297,0.062587
s1g10,1,1,3,Alice,Carrot,0.000284,0.031603,0.000284,0.031603
s1g11,1,1,3,Charlie,Carrot,0.000029,0.028109,0.000029,0.028109
s1g12,1,1,3,Bob,Carrot,0.002665,0.024075,0.002665,0.024075
s1g13,1,1,3,Alice,Carrot,0.007630,0.018093,0.007630,0.018093
s1g14,1,1,3,Dave,Carrot,0.002681,0.097200,0.002681,0.097200
s1g15,1,1,3,Bob,Carrot,0.000180,0.022740,0.000180,0.022740
s1g16,1,1,3,Bob,Carrot,0.000044,0.120447,0.000044,0.120447
s1g17,1,1,3,Bob,Carrot,0.000001,0.073551,0.000001,0.073551
s1g18,1,1,3,Eve,Carrot,0.000783,0.088047,0.000783,0.088047
s1g19,1,1,3,Charlie,Parsnip,0.000233,0.048620,0.000233,0.048620
s2g0,2,1,3,Charlie,Carrot,0.000346,0.086142,0.000346,0.086142
s2g1,2,1,3,Eve,Parsnip,0.022750,0.093910,0.022750,0.093910
s2g2,2,1,3,Dave,Carrot,0.003282,0.024642,0.003282,0.024642
s2g3,2,1,3,Alice,Parsnip,0.002613,0.089678,0.002613,0.089678
s2g4,2,1,3,Eve,Parsnip,0.005674,0.061497,0.005674,0.061497
s2g5,2,1,3,Bob,Carrot,0.029171,0.036797,0.029171,0.036797
s2g6,2,1,3,Bob,Carrot,0.034756,0.025988,0.034756,0.025988
s2g7,2,1,3,Eve,Carrot,0.002938,0.057440,0.002938,0.057440
s2g8,2,1,3,Eve,Carrot,0.002474,0.043549,0.002474,0.043549
s2g9,2,1,3,Charlie,Carrot,0.003063,0.024487,0.003063,0.024487
s2g10,2,1,3,Dave,Carrot,0.001969,0.045177,0.001969,0.045177
s2g11,2,1,3,Bob,Carrot,0.001569,0.052420,0.001569,0.052420
s2g12,2,1,3,Alice,Carrot,0.161752,0.022131,0.161752,0.022131
s2g13,2,1,3,Bob,Carrot,0.000087,0.207066,0.000087,0.207066
s2g14,2,1,3,Alice,Parsnip,0.132831,0.045985,0.132831,0.045985
s2g15,2,1,3,Eve,Carrot,0.004077,0.035469,0.004077,0.035469
s2g16,2,1,3,Eve,Carrot,0.041365,0.022617,0.041365,0.022617
s2g17,2,1,3,Charlie,Parsnip,0.003808,0.050140,0.003808,0.050140
s2g18,2,1,3,Eve,Parsnip,0.213961,0.030216,0.213961,0.030216
s2g19,2,1,3,Alice,Carrot,0.000118,0.041059,0.000118,0.041059
s3g0,3,1,3,Dave,Carrot,0.000417,0.029352,0.000417,0.029352
s3g1,3,1,3,Alice,Parsnip,0.166261,0.061413,0.166261,0.061413
s3g2,3,1,3,Bob,Carrot,0.012183,0.035925,0.012183,0.035925
s3g3,3,1,3,Bob,Carrot,0.000453,0.052994,0.000453,0.052994
s3g4,3,1,3,Alice,Carrot,0.001576,0.040190,0.001576,0.040190
s3g5,3,1,3,Dave,Carrot,0.486273,0.036168,0.486273,0.036168
s3g6,3,1,3,Charlie,Carrot,0.000063,0.036071,0.000063,0.036071
s3g7,3,1,3,Eve,Carrot,0.010167,0.037201,0.010167,0.037201
s3g8,3,1,3,Bob,Parsnip,0.011156,0.033924,0.011156,0.033924
s3g9,3,1,3,Bob,Carrot,0.000030,0.083989,0.000030,0.083989
s3g10,3,1,3,Dave,Carrot,0.000008,0.038868,0.000008,0.038868
s3g11,3,1,3,Dave,Parsnip,0.032364,0.034768,0.032364,0.034768
s3g12,3,1,3,Charlie,Carrot,0.008640,0.053214,0.008640,0.053214
s3g13,3,1,3,Bob,Carrot,0.045583,0.073056,0.045583,0.073056
s3g14,3,1,3,Eve,Carrot,0.053225,0.033173,0.053225,0.033173
s3g15,3,1,3,Charlie,Carrot,0.000515,0.089969,0.000515,0.089969
s3g16,3,1,3,Bob,Carrot,0.071614,0.023120,0.071614,0.023120
s3g17,3,1,3,Charlie,Carrot,0.011712,0.029602,0.011712,0.029602
s3g18,3,1,3,Bob,Carrot,0.001738,0.103137,0.001738,0.103137
s3g19,3,1,3,Bob,Parsnip,0.011669,0.138365,0.011669,0.138365
s4g0,4,1,3,Eve,Carrot,0.003436,0.034156,0.003436,0.034156
s4g1,4,1,3,Alice,Carrot,0.010962,0.023142,0.010962,0.023142
s4g2,4,1,3,Eve,Carrot,0.006293,0.032873,0.006293,0.032873
s4g3,4,1,3,Bob,Carrot,0.077279,0.040407,0.077279,0.040407
s4g4,4,1,3,Alice,Parsnip,0.001168,0.026051,0.001168,0.026051
s4g5,4,1,3,Bob,Parsnip,0.022774,0.038831,0.022774,0.038831
s4g6,4,1,3,Eve,Parsnip,0.013965,0.090080,0.013965,0.090080
s4g7,4,1,3,Dave,Carrot,0.000748,0.026407,0.000748,0.026407
s4g8,4,1,3,Eve,Parsnip,0.000131,0.492871,0.000131,0.492871
s4g9,4,1,3,Charlie,Parsnip,0.447664,0.023447,0.447664,0.023447
s4g10,4,1,3,Alice,Carrot,0.000107,0.080237,0.000107,0.080237
s4g11,4,1,3,Alice,Carrot,0.000496,0.048541,0.000496,0.048541
s4g12,4,1,3,Eve,Carrot,0.000003,0.115797,0.000003,0.115797
s4g13,4,1,3,Bob,Carrot,0.001375,0.052108,0.001375,0.052108
s4g14,4,1,3,Charlie,Carrot,0.001546,0.055194,0.001546,0.055194
s4g15,4,1,3,Charlie,Carrot,0.001364,0.028856,0.001364,0.028856
s4g16,4,1,3,Dave,Carrot,0.000599,0.029028,0.000599,0.029028
s4g17,4,1,3,Eve,Carrot,0.011599,0.024962,0.011599,0.024962
s4g18,4,1,3,Eve,Carrot,0.000124,0.041268,0.000124,0.041268
s4g19,4,1,3,Charlie,Parsnip,0.004551,0.135969,0.004551,0.135969
s0g0,0,1,4,Dave,Parsnip,0.088794,0.042965,0.088794,0.042965
s0g1,0,1,4,Alice,Carrot,0.142612,0.034312,0.142612,0.034312
s0g2,0,1,4,Bob,Carrot,0.000043,0.053111,0.000043,0.053111
s0g3,0,1,4,Bob,Carrot,0.003530,0.083473,0.003530,0.083473
s0g4,0,1,4,Charlie,Carrot,0.000857,0.022570,0.000857,0.022570
s0g5,0,1,4,Alice,Carrot,0.000641,0.054545,0.000641,0.054545
s0g6,0,1,4,Eve,Parsnip,0.003036,0.046765,0.003036,0.046765
s0g7,0,1,4,Charlie,Carrot,0.000143,0.046842,0.000143,0.046842
s0g8,0,1,4,Alice,Carrot,0.000425,0.091902,0.000425,0.091902
s0g9,0,1,4,Charlie,Carrot,0.000007,0.179614,0.000007,0.179614
s0g10,0,1,4,Alice,Carrot,0.000734,0.025492,0.000734,0.025492
s0g11,0,1,4,Alice,Carrot,0.005741,0.035879,0.005741,0.035879
s0g12,0,1,4,Eve,Carrot,0.024871,0.083073,0.024871,0.083073
s0g13,0,1,4,Bob,Carrot,0.000006,0.091529,0.000006,0.091529
s0g14,0,1,4,Charlie,Carrot,0.000005,0.138327,0.000005,0.138327
s0g15,0,1,4,Dave,Carrot,0.001945,0.048373,0.001945,0.048373
s0g16,0,1,4,Eve,Carrot,0.002163,0.331632,0.002163,0.331632
s0g17,0,1,4,Charlie,Carrot,0.001566,0.030940,0.001566,0.030940
s0g18,0,1,4,Eve,Carrot,0.001940,0.063645,0.001940,0.063645
s0g19,0,1,4,Bob,Carrot,0.000674,0.041681,0.000674,0.041681
s1g0,1,1,4,Charlie,Carrot,0.009569,0.049366,0.009569,0.049366
s1g1,1,1,4,Alice,Carrot,0.000818,0.052006,0.000818,0.052006
s1g2,1,1,4,Dave,Carrot,0.000090,0.098867,0.000090,0.098867
s1g3,1,1,4,Charlie,Carrot,0.000047,0.068893,0.000047,0.068893
s1g4,1,1,4,Charlie,Carrot,0.000340,0.047870,0.000340,0.047870
s1g5,1,1,4,Dave,Parsnip,0.062888,0.042962,0.062888,0.042962
s1g6,1,1,4,Eve,Carrot,0.000652,0.064966,0.000652,0.064966
s1g7,1,1,4,Bob,Parsnip,0.000020,0.199164,0.000020,0.199164
s1g8,1,1,4,Alice,Carrot,0.000478,0.079449,0.000478,0.079449
s1g9,1,1,4,Eve,Carrot,0.000008,0.196075,0.000008,0.196075
s1g10,1,1,4,Bob,Carrot,0.001292,0.044233,0.001292,0.044233
s1g11,1,1,4,Eve,Carrot,0.000163,0.064097,0.000163,0.064097
s1g12,1,1,4,Eve,Carrot,0.001409,0.066641,0.001409,0.066641
s1g13,1,1,4,Dave,Carrot,0.014227,0.023191,0.014227,0.023191
s1g14,1,1,4,Bob,Carrot,0.001646,0.073739,0.001646,0.073739
s1g15,1,1,4,Eve,Carrot,0.000020,0.087045,0.000020,0.087045
s1g16,1,1,4,Alice,Carrot,0.000083,0.085547,0.000083,0.085547
s1g17,1,1,4,Dave,Parsnip,0.000312,0.058302,0.000312,0.058302
s1g18,1,1,4,Bob,Carrot,0.003901,0.049026,0.003901,0.049026
s1g19,1,1,4,Dave,Carrot,0.000362,0.074995,0.000362,0.074995
s2g0,2,1,4,Eve,Carrot,0.000165,0.172365,0.000165,0.172365
s2g1,2,1,4,Charlie,Carrot,0.000018,0.039108,0.000018,0.039108
s2g2,2,1,4,Eve,Carrot,0.024834,0.094390,0.024834,0.094390
s2g3,2,1,4,Charlie,Carrot,0.000513,0.038938,0.000513,0.038938
s2g4,2,1,4,Dave,Carrot,0.015521,0.027790,0.015521,0.027790
s2g5,2,1,4,Eve,Carrot,0.000342,0.037028,0.000342,0.037028
s2g6,2,1,4,Alice,Carrot,0.000613,0.023271,0.000613,0.023271
s2g7,2,1,4,Charlie,Parsnip,0.005295,0.038427,0.005295,0.038427
s2g8,2,1,4,Bob,Carrot,0.001248,0.081561,0.001248,0.081561
s2g9,2,1,4,Alice,Parsnip,0.002916,0.018837,0.002916,0.018837
s2g10,2,1,4,Eve,Carrot,0.000693,0.124939,0.000693,0.124939
s2g11,2,1,4,Dave,Carrot,0.004567,0.086124,0.004567,0.086124
s2g12,2,1,4,Dave,Carrot,0.005608,0.032948,0.005608,0.032948
s2g13,2,1,4,Eve,Carrot,0.000165,0.011640,0.000165,0.011640
s2g14,2,1,4,Charlie,Carrot,0.000225,0.046662,0.000225,0.046662
s2g15,2,1,4,Dave,Parsnip,0.011666,0.057477,0.011666,0.057477
s2g16,2,1,4,Charlie,Parsnip,0.005759,0.029725,0.005759,0.029725
s2g17,2,1,4,Bob,Carrot,0.000392,0.051369,0.000392,0.051369
s2g18,2,1,4,Bob,Carrot,0.000767,0.035072,0.000767,0.035072
s2g19,2,1,4,Dave,Parsnip,0.000128,0.347752,0.000128,0.347752
s3g0,3,1,4,Charlie,Carrot,0.012079,0.030735,0.012079,0.030735
s3g1,3,1,4,Eve,Carrot,0.000747,0.075369,0.000747,0.075369
s3g2,3,1,4,Dave,Carrot,0.002986,0.049748,0.002986,0.049748
s3g3,3,1,4,Eve,Parsnip,0.008909,0.075631,0.008909,0.075631
s3g4,3,1,4,Bob,Carrot,0.000031,0.061632,0.000031,0.061632
s3g5,3,1,4,Charlie,Carrot,0.015907,0.038006,0.015907,0.038006
s3g6,3,1,4,Dave,Carrot,0.014515,0.020372,0.014515,0.020372
s3g7,3,1,4,Dave,Carrot,0.000329,0.108963,0.000329,0.108963
s3g8,3,1,4,Charlie,Carrot,0.004446,0.066040,0.004446,0.066040
s3g9,3,1,4,Alice,Carrot,0.000479,0.049098,0.000479,0.049098
s3g10,3,1,4,Alice,Carrot,0.000256,0.058955,0.000256,0.058955
s3g11,3,1,4,Alice,Carrot,0.000007,0.096203,0.000007,0.096203
s3g12,3,1,4,Dave,Carrot,0.000720,0.107345,0.000720,0.107345
s3g13,3,1,4,Eve,Carrot,0.004622,0.189878,0.004622,0.189878
s3g14,3,1,4,Charlie,Carrot,0.000020,0.027872,0.000020,0.027872
s3g15,3,1,4,Eve,Parsnip,0.000791,0.185796,0.000791,0.185796
s3g16,3,1,4,Dave,Carrot,0.003250,0.045637,0.003250,0.045637
s3g17,3,1,4,Bob,Parsnip,0.015248,0.093091,0.015248,0.093091
s3g18,3,1,4,Alice,Carrot,0.000543,0.028035,0.000543,0.028035
s3g19,3,1,4,Charlie,Carrot,0.000458,0.170521,0.000458,0.170521
s4g0,4,1,4,Charlie,Carrot,0.000032,0.065221,0.000032,0.065221
s4g1,4,1,4,Eve,Carrot,0.004476,0.061957,0.004476,0.061957
s4g2,4,1,4,Charlie,Carrot,0.000164,0.115317,0.000164,0.115317
s4g3,4,1,4,Charlie,Carrot,0.015088,0.041908,0.015088,0.041908
s4g4,4,1,4,Dave,Carrot,0.000029,0.067972,0.000029,0.067972
s4g5,4,1,4,Dave,Carrot,0.004613,0.044003,0.004613,0.044003
s4g6,4,1,4,Bob,Carrot,0.001061,0.032492,0.001061,0.032492
s4g7,4,1,4,Alice,Parsnip,0.045880,0.048315,0.045880,0.048315
s4g8,4,1,4,Alice,Carrot,0.000001,0.244341,0.000001,0.244341
s4g9,4,1,4,Bob,Carrot,0.000664,0.020733,0.000664,0.020733
s4g10,4,1,4,Dave,Carrot,0.000065,0.046874,0.000065,0.046874
s4g11,4,1,4,Charlie,Carrot,0.001059,0.023105,0.001059,0.023105
s4g12,4,1,4,Alice,Parsnip,0.044539,0.197017,0.044539,0.197017
s4g13,4,1,4,Eve,Carrot,0.000030,0.131505,0.000030,0.131505
s4g14,4,1,4,Eve,Parsnip,0.028705,0.065565,0.028705,0.065565
s4g15,4,1,4,Bob,Carrot,0.012510,0.048170,0.012510,0.048170
s4g16,4,1,4,Alice,Parsnip,0.070267,0.073211,0.070267,0.073211
s4g17,4,1,4,Alice,Carrot,0.004569,0.030781,0.004569,0.030781
s4g18,4,1,4,Dave,Carrot,0.019896,0.057857,0.019896,0.057857
s4g19,4,1,4,Eve,Carrot,0.010127,0.020974,0.010127,0.020974
s0g0,0,2,0,Charlie,Carrot,0.028085,0.070438,0.028085,0.070438
s0g1,0,2,0,Dave,Carrot,0.002315,0.104408,0.002315,0.104408
s0g2,0,2,0,Dave,Parsnip,0.101726,0.160970,0.101726,0.160970
s0g3,0,2,0,Dave,Parsnip,0.004808,0.128108,0.004808,0.128108
s0g4,0,2,0,Dave,Carrot,0.000493,0.030865,0.000493,0.030865
s0g5,0,2,0,Dave,Carrot,0.000016,0.129440,0.000016,0.129440
s0g6,0,2,0,Dave,Carrot,0.000687,0.094345,0.000687,0.094345
s0g7,0,2,0,Alice,Parsnip,0.003409,0.039235,0.003409,0.039235
s0g8,0,2,0,Eve,Carrot,0.000047,0.140290,0.000047,0.140290
s0g9,0,2,0,Dave,Carrot,0.000167,0.086576,0.000167,0.086576
s0g10,0,2,0,Eve,Parsnip,0.080313,0.066001,0.080313,0.066001
s0g11,0,2,0,Bob,Carrot,0.003590,0.024775,0.003590,0.024775
s0g12,0,2,0,Bob,Carrot,0.005538,0.117088,0.005538,0.117088
s0g13,0,2,0,Charlie,Carrot,0.000008,0.055817,0.000008,0.055817
s0g14,0,2,0,Dave,Carrot,0.000007,0.199091,0.000007,0.199091
s0g15,0,2,0,Charlie,Carrot,0.000211,0.092255,0.000211,0.092255
s0g16,0,2,0,Alice,Carrot,0.000381,0.051977,0.000381,0.051977
s0g17,0,2,0,Alice,Carrot,0.000389,0.055444,0.000389,0.055444
s0g18,0,2,0,Bob,Parsnip,0.009534,0.064417,0.009534,0.064417
s0g19,0,2,0,Dave,Parsnip,0.000244,0.086097,0.000244,0.086097
s1g0,1,2,0,Dave,Carrot,0.000012,0.134255,0.000012,0.134255
s1g1,1,2,0,Eve,Carrot,0.000726,0.039062,0.000726,0.039062
s1g2,1,2,0,Alice,Carrot,0.000479,0.100016,0.000479,0.100016
s1g3,1,2,0,Eve,Carrot,0.000023,0.065331,0.000023,0.065331
s1g4,1,2,0,Alice,Carrot,0.000776,0.070459,0.000776,0.070459
s1g5,1,2,0,Alice,Carrot,0.000001,0.054856,0.000001,0.054856
s1g6,1,2,0,Bob,Carrot,0.000138,0.214511,0.000138,0.214511
s1g7,1,2,0,Charlie,Carrot,0.000001,0.192892,0.000001,0.192892
s1g8,1,2,0,Bob,Carrot,0.000000,0.136677,0.000000,0.136677
s1g9,1,2,0,Charlie,Parsnip,0.000578,0.132449,0.000578,0.132449
s1g10,1,2,0,Eve,Parsnip,0.006113,0.047526,0.006113,0.047526
s1g11,1,2,0,Alice,Carrot,0.000144,0.037570,0.000144,0.037570
s1g12,1,2,0,Bob,Carrot,0.007329,0.036957,0.007329,0.036957
s1g13,1,2,0,Eve,Carrot,0.000575,0.049064,0.000575,0.049064
s1g14,1,2,0,Eve,Parsnip,0.311390,0.059892,0.311390,0.059892
s1g15,1,2,0,Bob,Carrot,0.000031,0.034141,0.000031,0.034141
s1g16,1,2,0,Charlie,Parsnip,0.243477,0.051393,0.243477,0.051393
s1g17,1,2,0,Bob,Carrot,0.000003,0.055948,0.000003,0.055948
s1g18,1,2,0,Alice,Carrot,0.001481,0.043441,0.001481,0.043441
s1g19,1,2,0,Bob,Carrot,0.000743,0.087472,0.000743,0.087472
s2g0,2,2,0,Alice,Parsnip,0.000840,0.037119,0.000840,0.037119
s2g1,2,2,0,Bob,Carrot,0.000002,0.169476,0.000002,0.169476
s2g2,2,2,0,Bob,Parsnip,0.015743,0.066422,0.015743,0.066422
s2g3,2,2,0,Bob,Carrot,0.000076,0.152522,0.000076,0.152522
s2g4,2,2,0,Charlie,Carrot,0.000028,0.142136,0.000028,0.142136
s2g5,2,2,0,Dave,Carrot,0.018864,0.041429,0.018864,0.041429
s2g6,2,2,0,Bob,Carrot,0.000011,0.104654,0.000011,0.104654
s2g7,2,2,0,Bob,Carrot,0.024926,0.052215,0.024926,0.052215
s2g8,2,2,0,Eve,Carrot,0.001676,0.103930,0.001676,0.103930
s2g9,2,2,0,Dave,Carrot,0.000089,0.153977,0.000089,0.153977
s2g10,2,2,0,Dave,Carrot,0.002041,0.095992,0.002041,0.095992
s2g11,2,2,0,Eve,Parsnip,0.015879,0.067844,0.015879,0.067844
s2g12,2,2,0,Alice,Carrot,0.009058,0.077066,0.009058,0.077066
s2g13,2,2,0,Dave,Carrot,0.000023,0.037872,0.000023,0.037872
s2g14,2,2,0,Alice,Parsnip,0.026968,0.055429,0.026968,0.055429
s2g15,2,2,0,Charlie,Carrot,0.008342,0.072192,0.008342,0.072192
s2g16,2,2,0,Dave,Carrot,0.000443,0.066022,0.000443,0.066022
s2g17,2,2,0,Dave,Carrot,0.001767,0.059163,0.001767,0.059163
s2g18,2,2,0,Dave,Carrot,0.007715,0.044407,0.007715,0.044407
s2g19,2,2,0,Charlie,Carrot,0.000124,0.359455,0.000124,0.359455
s3g0,3,2,0,Alice,Carrot,0.001337,0.117879,0.001337,0.117879
s3g1,3,2,0,Dave,Carrot,0.012695,0.102653,0.012695,0.102653
s3g2,3,2,0,Eve,Carrot,0.008975,0.103030,0.008975,0.103030
s3g3,3,2,0,Dave,Carrot,0.000062,0.075908,0.000062,0.075908
s3g4,3,2,0,Alice,Carrot,0.000014,0.141879,0.000014,0.141879
s3g5,3,2,0,Dave,Carrot,0.001186,0.102286,0.001186,0.102286
s3g6,3,2,0,Alice,Carrot,0.001449,0.205745,0.001449,0.205745
s3g7,3,2,0,Eve,Carrot,0.000072,0.146238,0.000072,0.146238
s3g8,3,2,0,Alice,Carrot,0.000071,0.100751,0.000071,0.100751
s3g9,3,2,0,Dave,Carrot,0.000063,0.064063,0.000063,0.064063
s3g10,3,2,0,Bob,Carrot,0.000002,0.128907,0.000002,0.128907
s3g11,3,2,0,Charlie,Carrot,0.000007,0.139451,0.000007,0.139451
s3g12,3,2,0,Bob,Carrot,0.003452,0.096201,0.003452,0.096201
s3g13,3,2,0,Dave,Carrot,0.093543,0.046399,0.093543,0.046399
s3g14,3,2,0,Eve,Carrot,0.000221,0.251852,0.000221,0.251852
s3g15,3,2,0,Alice,Carrot,0.000040,0.093201,0.000040,0.093201
s3g16,3,2,0,Alice,Parsnip,0.034289,0.076943,0.034289,0.076943
s3g17,3,2,0,Eve,Carrot,0.083662,0.253749,0.083662,0.253749
s3g18,3,2,0,Charlie,Parsnip,0.002043,0.306402,0.002043,0.306402
s3g19,3,2,0,Bob,Parsnip,0.000962,0.061387,0.000962,0.061387
s4g0,4,2,0,Dave,Parsnip,0.215827,0.039296,0.215827,0.039296
s4g1,4,2,0,Charlie,Parsnip,0.068593,0.215300,0.068593,0.215300
s4g2,4,2,0,Dave,Parsnip,0.027492,0.040134,0.027492,0.040134
s4g3,4,2,0,Dave,Parsnip,0.043899,0.064517,0.043899,0.064517
s4g4,4,2,0,Alice,Parsnip,0.003131,0.037547,0.003131,0.037547
s4g5,4,2,0,Bob,Parsnip,0.625495,0.038345,0.625495,0.038345
s4g6,4,2,0,Dave,Carrot,0.000076,0.112389,0.000076,0.112389
s4g7,4,2,0,Dave,Carrot,0.000041,0.071696,0.000041,0.071696
s4g8,4,2,0,Eve,Parsnip,0.000040,0.476186,0.000040,0.476186
s4g9,4,2,0,Eve,Carrot,0.000295,0.099962,0.000295,0.099962
s4g10,4,2,0,Eve,Carrot,0.000291,0.044519,0.000291,0.044519
s4g11,4,2,0,Alice,Carrot,0.000122,0.063165,0.000122,0.063165
s4g12,4,2,0,Charlie,Carrot,0.000002,0.232009,0.000002,0.232009
s4g13,4,2,0,Charlie,Carrot,0.000007,0.054942,0.000007,0.054942
s4g14,4,2,0,Charlie,Carrot,0.000038,0.122181,0.000038,0.122181
s4g15,4,2,0,Charlie,Carrot,0.001405,0.225194,0.001405,0.225194
s4g16,4,2,0,Eve,Carrot,0.000904,0.063017,0.000904,0.063017
s4g17,4,2,0,Charlie,Carrot,0.023702,0.041612,0.023702,0.041612
s4g18,4,2,0,Alice,Parsnip,0.251370,0.037184,0.251370,0.037184
s4g19,4,2,0,Charlie,Parsnip,0.041377,0.062945,0.041377,0.062945
s0g0,0,2,1,Bob,Carrot,0.002607,0.160507,0.002607,0.160507
s0g1,0,2,1,Bob,Carrot,0.000111,0.189649,0.000111,0.189649
s0g2,0,2,1,Alice,Carrot,0.000013,0.064441,0.000013,0.064441
s0g3,0,2,1,Bob,Carrot,0.000037,0.088503,0.000037,0.088503
s0g4,0,2,1,Bob,Parsnip,0.024934,0.115154,0.024934,0.115154
s0g5,0,2,1,Bob,Carrot,0.000000,0.202341,0.000000,0.202341
s0g6,0,2,1,Alice,Carrot,0.000012,0.202671,0.000012,0.202671
s0g7,0,2,1,Dave,Carrot,0.000000,0.101819,0.000000,0.101819
s0g8,0,2,1,Bob,Carrot,0.000000,0.161115,0.000000,0.161115
s0g9,0,2,1,Bob,Carrot,0.000043,0.111957,0.000043,0.111957
s0g10,0,2,1,Charlie,Carrot,0.000002,0.065135,0.000002,0.065135
s0g11,0,2,1,Alice,Carrot,0.000034,0.060257,0.000034,0.060257
s0g12,0,2,1,Eve,Carrot,0.002588,0.295923,0.002588,0.295923
s0g13,0,2,1,Eve,Carrot,0.000000,0.084208,0.000000,0.084208
s0g14,0,2,1,Charlie,Carrot,0.000000,0.239251,0.000000,0.239251
s0g15,0,2,1,Alice,Parsnip,0.002260,0.079738,0.002260,0.079738
s0g16,0,2,1,Bob,Parsnip,0.000941,0.474852,0.000941,0.474852
s0g17,0,2,1,Eve,Parsnip,0.009180,0.061407,0.009180,0.061407
s0g18,0,2,1,Eve,Carrot,0.003294,0.054442,0.003294,0.054442
s0g19,0,2,1,Charlie,Carrot,0.000020,0.068045,0.000020,0.068045
s1g0,1,2,1,Alice,Parsnip,0.005146,0.052438,0.005146,0.052438
s1g1,1,2,1,Dave,Carrot,0.000203,0.031845,0.000203,0.031845
s1g2,1,2,1,Eve,Parsnip,0.014562,0.079927,0.014562,0.079927
s1g3,1,2,1,Bob,Carrot,0.000028,0.204874,0.000028,0.204874
s1g4,1,2,1,Charlie,Carrot,0.001544,0.051653,0.001544,0.051653
s1g5,1,2,1,Eve,Carrot,0.000027,0.054385,0.000027,0.054385
s1g6,1,2,1,Eve,Carrot,0.000207,0.110599,0.000207,0.110599
s1g7,1,2,1,Alice,Carrot,0.000006,0.213792,0.000006,0.213792
s1g8,1,2,1,Dave,Carrot,0.000006,0.069424,0.000006,0.069424
s1g9,1,2,1,Alice,Carrot,0.000010,0.072031,0.000010,0.072031
s1g10,1,2,1,Alice,Carrot,0.001225,0.038042,0.001225,0.038042
s1g11,1,2,1,Charlie,Carrot,0.000030,0.030120,0.000030,0.030120
s1g12,1,2,1,Charlie,Carrot,0.000066,0.089009,0.000066,0.089009
s1g13,1,2,1,Bob,Carrot,0.000025,0.064486,0.000025,0.064486
s1g14,1,2,1,Dave,Carrot,0.001493,0.059037,0.001493,0.059037
s1g15,1,2,1,Alice,Parsnip,0.000281,0.063353,0.000281,0.063353
s1g16,1,2,1,Dave,Carrot,0.000115,0.171561,0.000115,0.171561
s1g17,1,2,1,Charlie,Carrot,0.000003,0.088711,0.000003,0.088711
s1g18,1,2,1,Bob,Carrot,0.000554,0.159796,0.000554,0.159796
s1g19,1,2,1,Alice,Carrot,0.000011,0.247423,0.000011,0.247423
s2g0,2,2,1,Dave,Carrot,0.000078,0.046958,0.000078,0.046958
s2g1,2,2,1,Alice,Carrot,0.000050,0.033740,0.000050,0.033740
s2g2,2,2,1,Charlie,Carrot,0.001045,0.055824,0.001045,0.055824
s2g3,2,2,1,Dave,Carrot,0.000083,0.213293,0.000083,0.213293
s2g4,2,2,1,Dave,Carrot,0.000002,0.112855,0.000002,0.112855
s2g5,2,2,1,Eve,Carrot,0.000178,0.153327,0.000178,0.153327
s2g6,2,2,1,Charlie,Carrot,0.000019,0.182585,0.000019,0.182585
s2g7,2,2,1,Eve,Carrot,0.000070,0.083816,0.000070,0.083816
s2g8,2,2,1,Charlie,Carrot,0.000003,0.098237,0.000003,0.098237
s2g9,2,2,1,Charlie,Carrot,0.000059,0.079854,0.000059,0.079854
s2g10,2,2,1,Eve,Carrot,0.000084,0.227962,0.000084,0.227962
s2g11,2,2,1,Bob,Carrot,0.000042,0.106107,0.000042,0.106107
s2g12,2,2,1,Bob,Parsnip,0.010861,0.067343,0.010861,0.067343
s2g13,2,2,1,Alice,Parsnip,0.001687,0.382068,0.001687,0.382068
s2g14,2,2,1,Eve,Carrot,0.000360,0.042007,0.000360,0.042007
s2g15,2,2,1,Dave,Parsnip,0.000123,0.096835,0.000123,0.096835
s2g16,2,2,1,Eve,Carrot,0.000051,0.353428,0.000051,0.353428
s2g17,2,2,1,Bob,Carrot,0.000020,0.177942,0.000020,0.177942
s2g18,2,2,1,Charlie,Carrot,0.000741,0.052516,0.000741,0.052516
s2g19,2,2,1,Dave,Parsnip,0.000198,0.298686,0.000198,0.298686
s3g0,3,2,1,Charlie,Carrot,0.000009,0.104054,0.000009,0.104054
s3g1,3,2,1,Charlie,Carrot,0.000358,0.069362,0.000358,0.069362
s3g2,3,2,1,Bob,Carrot,0.000155,0.098152,0.000155,0.098152
s3g3,3,2,1,Charlie,Carrot,0.000072,0.205991,0.000072,0.205991
s3g4,3,2,1,Eve,Carrot,0.000005,0.084674,0.000005,0.084674
s3g5,3,2,1,Charlie,Carrot,0.000086,0.070327,0.000086,0.070327
s3g6,3,2,1,Charlie,Carrot,0.000035,0.155788,0.000035,0.155788
s3g7,3,2,1,Bob,Carrot,0.000001,0.091493,0.000001,0.091493
s3g8,3,2,1,Bob,Parsnip,0.000310,0.075362,0.000310,0.075362
s3g9,3,2,1,Alice,Carrot,0.000028,0.049136,0.000028,0.049136
s3g10,3,2,1,Eve,Parsnip,0.000332,0.050028,0.000332,0.050028
s3g11,3,2,1,Dave,Parsnip,0.000227,0.108888,0.000227,0.108888
s3g12,3,2,1,Alice,Parsnip,0.055704,0.088853,0.055704,0.088853
s3g13,3,2,1,Charlie,Parsnip,0.012078,0.139619,0.012078,0.139619
s3g14,3,2,1,Dave,Carrot,0.000046,0.220793,0.000046,0.220793
s3g15,3,2,1,Dave,Carrot,0.000186,0.058915,0.000186,0.058915
s3g16,3,2,1,Bob,Carrot,0.003927,0.089767,0.003927,0.089767
s3g17,3,2,1,Alice,Carrot,0.000079,0.209135,0.000079,0.209135
s3g18,3,2,1,Dave,Carrot,0.000021,0.361082,0.000021,0.361082
s3g19,3,2,1,Dave,Carrot,0.000013,0.089633,0.000013,0.089633
s4g0,4,2,1,Bob,Carrot,0.000822,0.092174,0.000822,0.092174
s4g1,4,2,1,Eve,Carrot,0.003966,0.135226,0.003966,0.135226
s4g2,4,2,1,Eve,Carrot,0.000000,0.238491,0.000000,0.238491
s4g3,4,2,1,Eve,Carrot,0.000328,0.041812,0.000328,0.041812
s4g4,4,2,1,Eve,Carrot,0.000008,0.054268,0.000008,0.054268
s4g5,4,2,1,Dave,Carrot,0.000099,0.106213,0.000099,0.106213
s4g6,4,2,1,Charlie,Carrot,0.000010,0.415151,0.000010,0.415151
s4g7,4,2,1,Alice,Parsnip,0.001111,0.073659,0.001111,0.073659
s4g8,4,2,1,Alice,Carrot,0.000001,0.315159,0.000001,0.315159
s4g9,4,2,1,Bob,Carrot,0.000015,0.153839,0.000015,0.153839
s4g10,4,2,1,Alice,Carrot,0.000021,0.047841,0.000021,0.047841
s4g11,4,2,1,Bob,Parsnip,0.000033,0.109543,0.000033,0.109543
s4g12,4,2,1,Alice,Parsnip,0.000004,0.114709,0.000004,0.114709
s4g13,4,2,1,Dave,Carrot,0.000029,0.242742,0.000029,0.242742
s4g14,4,2,1,Eve,Parsnip,0.000560,0.074791,0.000560,0.074791
s4g15,4,2,1,Dave,Carrot,0.000016,0.267326,0.000016,0.267326
s4g16,4,2,1,Alice,Parsnip,0.020945,0.107233,0.020945,0.107233
s4g17,4,2,1,Alice,Carrot,0.000041,0.099120,0.000041,0.099120
s4g18,4,2,1,Charlie,Carrot,0.003358,0.098907,0.003358,0.098907
s4g19,4,2,1,Eve,Carrot,0.000000,0.172054,0.000000,0.172054
s0g0,0,2,2,Alice,Carrot,0.000102,0.176198,0.000102,0.176198
s0g1,0,2,2,Alice,Carrot,0.000129,0.143044,0.000129,0.143044
s0g2,0,2,2,Eve,Carrot,0.000015,0.063770,0.000015,0.063770
s0g3,0,2,2,Charlie,Carrot,0.000201,0.159419,0.000201,0.159419
s0g4,0,2,2,Charlie,Carrot,0.000214,0.067439,0.000214,0.067439
s0g5,0,2,2,Alice,Carrot,0.000002,0.109649,0.000002,0.109649
s0g6,0,2,2,Bob,Carrot,0.000036,0.107893,0.000036,0.107893
s0g7,0,2,2,Bob,Carrot,0.000000,0.172417,0.000000,0.172417
s0g8,0,2,2,Dave,Carrot,0.000001,0.156357,0.000001,0.156357
s0g9,0,2,2,Charlie,Carrot,0.000001,0.064068,0.000001,0.064068
s0g10,0,2,2,Alice,Carrot,0.000098,0.042686,0.000098,0.042686
s0g11,0,2,2,Dave,Parsnip,0.014159,0.130684,0.014159,0.130684
s0g12,0,2,2,Dave,Carrot,0.000388,0.061414,0.000388,0.061414
s0g13,0,2,2,Alice,Carrot,0.000001,0.043486,0.000001,0.043486
s0g14,0,2,2,Eve,Carrot,0.000014,0.440031,0.000014,0.440031
s0g15,0,2,2,Eve,Carrot,0.000159,0.050243,0.000159,0.050243
s0g16,0,2,2,Eve,Carrot,0.000043,0.077928,0.000043,0.077928
s0g17,0,2,2,Dave,Carrot,0.000026,0.058125,0.000026,0.058125
s0g18,0,2,2,Alice,Carrot,0.000591,0.055667,0.000591,0.055667
s0g19,0,2,2,Alice,Carrot,0.000022,0.051611,0.000022,0.051611
s1g0,1,2,2,Bob,Carrot,0.000014,0.126494,0.000014,0.126494
s1g1,1,2,2,Bob,Carrot,0.000152,0.076127,0.000152,0.076127
s1g2,1,2,2,Bob,Carrot,0.000014,0.076947,0.000014,0.076947
s1g3,1,2,2,Alice,Parsnip,0.000117,0.139127,0.000117,0.139127
s1g4,1,2,2,Eve,Carrot,0.000054,0.102844,0.000054,0.102844
s1g5,1,2,2,Charlie,Carrot,0.000007,0.075956,0.000007,0.075956
s1g6,1,2,2,Dave,Carrot,0.001003,0.123145,0.001003,0.123145
s1g7,1,2,2,Eve,Carrot,0.000018,0.118989,0.000018,0.118989
s1g8,1,2,2,Alice,Carrot,0.000013,0.087714,0.000013,0.087714
s1g9,1,2,2,Bob,Carrot,0.000060,0.157652,0.000060,0.157652
s1g10,1,2,2,Dave,Carrot,0.009678,0.030688,0.009678,0.030688
s1g11,1,2,2,Bob,Carrot,0.000009,0.027443,0.000009,0.027443
s1g12,1,2,2,Eve,Carrot,0.001505,0.034888,0.001505,0.034888
s1g13,1,2,2,Dave,Carrot,0.000118,0.094971,0.000118,0.094971
s1g14,1,2,2,Alice,Carrot,0.000035,0.052091,0.000035,0.052091
s1g15,1,2,2,Charlie,Carrot,0.000000,0.090147,0.000000,0.090147
s1g16,1,2,2,Alice,Carrot,0.000437,0.154439,0.000437,0.154439
s1g17,1,2,2,Alice,Carrot,0.000001,0.054451,0.000001,0.054451
s1g18,1,2,2,Charlie,Carrot,0.000017,0.085278,0.000017,0.085278
s1g19,1,2,2,Eve,Carrot,0.000030,0.069439,0.000030,0.069439
s2g0,2,2,2,Charlie,Carrot,0.000002,0.201975,0.000002,0.201975
s2g1,2,2,2,Dave,Carrot,0.000052,0.042129,0.000052,0.042129
s2g2,2,2,2,Eve,Carrot,0.000236,0.064122,0.000236,0.064122
s2g3,2,2,2,Charlie,Carrot,0.000000,0.121898,0.000000,0.121898
s2g4,2,2,2,Bob,Carrot,0.000002,0.070042,0.000002,0.070042
s2g5,2,2,2,Alice,Carrot,0.000068,0.071091,0.000068,0.071091
s2g6,2,2,2,Eve,Parsnip,0.000089,0.060557,0.000089,0.060557
s2g7,2,2,2,Dave,Carrot,0.000083,0.039142,0.000083,0.039142
s2g8,2,2,2,Bob,Carrot,0.000005,0.115282,0.000005,0.115282
s2g9,2,2,2,Bob,Carrot,0.000077,0.108073,0.000077,0.108073
s2g10,2,2,2,Alice,Carrot,0.000151,0.115125,0.000151,0.115125
s2g11,2,2,2,Dave,Carrot,0.000036,0.083683,0.000036,0.083683
s2g12,2,2,2,Dave,Carrot,0.000039,0.110796,0.000039,0.110796
s2g13,2,2,2,Eve,Carrot,0.000004,0.112812,0.000004,0.112812
s2g14,2,2,2,Charlie,Carrot,0.000040,0.027779,0.000040,0.027779
s2g15,2,2,2,Bob,Carrot,0.000022,0.185407,0.000022,0.185407
s2g16,2,2,2,Alice,Carrot,0.000009,0.073254,0.000009,0.073254
s2g17,2,2,2,Alice,Carrot,0.000013,0.090379,0.000013,0.090379
s2g18,2,2,2,Alice,Carrot,0.000236,0.039086,0.000236,0.039086
s2g19,2,2,2,Alice,Carrot,0.000019,0.121360,0.000019,0.121360
s3g0,3,2,2,Eve,Carrot,0.001704,0.035849,0.001704,0.035849
s3g1,3,2,2,Alice,Parsnip,0.000290,0.115665,0.000290,0.115665
s3g2,3,2,2,Charlie,Carrot,0.000027,0.222689,0.000027,0.222689
s3g3,3,2,2,Eve,Parsnip,0.000049,0.079672,0.000049,0.079672
s3g4,3,2,2,Bob,Carrot,0.000010,0.168404,0.000010,0.168404
s3g5,3,2,2,Alice,Parsnip,0.000658,0.306733,0.000658,0.306733
s3g6,3,2,2,Eve,Parsnip,0.000104,0.083347,0.000104,0.083347
s3g7,3,2,2,Dave,Carrot,0.000005,0.081301,0.000005,0.081301
s3g8,3,2,2,Eve,Carrot,0.000031,0.071024,0.000031,0.071024
s3g9,3,2,2,Charlie,Parsnip,0.000042,0.093274,0.000042,0.093274
s3g10,3,2,2,Alice,Carrot,0.000033,0.164581,0.000033,0.164581
s3g11,3,2,2,Alice,Carrot,0.000188,0.105665,0.000188,0.105665
s3g12,3,2,2,Charlie,Carrot,0.000193,0.079306,0.000193,0.079306
s3g13,3,2,2,Bob,Carrot,0.002492,0.051023,0.002492,0.051023
s3g14,3,2,2,Alice,Carrot,0.000283,0.228723,0.000283,0.228723
s3g15,3,2,2,Eve,Parsnip,0.000051,0.094696,0.000051,0.094696
s3g16,3,2,2,Dave,Carrot,0.001126,0.037733,0.001126,0.037733
s3g17,3,2,2,Dave,Carrot,0.000983,0.131968,0.000983,0.131968
s3g18,3,2,2,Bob,Carrot,0.000015,0.085046,0.000015,0.085046
s3g19,3,2,2,Eve,Carrot,0.000124,0.129657,0.000124,0.129657
s4g0,4,2,2,Eve,Carrot,0.011341,0.202565,0.011341,0.202565
s4g1,4,2,2,Alice,Carrot,0.003940,0.294135,0.003940,0.294135
s4g2,4,2,2,Bob,Carrot,0.000027,0.086444,0.000027,0.086444
s4g3,4,2,2,Charlie,Carrot,0.000004,0.078908,0.000004,0.078908
s4g4,4,2,2,Dave,Carrot,0.000009,0.056440,0.000009,0.056440
s4g5,4,2,2,Alice,Carrot,0.000014,0.060677,0.000014,0.060677
s4g6,4,2,2,Bob,Carrot,0.000007,0.101517,0.000007,0.101517
s4g7,4,2,2,Bob,Carrot,0.000112,0.052851,0.000112,0.052851
s4g8,4,2,2,Dave,Carrot,0.000008,0.363511,0.000008,0.363511
s4g9,4,2,2,Charlie,Parsnip,0.003148,0.088129,0.003148,0.088129
s4g10,4,2,2,Charlie,Carrot,0.000006,0.178691,0.000006,0.178691
s4g11,4,2,2,Eve,Carrot,0.000111,0.127594,0.000111,0.127594
s4g12,4,2,2,Bob,Carrot,0.000004,0.066955,0.000004,0.066955
s4g13,4,2,2,Alice,Parsnip,0.000476,0.115781,0.000476,0.115781
s4g14,4,2,2,Dave,Carrot,0.000006,0.213920,0.000006,0.213920
s4g15,4,2,2,Alice,Carrot,0.000001,0.126758,0.000001,0.126758
s4g16,4,2,2,Bob,Carrot,0.000046,0.041214,0.000046,0.041214
s4g17,4,2,2,Bob,Carrot,0.000008,0.075613,0.000008,0.075613
s4g18,4,2,2,Bob,Carrot,0.002457,0.047751,0.002457,0.047751
s4g19,4,2,2,Dave,Carrot,0.000150,0.070871,0.000150,0.070871
s0g0,0,2,3,Eve,Carrot,0.000086,0.119189,0.000086,0.119189
s0g1,0,2,3,Charlie,Parsnip,0.000024,0.087419,0.000024,0.087419
s0g2,0,2,3,Bob,Carrot,0.000019,0.041986,0.000019,0.041986
s0g3,0,2,3,Eve,Carrot,0.000900,0.100212,0.000900,0.100212
s0g4,0,2,3,Eve,Carrot,0.000027,0.213683,0.000027,0.213683
s0g5,0,2,3,Charlie,Carrot,0.000000,0.050551,0.000000,0.050551
s0g6,0,2,3,Eve,Parsnip,0.000061,0.101154,0.000061,0.101154
s0g7,0,2,3,Charlie,Carrot,0.000100,0.081708,0.000100,0.081708
s0g8,0,2,3,Charlie,Parsnip,0.000195,0.069431,0.000195,0.069431
s0g9,0,2,3,Eve,Carrot,0.000032,0.204399,0.000032,0.204399
s0g10,0,2,3,Bob,Carrot,0.000049,0.043335,0.000049,0.043335
s0g11,0,2,3,Charlie,Carrot,0.000001,0.135680,0.000001,0.135680
s0g12,0,2,3,Alice,Carrot,0.000055,0.121424,0.000055,0.121424
s0g13,0,2,3,Bob,Carrot,0.000002,0.061935,0.000002,0.061935
s0g14,0,2,3,Bob,Carrot,0.000026,0.177748,0.000026,0.177748
s0g15,0,2,3,Dave,Carrot,0.000012,0.154274,0.000012,0.154274
s0g16,0,2,3,Dave,Carrot,0.000169,0.076458,0.000169,0.076458
s0g17,0,2,3,Charlie,Carrot,0.000049,0.069490,0.000049,0.069490
s0g18,0,2,3,Dave,Carrot,0.000117,0.123937,0.000117,0.123937
s0g19,0,2,3,Bob,Carrot,0.000021,0.063551,0.000021,0.063551
s1g0,1,2,3,Charlie,Carrot,0.000026,0.158040,0.000026,0.158040
s1g1,1,2,3,Alice,Carrot,0.000043,0.051999,0.000043,0.051999
s1g2,1,2,3,Dave,Carrot,0.000075,0.039687,0.000075,0.039687
s1g3,1,2,3,Dave,Carrot,0.000063,0.113711,0.000063,0.113711
s1g4,1,2,3,Dave,Carrot,0.000094,0.245374,0.000094,0.245374
s1g5,1,2,3,Bob,Carrot,0.000000,0.086415,0.000000,0.086415
s1g6,1,2,3,Alice,Parsnip,0.000995,0.134264,0.000995,0.134264
s1g7,1,2,3,Bob,Parsnip,0.000001,0.107234,0.000001,0.107234
s1g8,1,2,3,Charlie,Carrot,0.000036,0.074324,0.000036,0.074324
s1g9,1,2,3,Dave,Carrot,0.000024,0.073818,0.000024,0.073818
s1g10,1,2,3,Charlie,Carrot,0.001281,0.053550,0.001281,0.053550
s1g11,1,2,3,Eve,Carrot,0.000005,0.046623,0.000005,0.046623
s1g12,1,2,3,Dave,Carrot,0.000209,0.114151,0.000209,0.114151
s1g13,1,2,3,Alice,Carrot,0.000133,0.097701,0.000133,0.097701
s1g14,1,2,3,Bob,Carrot,0.000033,0.037971,0.000033,0.037971
s1g15,1,2,3,Eve,Carrot,0.000007,0.076575,0.000007,0.076575
s1g16,1,2,3,Eve,Carrot,0.000031,0.122629,0.000031,0.122629
s1g17,1,2,3,Dave,Parsnip,0.000055,0.069725,0.000055,0.069725
s1g18,1,2,3,Eve,Carrot,0.000016,0.034235,0.000016,0.034235
s1g19,1,2,3,Charlie,Parsnip,0.000061,0.150688,0.000061,0.150688
s2g0,2,2,3,Bob,Carrot,0.000000,0.205894,0.000000,0.205894
s2g1,2,2,3,Charlie,Carrot,0.000003,0.216179,0.000003,0.216179
s2g2,2,2,3,Alice,Carrot,0.000042,0.055167,0.000042,0.055167
s2g3,2,2,3,Eve,Carrot,0.000005,0.166694,0.000005,0.166694
s2g4,2,2,3,Eve,Parsnip,0.000280,0.123357,0.000280,0.123357
s2g5,2,2,3,Bob,Carrot,0.000049,0.047464,0.000049,0.047464
s2g6,2,2,3,Alice,Carrot,0.000052,0.106528,0.000052,0.106528
s2g7,2,2,3,Alice,Carrot,0.000012,0.057580,0.000012,0.057580
s2g8,2,2,3,Dave,Carrot,0.000024,0.084396,0.000024,0.084396
s2g9,2,2,3,Eve,Carrot,0.000130,0.026425,0.000130,0.026425
s2g10,2,2,3,Bob,Carrot,0.000055,0.062751,0.000055,0.062751
s2g11,2,2,3,Alice,Carrot,0.000025,0.080190,0.000025,0.080190
s2g12,2,2,3,Eve,Carrot,0.000013,0.182794,0.000013,0.182794
s2g13,2,2,3,Charlie,Carrot,0.000013,0.134376,0.000013,0.134376
s2g14,2,2,3,Bob,Carrot,0.000020,0.039927,0.000020,0.039927
s2g15,2,2,3,Alice,Carrot,0.000150,0.153657,0.000150,0.153657
s2g16,2,2,3,Bob,Carrot,0.000046,0.069681,0.000046,0.069681
s2g17,2,2,3,Charlie,Parsnip,0.001697,0.063501,0.001697,0.063501
s2g18,2,2,3,Eve,Parsnip,0.003031,0.180601,0.003031,0.180601
s2g19,2,2,3,Eve,Carrot,0.000025,0.071137,0.000025,0.071137
s3g0,3,2,3,Dave,Carrot,0.000216,0.028783,0.000216,0.028783
s3g1,3,2,3,Eve,Carrot,0.000072,0.132398,0.000072,0.132398
s3g2,3,2,3,Alice,Parsnip,0.018949,0.069757,0.018949,0.069757
s3g3,3,2,3,Alice,Carrot,0.000013,0.095937,0.000013,0.095937
s3g4,3,2,3,Charlie,Carrot,0.000002,0.117025,0.000002,0.117025
s3g5,3,2,3,Bob,Carrot,0.000136,0.105838,0.000136,0.105838
s3g6,3,2,3,Dave,Carrot,0.000011,0.034224,0.000011,0.034224
s3g7,3,2,3,Alice,Carrot,0.000007,0.081700,0.000007,0.081700
s3g8,3,2,3,Charlie,Carrot,0.000058,0.088832,0.000058,0.088832
s3g9,3,2,3,Eve,Carrot,0.000049,0.188158,0.000049,0.188158
s3g10,3,2,3,Charlie,Carrot,0.000001,0.246875,0.000001,0.246875
s3g11,3,2,3,Eve,Carrot,0.000029,0.267941,0.000029,0.267941
s3g12,3,2,3,Dave,Carrot,0.000176,0.112196,0.000176,0.112196
s3g13,3,2,3,Eve,Carrot,0.000035,0.093226,0.000035,0.093226
s3g14,3,2,3,Bob,Parsnip,0.000602,0.047527,0.000602,0.047527
s3g15,3,2,3,Bob,Carrot,0.000012,0.055767,0.000012,0.055767
s3g16,3,2,3,Eve,Carrot,0.001937,0.057315,0.001937,0.057315
s3g17,3,2,3,Bob,Parsnip,0.066463,0.081015,0.066463,0.081015
s3g18,3,2,3,Eve,Carrot,0.000002,0.133182,0.000002,0.133182
s3g19,3,2,3,Alice,Carrot,0.000000,0.055343,0.000000,0.055343
s4g0,4,2,3,Alice,Carrot,0.000031,0.183323,0.000031,0.183323
s4g1,4,2,3,Dave,Carrot,0.000289,0.123834,0.000289,0.123834
s4g2,4,2,3,Alice,Carrot,0.000040,0.067089,0.000040,0.067089
s4g3,4,2,3,Alice,Carrot,0.000014,0.120712,0.000014,0.120712
s4g4,4,2,3,Charlie,Carrot,0.000007,0.324341,0.000007,0.324341
s4g5,4,2,3,Charlie,Carrot,0.000174,0.115335,0.000174,0.115335
s4g6,4,2,3,Alice,Carrot,0.000045,0.061542,0.000045,0.061542
s4g7,4,2,3,Charlie,Carrot,0.000005,0.106395,0.000005,0.106395
s4g8,4,2,3,Charlie,Carrot,0.000002,0.085955,0.000002,0.085955
s4g9,4,2,3,Alice,Carrot,0.000007,0.284720,0.000007,0.284720
s4g10,4,2,3,Dave,Carrot,0.000030,0.045102,0.000030,0.045102
s4g11,4,2,3,Dave,Carrot,0.000127,0.060104,0.000127,0.060104
s4g12,4,2,3,Eve,Carrot,0.000003,0.119247,0.000003,0.119247
s4g13,4,2,3,Eve,Carrot,0.000057,0.174446,0.000057,0.174446
s4g14,4,2,3,Bob,Carrot,0.000024,0.134172,0.000024,0.134172
s4g15,4,2,3,Eve,Parsnip,0.000085,0.093325,0.000085,0.093325
s4g16,4,2,3,Dave,Carrot,0.000054,0.037150,0.000054,0.037150
s4g17,4,2,3,Eve,Carrot,0.000039,0.081199,0.000039,0.081199
s4g18,4,2,3,Dave,Carrot,0.000235,0.051378,0.000235,0.051378
s4g19,4,2,3,Bob,Carrot,0.000001,0.064663,0.000001,0.064663
s0g0,0,2,4,Dave,Parsnip,0.000137,0.078750,0.000137,0.078750
s0g1,0,2,4,Eve,Carrot,0.000027,0.202597,0.000027,0.202597
s0g2,0,2,4,Charlie,Carrot,0.000017,0.063311,0.000017,0.063311
s0g3,0,2,4,Alice,Carrot,0.000012,0.042392,0.000012,0.042392
s0g4,0,2,4,Alice,Carrot,0.000038,0.099933,0.000038,0.099933
s0g5,0,2,4,Eve,Parsnip,0.000044,0.118338,0.000044,0.118338
s0g6,0,2,4,Charlie,Carrot,0.000043,0.071464,0.000043,0.071464
s0g7,0,2,4,Eve,Carrot,0.000001,0.048552,0.000001,0.048552
s0g8,0,2,4,Alice,Carrot,0.000004,0.054754,0.000004,0.054754
s0g9,0,2,4,Alice,Parsnip,0.000142,0.188034,0.000142,0.188034
s0g10,0,2,4,Dave,Carrot,0.000617,0.130807,0.000617,0.130807
s0g11,0,2,4,Eve,Carrot,0.000002,0.307426,0.000002,0.307426
s0g12,0,2,4,Charlie,Parsnip,0.001151,0.100260,0.001151,0.100260
s0g13,0,2,4,Dave,Parsnip,0.000007,0.253300,0.000007,0.253300
s0g14,0,2,4,Alice,Parsnip,0.001190,0.071941,0.001190,0.071941
s0g15,0,2,4,Bob,Carrot,0.000000,0.177656,0.000000,0.177656
s0g16,0,2,4,Charlie,Carrot,0.000063,0.047006,0.000063,0.047006
s0g17,0,2,4,Bob,Carrot,0.000012,0.053510,0.000012,0.053510
s0g18,0,2,4,Charlie,Carrot,0.000455,0.163212,0.000455,0.163212
s0g19,0,2,4,Eve,Carrot,0.000033,0.207179,0.000033,0.207179
s1g0,1,2,4,Eve,Carrot,0.000019,0.107165,0.000019,0.107165
s1g1,1,2,4,Charlie,Parsnip,0.000296,0.270033,0.000296,0.270033
s1g2,1,2,4,Charlie,Carrot,0.000043,0.473540,0.000043,0.473540
s1g3,1,2,4,Charlie,Carrot,0.000002,0.183186,0.000002,0.183186
s1g4,1,2,4,Bob,Parsnip,0.000049,0.132675,0.000049,0.132675
s1g5,1,2,4,Dave,Parsnip,0.000004,0.141379,0.000004,0.141379
s1g6,1,2,4,Charlie,Carrot,0.000125,0.432053,0.000125,0.432053
s1g7,1,2,4,Dave,Carrot,0.000007,0.151943,0.000007,0.151943
s1g8,1,2,4,Eve,Parsnip,0.000115,0.217763,0.000115,0.217763
s1g9,1,2,4,Eve,Carrot,0.000001,0.260963,0.000001,0.260963
s1g10,1,2,4,Bob,Carrot,0.000124,0.112185,0.000124,0.112185
s1g11,1,2,4,Dave,Parsnip,0.000005,0.417189,0.000005,0.417189
s1g12,1,2,4,Alice,Parsnip,0.001689,0.149080,0.001689,0.149080
s1g13,1,2,4,Charlie,Parsnip,0.000270,0.066262,0.000270,0.066262
s1g14,1,2,4,Charlie,Carrot,0.000013,0.116259,0.000013,0.116259
s1g15,1,2,4,Dave,Carrot,0.000008,0.066497,0.000008,0.066497
s1g16,1,2,4,Bob,Carrot,0.000078,0.148594,0.000078,0.148594
s1g17,1,2,4,Eve,Carrot,0.000001,0.459324,0.000001,0.459324
s1g18,1,2,4,Dave,Parsnip,0.010752,0.081979,0.010752,0.081979
s1g19,1,2,4,Dave,Carrot,0.000097,0.132356,0.000097,0.132356
s2g0,2,2,4,Eve,Carrot,0.000072,0.195729,0.000072,0.195729
s2g1,2,2,4,Eve,Parsnip,0.000334,0.145232,0.000334,0.145232
s2g2,2,2,4,Dave,Carrot,0.000049,0.131194,0.000049,0.131194
s2g3,2,2,4,Alice,Parsnip,0.000153,0.122152,0.000153,0.122152
s2g4,2,2,4,Alice,Carrot,0.001270,0.181924,0.001270,0.181924
s2g5,2,2,4,Charlie,Parsnip,0.004045,0.088662,0.004045,0.088662
s2g6,2,2,4,Dave,Carrot,0.000004,0.075462,0.000004,0.075462
s2g7,2,2,4,Charlie,Parsnip,0.000230,0.089945,0.000230,0.089945
s2g8,2,2,4,Alice,Parsnip,0.022174,0.107084,0.022174,0.107084
s2g9,2,2,4,Alice,Parsnip,0.000830,0.060767,0.000830,0.060767
s2g10,2,2,4,Charlie,Parsnip,0.000784,0.084773,0.000784,0.084773
s2g11,2,2,4,Charlie,Carrot,0.000006,0.292469,0.000006,0.292469
s2g12,2,2,4,Charlie,Carrot,0.000003,0.138807,0.000003,0.138807
s2g13,2,2,4,Bob,Carrot,0.000095,0.200673,0.000095,0.200673
s2g14,2,2,4,Dave,Carrot,0.000165,0.249556,0.000165,0.249556
s2g15,2,2,4,Eve,Carrot,0.000006,0.116080,0.000006,0.116080
s2g16,2,2,4,Charlie,Parsnip,0.001685,0.087703,0.001685,0.087703
s2g17,2,2,4,Eve,Carrot,0.000004,0.042846,0.000004,0.042846
s2g18,2,2,4,Bob,Carrot,0.000006,0.133591,0.000006,0.133591
s2g19,2,2,4,Bob,Carrot,0.000022,0.189379,0.000022,0.189379
s3g0,3,2,4,Bob,Parsnip,0.001362,0.129018,0.001362,0.129018
s3g1,3,2,4,Bob,Carrot,0.000052,0.222898,0.000052,0.222898
s3g2,3,2,4,Dave,Carrot,0.000014,0.119245,0.000014,0.119245
s3g3,3,2,4,Bob,Carrot,0.000121,0.072733,0.000121,0.072733
s3g4,3,2,4,Dave,Parsnip,0.000176,0.240935,0.000176,0.240935
s3g5,3,2,4,Eve,Carrot,0.000552,0.176419,0.000552,0.176419
s3g6,3,2,4,Bob,Carrot,0.000001,0.231478,0.000001,0.231478
s3g7,3,2,4,Charlie,Parsnip,0.000197,0.056291,0.000197,0.056291
s3g8,3,2,4,Dave,Carrot,0.000006,0.400498,0.000006,0.400498
s3g9,3,2,4,Bob,Carrot,0.000011,0.141868,0.000011,0.141868
s3g10,3,2,4,Dave,Carrot,0.000004,0.136328,0.000004,0.136328
s3g11,3,2,4,Bob,Carrot,0.000008,0.227145,0.000008,0.227145
s3g12,3,2,4,Eve,Carrot,0.001055,0.192270,0.001055,0.192270
s3g13,3,2,4,Alice,Carrot,0.000054,0.080352,0.000054,0.080352
s3g14,3,2,4,Charlie,Carrot,0.000171,0.112015,0.000171,0.112015
s3g15,3,2,4,Charlie,Carrot,0.000001,0.107535,0.000001,0.107535
s3g16,3,2,4,Charlie,Carrot,0.000144,0.197682,0.000144,0.197682
s3g17,3,2,4,Charlie,Carrot,0.000320,0.171442,0.000320,0.171442
s3g18,3,2,4,Alice,Carrot,0.000001,0.062675,0.000001,0.062675
s3g19,3,2,4,Charlie,Carrot,0.000003,0.073826,0.000003,0.073826
s4g0,4,2,4,Charlie,Carrot,0.000104,0.239612,0.000104,0.239612
s4g1,4,2,4,Bob,Carrot,0.000067,0.200337,0.000067,0.200337
s4g2,4,2,4,Charlie,Carrot,0.000001,0.064895,0.000001,0.064895
s4g3,4,2,4,Bob,Carrot,0.000003,0.073806,0.000003,0.073806
s4g4,4,2,4,Bob,Carrot,0.000002,0.240576,0.000002,0.240576
s4g5,4,2,4,Eve,Carrot,0.000001,0.260874,0.000001,0.260874
s4g6,4,2,4,Eve,Parsnip,0.000555,0.094180,0.000555,0.094180
s4g7,4,2,4,Eve,Carrot,0.000023,0.075596,0.000023,0.075596
s4g8,4,2,4,Bob,Carrot,0.000004,0.274484,0.000004,0.274484
s4g9,4,2,4,Dave,Carrot,0.000060,0.194655,0.000060,0.194655
s4g10,4,2,4,Bob,Parsnip,0.000166,0.045653,0.000166,0.045653
s4g11,4,2,4,Charlie,Carrot,0.000020,0.045125,0.000020,0.045125
s4g12,4,2,4,Dave,Carrot,0.000006,0.171393,0.000006,0.171393
s4g13,4,2,4,Bob,Carrot,0.000032,0.219366,0.000032,0.219366
s4g14,4,2,4,Alice,Carrot,0.000002,0.068284,0.000002,0.068284
s4g15,4,2,4,Bob,Carrot,0.000004,0.119262,0.000004,0.119262
s4g16,4,2,4,Charlie,Carrot,0.000252,0.166255,0.000252,0.166255
s4g17,4,2,4,Dave,Parsnip,0.000201,0.126099,0.000201,0.126099
s4g18,4,2,4,Eve,Carrot,0.000267,0.064269,0.000267,0.064269
s4g19,4,2,4,Alice,Carrot,0.000001,0.077488,0.000001,0.077488
