idx,grade,grade_raw,expected_label,lr_full,lr_pub,dom_full,dom_pub
0,honest,honest,honest,0.076233,0.045164,0.301366,0.282119
1,honest,skip,honest,0.118156,0.067264,0.320351,0.298788
2,honest,skip,honest,0.105074,0.043185,0.313501,0.285107
3,honest,skip,honest,0.115102,0.077447,0.320531,0.310556
4,skip,deceptive,deceptive,0.256587,0.098719,0.344033,0.307909
5,honest,skip,honest,0.088367,0.030565,0.309044,0.274003
6,honest,honest,honest,0.135472,0.078948,0.324219,0.304576
7,honest,honest,honest,0.075620,0.055553,0.302018,0.289670
8,skip,skip,honest,0.108220,0.173361,0.316967,0.337611
9,deceptive,skip,deceptive,0.360430,0.328514,0.362274,0.356229
10,honest,skip,honest,0.126401,0.068526,0.315672,0.295048
11,deceptive,skip,deceptive,0.419661,0.239800,0.369064,0.342637
12,honest,skip,honest,0.086053,0.068835,0.310883,0.302639
13,honest,skip,honest,0.137522,0.179758,0.321621,0.323539
14,honest,skip,honest,0.106319,0.069456,0.312547,0.298931
15,honest,deceptive,honest,0.065877,0.032084,0.294914,0.274511
16,ambiguous,skip,deceptive,0.449798,0.551260,0.371272,0.378168
17,honest,skip,honest,0.102090,0.041308,0.311903,0.279691
18,honest,skip,honest,0.094948,0.070807,0.307730,0.293844
19,deceptive,skip,deceptive,0.496836,0.466309,0.377911,0.367792
20,honest,skip,honest,0.042298,0.020642,0.284745,0.259185
21,deceptive,deceptive,deceptive,0.608396,0.624164,0.389418,0.390074
22,deceptive,deceptive,deceptive,0.220995,0.183901,0.340323,0.324374
23,honest,skip,honest,0.104006,0.068473,0.313481,0.296201
24,deceptive,deceptive,deceptive,0.211379,0.159734,0.338258,0.327333
25,deceptive,deceptive,deceptive,0.226945,0.171900,0.344865,0.328681
26,deceptive,skip,deceptive,0.511787,0.448401,0.376957,0.363816
27,honest,skip,honest,0.137103,0.102465,0.322500,0.314288
28,honest,skip,honest,0.097195,0.055958,0.309959,0.289869
29,honest,skip,honest,0.100216,0.055606,0.308630,0.289485
30,skip,skip,deceptive,0.157932,0.144474,0.319928,0.320023
31,skip,deceptive,deceptive,0.183814,0.068711,0.332563,0.299862
32,honest,honest,honest,0.074038,0.034363,0.302058,0.275059
33,honest,honest,deceptive,0.083076,0.038426,0.302875,0.282248
34,honest,skip,deceptive,0.122622,0.034670,0.318264,0.276352
35,skip,skip,deceptive,0.296704,0.346730,0.354345,0.356919
36,honest,deceptive,honest,0.119372,0.070958,0.318772,0.303364
37,honest,skip,honest,0.123320,0.078338,0.320153,0.305948
38,honest,skip,honest,0.125192,0.056403,0.314147,0.288997
39,skip,deceptive,deceptive,0.198861,0.259402,0.338169,0.349908
40,ambiguous,skip,deceptive,0.314891,0.301505,0.357919,0.348991
41,deceptive,skip,deceptive,0.478240,0.539695,0.371612,0.376335
42,deceptive,deceptive,deceptive,0.381437,0.348521,0.362008,0.356648
43,honest,honest,honest,0.202421,0.133658,0.331554,0.310929
44,deceptive,skip,deceptive,0.380928,0.315970,0.360937,0.347002
45,deceptive,skip,deceptive,0.231813,0.174337,0.338823,0.324611
46,honest,skip,honest,0.071414,0.041551,0.297306,0.278676
47,honest,skip,honest,0.193400,0.162090,0.330372,0.322452
48,skip,skip,deceptive,0.331753,0.575534,0.355829,0.381136
49,honest,skip,honest,0.083259,0.045895,0.303790,0.280742
50,honest,skip,honest,0.100528,0.049618,0.313269,0.292363
51,honest,skip,honest,0.132544,0.075629,0.320119,0.300918
52,deceptive,deceptive,deceptive,0.655222,0.592959,0.397591,0.386769
53,honest,skip,honest,0.101814,0.086408,0.311992,0.302563
54,deceptive,deceptive,deceptive,0.365635,0.272683,0.359802,0.344506
55,deceptive,deceptive,deceptive,0.298706,0.254876,0.350526,0.336454
56,honest,skip,honest,0.116512,0.041567,0.320156,0.290954
57,deceptive,skip,deceptive,0.366744,0.193582,0.359348,0.327971
58,deceptive,skip,deceptive,0.313983,0.289247,0.353185,0.345767
59,skip,honest,honest,0.071187,0.036490,0.303717,0.276814
60,deceptive,deceptive,deceptive,0.461562,0.449766,0.370160,0.362602
61,deceptive,skip,deceptive,0.250762,0.330666,0.344063,0.349252
62,skip,skip,honest,0.061025,0.051701,0.300796,0.288668
63,skip,skip,deceptive,0.257602,0.262253,0.346842,0.344285
64,honest,skip,honest,0.092583,0.036647,0.311324,0.290484
65,honest,skip,honest,0.161498,0.098796,0.327067,0.307792
66,honest,skip,honest,0.132750,0.084397,0.319441,0.298130
67,honest,skip,honest,0.116795,0.126536,0.315390,0.306761
68,deceptive,deceptive,deceptive,0.285075,0.458941,0.350833,0.370433
69,honest,skip,honest,0.093245,0.059614,0.309364,0.295479
70,deceptive,skip,deceptive,0.229100,0.210276,0.342495,0.334963
71,deceptive,deceptive,deceptive,0.297094,0.289193,0.340680,0.340086
72,honest,skip,honest,0.087932,0.061992,0.306700,0.295381
73,honest,skip,honest,0.177748,0.112284,0.332344,0.307507
74,ambiguous,skip,deceptive,0.276088,0.229565,0.345143,0.336589
75,deceptive,deceptive,deceptive,0.271052,0.199283,0.348218,0.329714
76,honest,skip,honest,0.146017,0.036325,0.322170,0.277996
77,skip,skip,deceptive,0.452612,0.724244,0.374291,0.430893
78,honest,skip,honest,0.110683,0.073338,0.316107,0.302705
79,skip,skip,deceptive,0.164627,0.137324,0.331129,0.319122
80,skip,skip,honest,0.190246,0.118540,0.338421,0.317061
81,deceptive,deceptive,deceptive,0.175108,0.223471,0.335171,0.339169
82,deceptive,skip,deceptive,0.256541,0.208332,0.345729,0.335205
83,deceptive,skip,deceptive,0.414130,0.272334,0.370389,0.349311
84,deceptive,deceptive,deceptive,0.265361,0.304130,0.344940,0.348103
85,honest,skip,honest,0.091302,0.078019,0.310006,0.302637
86,honest,skip,honest,0.136572,0.089188,0.321412,0.304291
87,honest,skip,honest,0.118015,0.114736,0.315084,0.307885
88,honest,skip,honest,0.111903,0.077866,0.313645,0.293544
89,ambiguous,skip,deceptive,0.279026,0.641754,0.350730,0.391415
90,deceptive,skip,deceptive,0.486787,0.508630,0.374282,0.378035
91,skip,deceptive,deceptive,0.255851,0.195568,0.344327,0.333103
92,honest,skip,honest,0.113146,0.057400,0.316811,0.296328
93,deceptive,skip,deceptive,0.319721,0.204262,0.357612,0.341114
94,honest,skip,honest,0.037647,0.084810,0.282810,0.300320
95,skip,skip,deceptive,0.197158,0.070439,0.338471,0.296792
96,honest,skip,honest,0.106512,0.056897,0.312055,0.284704
97,deceptive,skip,deceptive,0.384007,0.263485,0.360726,0.338147
98,deceptive,skip,deceptive,0.397787,0.213485,0.361742,0.330290
99,honest,honest,honest,0.144126,0.138419,0.325372,0.321301
100,honest,skip,honest,0.111758,0.050121,0.317330,0.287696
101,honest,honest,deceptive,0.082620,0.116297,0.300697,0.314504
102,honest,skip,honest,0.105393,0.030868,0.307584,0.266566
103,ambiguous,skip,deceptive,0.337046,0.500039,0.358897,0.377133
104,skip,skip,honest,0.086807,0.129649,0.313235,0.327858
105,honest,skip,honest,0.115789,0.078333,0.318415,0.305296
106,honest,skip,honest,0.061037,0.020937,0.299630,0.267741
107,honest,skip,honest,0.079325,0.042106,0.303681,0.282753
108,deceptive,skip,deceptive,0.220289,0.158898,0.343324,0.327345
109,honest,skip,honest,0.255865,0.333392,0.339031,0.347844
110,honest,skip,honest,0.081849,0.043103,0.302518,0.281697
111,honest,skip,honest,0.111209,0.091104,0.309220,0.302357
112,honest,skip,honest,0.126579,0.133461,0.319861,0.320300
113,honest,honest,honest,0.123313,0.078419,0.317758,0.291492
114,deceptive,deceptive,deceptive,0.322812,0.445152,0.356831,0.366680
115,deceptive,skip,deceptive,0.237064,0.208688,0.343740,0.340441
116,deceptive,skip,deceptive,0.305879,0.224998,0.354928,0.339895
117,honest,skip,honest,0.108770,0.093687,0.315265,0.308790
118,honest,honest,honest,0.105794,0.084895,0.320156,0.308660
119,deceptive,skip,deceptive,0.348390,0.235618,0.355622,0.335662
120,honest,skip,honest,0.129455,0.134662,0.318260,0.318710
121,ambiguous,deceptive,deceptive,0.383755,0.440821,0.362591,0.365601
122,honest,skip,honest,0.095712,0.035015,0.311129,0.280701
123,deceptive,deceptive,deceptive,0.303924,0.163577,0.350349,0.320570
124,deceptive,skip,deceptive,0.140935,0.186537,0.327195,0.330548
125,honest,skip,honest,0.065670,0.035058,0.302203,0.282718
126,honest,skip,honest,0.056831,0.036313,0.290104,0.275767
127,deceptive,skip,deceptive,0.353132,0.551423,0.358173,0.380860
128,honest,skip,honest,0.149394,0.149844,0.322696,0.317698
129,honest,skip,honest,0.143229,0.096271,0.321919,0.299423
130,honest,honest,honest,0.096278,0.060162,0.310905,0.295350
131,honest,skip,honest,0.171889,0.072462,0.329712,0.292857
132,deceptive,skip,deceptive,0.337590,0.261331,0.355878,0.342030
133,honest,skip,honest,0.087783,0.034833,0.309552,0.278036
134,honest,skip,honest,0.060243,0.036712,0.296872,0.282573
135,deceptive,deceptive,deceptive,0.356154,0.242518,0.359818,0.345931
136,deceptive,skip,deceptive,0.303409,0.250271,0.353679,0.342529
137,deceptive,skip,deceptive,0.282989,0.249918,0.352189,0.343438
138,deceptive,deceptive,deceptive,0.298508,0.251170,0.352311,0.343261
139,deceptive,deceptive,deceptive,0.474275,0.183427,0.373923,0.325773
140,deceptive,skip,deceptive,0.438393,0.454610,0.365497,0.362724
141,deceptive,skip,deceptive,0.489643,0.487559,0.375302,0.369821
142,honest,honest,honest,0.087188,0.082124,0.308736,0.298506
143,deceptive,deceptive,deceptive,0.155333,0.173278,0.328030,0.326483
144,honest,skip,honest,0.100045,0.066643,0.310186,0.295999
145,honest,skip,honest,0.117137,0.067623,0.313038,0.294911
146,deceptive,deceptive,honest,0.236540,0.148453,0.340687,0.314411
147,deceptive,skip,deceptive,0.241201,0.110844,0.343935,0.309056
148,honest,skip,honest,0.106941,0.069351,0.313056,0.290093
149,skip,deceptive,deceptive,0.348582,0.437476,0.361165,0.372168
150,honest,skip,honest,0.125497,0.093431,0.318079,0.305558
151,deceptive,skip,deceptive,0.233723,0.229239,0.339250,0.336432
152,honest,honest,honest,0.177032,0.170200,0.333637,0.332328
153,deceptive,deceptive,deceptive,0.353024,0.245761,0.357426,0.341290
154,honest,skip,honest,0.088083,0.053304,0.307203,0.293860
155,skip,skip,deceptive,0.173877,0.055348,0.327528,0.284282
156,ambiguous,skip,deceptive,0.418370,0.469470,0.369883,0.368989
157,honest,skip,honest,0.082394,0.042880,0.304001,0.282452
158,deceptive,deceptive,deceptive,0.268996,0.201078,0.347812,0.334093
159,honest,skip,honest,0.085167,0.070333,0.306556,0.294932
160,honest,skip,honest,0.089874,0.075880,0.312396,0.306153
161,honest,skip,honest,0.157501,0.067955,0.319759,0.287875
162,skip,skip,honest,0.131407,0.053663,0.319819,0.283608
163,honest,skip,honest,0.116492,0.045763,0.315853,0.277824
164,honest,skip,honest,0.154768,0.135053,0.327187,0.317177
165,honest,skip,honest,0.127633,0.050489,0.318942,0.285493
166,deceptive,deceptive,deceptive,0.221058,0.200066,0.341870,0.335046
167,honest,skip,honest,0.103273,0.044964,0.314495,0.285447
168,deceptive,skip,deceptive,0.316083,0.171646,0.355764,0.329323
169,ambiguous,skip,deceptive,0.199797,0.240623,0.339085,0.342841
170,deceptive,deceptive,deceptive,0.447009,0.259030,0.368083,0.343700
171,honest,skip,deceptive,0.098981,0.094774,0.312348,0.312325
172,deceptive,skip,deceptive,0.297231,0.209765,0.351286,0.337022
173,honest,skip,honest,0.090854,0.068025,0.314548,0.298304
174,skip,skip,deceptive,0.110447,0.088748,0.309476,0.307111
175,deceptive,deceptive,deceptive,0.395846,0.343954,0.362477,0.356725
176,deceptive,deceptive,deceptive,0.236369,0.238844,0.341786,0.333811
177,deceptive,deceptive,deceptive,0.291066,0.415237,0.353117,0.359712
178,honest,skip,honest,0.098165,0.068551,0.310340,0.294975
179,honest,skip,honest,0.137507,0.080641,0.320420,0.299348
180,skip,skip,deceptive,0.163344,0.074211,0.324733,0.298528
181,honest,skip,honest,0.100139,0.079030,0.311638,0.303031
182,skip,skip,deceptive,0.123534,0.164623,0.319072,0.330337
183,honest,honest,honest,0.088088,0.034550,0.307266,0.276932
184,honest,skip,honest,0.109821,0.083473,0.315703,0.301770
185,deceptive,skip,deceptive,0.377476,0.468207,0.363016,0.371463
186,skip,skip,deceptive,0.210790,0.165664,0.331232,0.331892
187,deceptive,skip,deceptive,0.278585,0.221019,0.354636,0.339822
188,honest,skip,honest,0.128707,0.161497,0.320529,0.330746
189,honest,skip,honest,0.106589,0.046100,0.314251,0.285145
190,skip,honest,honest,0.078104,0.053045,0.304243,0.288437
191,honest,skip,honest,0.099307,0.086141,0.310739,0.302412
192,honest,skip,honest,0.074605,0.026355,0.301504,0.271181
193,deceptive,skip,deceptive,0.300179,0.403151,0.351917,0.365648
194,deceptive,skip,deceptive,0.248966,0.194427,0.343170,0.328373
195,skip,skip,deceptive,0.125272,0.106331,0.316332,0.307329
196,deceptive,deceptive,deceptive,0.313584,0.208882,0.354174,0.332083
197,deceptive,skip,deceptive,0.345394,0.338437,0.362144,0.357563
198,skip,skip,honest,0.083723,0.098286,0.309529,0.313151
199,deceptive,skip,deceptive,0.462534,0.362025,0.375438,0.362325
200,deceptive,deceptive,deceptive,0.247798,0.394176,0.346516,0.357745
201,honest,skip,honest,0.052551,0.036785,0.292588,0.278627
202,honest,skip,honest,0.083392,0.082725,0.307053,0.305136
203,honest,skip,honest,0.093474,0.020062,0.312574,0.267019
204,deceptive,skip,honest,0.200881,0.102694,0.339119,0.311092
205,honest,skip,honest,0.067404,0.021406,0.301981,0.265386
206,deceptive,skip,deceptive,0.286372,0.241288,0.351957,0.341222
207,honest,deceptive,honest,0.142272,0.127935,0.321070,0.319850
208,deceptive,skip,deceptive,0.347794,0.365901,0.359321,0.363260
209,honest,skip,honest,0.111660,0.072003,0.316596,0.293614
210,deceptive,deceptive,deceptive,0.289702,0.211285,0.353443,0.338717
211,skip,skip,deceptive,0.170698,0.100140,0.329394,0.307403
212,honest,skip,honest,0.132201,0.139995,0.316616,0.317773
213,honest,skip,honest,0.183278,0.104816,0.330623,0.308626
214,honest,skip,honest,0.134986,0.061573,0.323319,0.294226
215,deceptive,deceptive,deceptive,0.359572,0.284680,0.359090,0.343327
216,honest,honest,honest,0.153706,0.104393,0.324950,0.307675
217,ambiguous,deceptive,deceptive,0.322585,0.242640,0.360017,0.346342
218,honest,skip,honest,0.135659,0.144887,0.321101,0.324413
219,honest,honest,honest,0.086441,0.022698,0.306328,0.265771
220,deceptive,skip,deceptive,0.477689,0.274039,0.371842,0.340080
221,honest,honest,honest,0.119191,0.093211,0.318736,0.302149
222,honest,skip,honest,0.079906,0.057114,0.303359,0.291108
223,deceptive,skip,deceptive,0.539221,0.483360,0.383847,0.376843
224,honest,skip,honest,0.097788,0.055728,0.310355,0.296313
225,deceptive,skip,deceptive,0.387386,0.390013,0.360504,0.356052
226,honest,skip,honest,0.082776,0.096552,0.306238,0.312653
227,deceptive,deceptive,deceptive,0.563368,0.462571,0.381874,0.365417
228,honest,skip,honest,0.103487,0.156837,0.314942,0.323890
229,skip,skip,honest,0.071505,0.018832,0.302299,0.260953
230,deceptive,deceptive,deceptive,0.253893,0.199777,0.346461,0.335166
231,deceptive,skip,honest,0.280765,0.242813,0.352911,0.339515
232,deceptive,deceptive,deceptive,0.323550,0.273859,0.348021,0.341125
233,honest,honest,honest,0.089468,0.091374,0.311075,0.310638
234,skip,skip,deceptive,0.254913,0.325262,0.347154,0.355666
235,deceptive,skip,deceptive,0.262028,0.418640,0.348197,0.363100
236,deceptive,skip,deceptive,0.245947,0.276001,0.344845,0.344162
237,honest,skip,honest,0.104172,0.094595,0.310518,0.305658
238,deceptive,skip,deceptive,0.272848,0.268521,0.348160,0.343711
239,deceptive,deceptive,deceptive,0.331159,0.188966,0.352772,0.323030
240,skip,deceptive,deceptive,0.205415,0.227120,0.339294,0.331222
241,skip,skip,deceptive,0.244762,0.350822,0.344483,0.354623
242,honest,honest,honest,0.068478,0.033482,0.298112,0.272496
243,honest,skip,honest,0.163375,0.139655,0.325780,0.312868
244,deceptive,deceptive,deceptive,0.275497,0.139936,0.346232,0.317163
245,skip,deceptive,deceptive,0.183859,0.067873,0.335098,0.295183
246,deceptive,deceptive,deceptive,0.305361,0.207007,0.350173,0.331353
247,deceptive,skip,deceptive,0.311603,0.374247,0.353113,0.359843
248,deceptive,skip,deceptive,0.351423,0.399594,0.359942,0.362602
249,deceptive,deceptive,deceptive,0.181177,0.097015,0.333047,0.305700
250,deceptive,skip,deceptive,0.516836,0.584932,0.380066,0.387559
251,honest,skip,honest,0.088167,0.057525,0.309357,0.293272
252,honest,skip,honest,0.141038,0.089197,0.318122,0.297461
253,honest,skip,honest,0.105392,0.102866,0.317137,0.317910
254,deceptive,deceptive,deceptive,0.431426,0.392578,0.368260,0.362374
255,skip,deceptive,deceptive,0.228684,0.064095,0.343888,0.308395
256,honest,skip,honest,0.084652,0.045988,0.308263,0.288738
257,honest,skip,honest,0.146091,0.070557,0.318509,0.289901
258,honest,skip,honest,0.105666,0.099600,0.312324,0.310453
259,deceptive,deceptive,deceptive,0.252332,0.352618,0.347549,0.358158
260,honest,honest,honest,0.124126,0.021653,0.326390,0.278417
261,deceptive,skip,deceptive,0.373356,0.277292,0.363594,0.348395
262,deceptive,deceptive,deceptive,0.475730,0.546903,0.375803,0.381431
263,deceptive,deceptive,deceptive,0.279141,0.266251,0.349116,0.347081
264,deceptive,deceptive,deceptive,0.338133,0.318175,0.353575,0.349015
265,honest,skip,honest,0.132359,0.083590,0.321037,0.302213
266,honest,skip,honest,0.102703,0.131382,0.313465,0.314783
267,skip,skip,deceptive,0.192030,0.289548,0.325584,0.342766
268,honest,honest,honest,0.128835,0.073322,0.319635,0.302002
269,deceptive,skip,deceptive,0.755058,0.847180,0.407159,0.426729
270,skip,skip,deceptive,0.199372,0.258516,0.332393,0.345020
271,deceptive,skip,deceptive,0.283419,0.300509,0.352393,0.352129
272,honest,skip,honest,0.218926,0.328965,0.337650,0.352318
273,skip,skip,deceptive,0.266190,0.072526,0.347993,0.297443
274,honest,skip,honest,0.075984,0.034709,0.305226,0.281802
275,deceptive,deceptive,deceptive,0.316223,0.445525,0.354918,0.366841
276,deceptive,deceptive,deceptive,0.318336,0.397947,0.352945,0.358722
277,skip,skip,honest,0.046919,0.051226,0.294067,0.291637
278,ambiguous,deceptive,deceptive,0.568022,0.617871,0.386699,0.389141
279,honest,skip,honest,0.121829,0.079410,0.315334,0.296625
280,honest,honest,honest,0.049357,0.025629,0.294367,0.269755
281,honest,skip,honest,0.087102,0.070426,0.307464,0.296112
282,deceptive,skip,deceptive,0.355774,0.277429,0.361486,0.344012
283,deceptive,deceptive,deceptive,0.248721,0.154617,0.344750,0.323945
284,deceptive,skip,deceptive,0.237967,0.228542,0.340607,0.335797
285,honest,skip,honest,0.110086,0.078574,0.316103,0.306332
286,skip,skip,deceptive,0.672247,0.752134,0.401532,0.410689
287,honest,honest,deceptive,0.211007,0.120459,0.326947,0.311976
288,skip,deceptive,deceptive,0.306039,0.316461,0.354118,0.354174
289,honest,honest,honest,0.225708,0.265735,0.338371,0.346005
290,honest,skip,honest,0.098339,0.079269,0.312904,0.302726
291,honest,skip,honest,0.121118,0.064853,0.319054,0.295365
292,honest,skip,honest,0.089827,0.037399,0.306426,0.278620
293,skip,skip,deceptive,0.096040,0.058114,0.305138,0.295606
294,honest,skip,deceptive,0.087135,0.068491,0.314852,0.304750
295,deceptive,skip,deceptive,0.237710,0.283391,0.344617,0.345481
296,honest,skip,honest,0.135797,0.111965,0.320262,0.312231
297,deceptive,deceptive,deceptive,0.234297,0.203169,0.330368,0.323300
298,deceptive,skip,deceptive,0.369460,0.356703,0.360153,0.356535
299,skip,skip,deceptive,0.257752,0.233987,0.346953,0.334462
300,honest,skip,honest,0.067200,0.039988,0.298740,0.282077
301,deceptive,skip,deceptive,0.508374,0.428288,0.379325,0.367974
302,deceptive,skip,deceptive,0.342150,0.321720,0.357161,0.351819
303,skip,skip,deceptive,0.158650,0.095720,0.325886,0.307413
304,honest,skip,honest,0.159427,0.094551,0.328399,0.305907
305,honest,skip,honest,0.103742,0.076274,0.312640,0.300705
306,skip,skip,deceptive,0.191820,0.247760,0.326528,0.341586
307,honest,skip,honest,0.098179,0.084232,0.310539,0.302649
308,honest,skip,honest,0.106080,0.057709,0.310281,0.291854
309,honest,skip,honest,0.092478,0.070234,0.311428,0.302428
310,honest,skip,honest,0.087737,0.036935,0.308517,0.280878
311,honest,skip,honest,0.099011,0.119718,0.313378,0.316967
312,honest,skip,honest,0.081490,0.058913,0.303968,0.290761
313,honest,skip,honest,0.100088,0.092318,0.312733,0.307248
314,skip,honest,deceptive,0.128131,0.179295,0.317074,0.332925
315,deceptive,skip,deceptive,0.390107,0.423590,0.363978,0.366573
316,deceptive,skip,deceptive,0.270597,0.243817,0.347613,0.340450
317,skip,skip,deceptive,0.321902,0.400807,0.348628,0.364295
318,honest,ambiguous,honest,0.124211,0.075397,0.320958,0.302996
319,deceptive,deceptive,deceptive,0.274176,0.206446,0.345958,0.327037
320,deceptive,skip,deceptive,0.270888,0.204158,0.349125,0.333426
321,deceptive,skip,deceptive,0.403858,0.540406,0.367177,0.382227
322,deceptive,skip,deceptive,0.282046,0.474251,0.351679,0.372997
323,skip,skip,honest,0.068488,0.072276,0.307425,0.304668
324,honest,skip,honest,0.134033,0.124599,0.318909,0.316413
325,honest,skip,honest,0.075513,0.040677,0.304587,0.281155
326,deceptive,skip,deceptive,0.254210,0.390970,0.344381,0.362204
327,honest,skip,deceptive,0.179043,0.107463,0.331138,0.308998
328,honest,honest,honest,0.101535,0.088821,0.313282,0.301274
329,deceptive,deceptive,deceptive,0.231596,0.176222,0.342569,0.326432
330,honest,honest,honest,0.074144,0.096751,0.312787,0.314370
331,skip,skip,deceptive,0.297463,0.224275,0.352786,0.338575
332,honest,skip,honest,0.132490,0.052520,0.323315,0.292309
333,honest,skip,honest,0.064470,0.051640,0.300069,0.293707
334,deceptive,skip,deceptive,0.532670,0.349327,0.380031,0.353843
335,deceptive,skip,deceptive,0.323717,0.353164,0.355772,0.355198
336,honest,skip,honest,0.106542,0.045675,0.316183,0.291145
337,honest,honest,honest,0.105926,0.075037,0.311398,0.296907
338,honest,skip,honest,0.131673,0.087769,0.321967,0.297941
339,honest,skip,honest,0.048451,0.050235,0.294079,0.292644
340,deceptive,deceptive,deceptive,0.387926,0.319777,0.361824,0.351976
341,ambiguous,deceptive,deceptive,0.334430,0.304326,0.359054,0.353893
342,deceptive,skip,deceptive,0.212338,0.193948,0.339550,0.334987
343,deceptive,deceptive,deceptive,0.271758,0.264637,0.346790,0.343909
344,deceptive,skip,deceptive,0.240586,0.188787,0.344121,0.333418
345,skip,skip,deceptive,0.172027,0.172940,0.326521,0.327802
346,honest,skip,honest,0.062498,0.081995,0.300567,0.303969
347,honest,honest,honest,0.114391,0.046516,0.313913,0.282268
348,deceptive,skip,deceptive,0.399861,0.411933,0.367372,0.372177
349,honest,skip,honest,0.146301,0.075164,0.320966,0.299878
350,deceptive,deceptive,deceptive,0.294873,0.314926,0.353544,0.356519
351,skip,skip,deceptive,0.199057,0.154602,0.336685,0.320971
352,honest,skip,honest,0.089189,0.080800,0.305330,0.302562
353,deceptive,deceptive,deceptive,0.834305,0.857679,0.428350,0.433766
354,deceptive,skip,deceptive,0.336486,0.373425,0.352042,0.352801
355,skip,skip,deceptive,0.397432,0.572774,0.366734,0.380539
356,skip,deceptive,deceptive,0.331048,0.233293,0.354803,0.335838
357,deceptive,skip,deceptive,0.217822,0.112159,0.335308,0.312103
358,deceptive,deceptive,deceptive,0.429796,0.386781,0.369633,0.360073
359,skip,deceptive,deceptive,0.162594,0.178864,0.330046,0.331244
360,skip,skip,deceptive,0.440604,0.199490,0.371919,0.338285
361,honest,skip,honest,0.081793,0.068253,0.300740,0.294460
362,ambiguous,skip,deceptive,0.263108,0.198017,0.352332,0.337572
363,skip,skip,deceptive,0.091183,0.158059,0.302628,0.323991
364,ambiguous,deceptive,deceptive,0.289032,0.173123,0.349176,0.328125
365,deceptive,deceptive,deceptive,0.793173,0.625813,0.416819,0.392528
366,honest,skip,honest,0.086117,0.068235,0.307751,0.294466
367,deceptive,skip,deceptive,0.289155,0.310076,0.351774,0.351796
368,skip,skip,deceptive,0.121534,0.144647,0.312212,0.321590
369,honest,skip,honest,0.100570,0.051575,0.311604,0.286180
370,ambiguous,deceptive,deceptive,0.173037,0.326401,0.335037,0.360057
371,honest,skip,honest,0.088506,0.050624,0.305755,0.287037
372,skip,skip,deceptive,0.402657,0.094438,0.369478,0.303498
373,deceptive,deceptive,deceptive,0.548924,0.207959,0.381715,0.330717
374,skip,skip,deceptive,0.223016,0.024765,0.340699,0.313125
375,honest,skip,honest,0.109994,0.054642,0.314953,0.283896
376,deceptive,skip,deceptive,0.406510,0.425021,0.367174,0.369937
377,deceptive,skip,deceptive,0.200609,0.333079,0.340314,0.360699
378,honest,skip,honest,0.107675,0.133328,0.310855,0.312256
379,honest,skip,honest,0.118393,0.067413,0.316397,0.293326
380,deceptive,skip,deceptive,0.405296,0.235102,0.367118,0.338184
381,deceptive,skip,deceptive,0.183891,0.378858,0.335253,0.362574
382,honest,skip,honest,0.085992,0.051976,0.308113,0.289055
383,deceptive,deceptive,deceptive,0.360330,0.299022,0.359921,0.344446
384,deceptive,skip,deceptive,0.400986,0.419887,0.361208,0.357843
385,honest,skip,honest,0.111785,0.113525,0.314391,0.308934
386,honest,honest,honest,0.054504,0.014191,0.294775,0.253306
387,deceptive,skip,deceptive,0.312154,0.254859,0.353001,0.340283
388,honest,skip,honest,0.112503,0.147014,0.318237,0.321005
389,honest,skip,honest,0.100597,0.089489,0.310977,0.301990
390,deceptive,skip,deceptive,0.285845,0.277174,0.346209,0.335797
391,deceptive,deceptive,deceptive,0.411835,0.499360,0.368864,0.376420
392,honest,skip,honest,0.068446,0.087527,0.304705,0.307162
393,ambiguous,deceptive,deceptive,0.293936,0.282530,0.352309,0.350267
394,honest,skip,honest,0.061634,0.035562,0.297245,0.281303
395,ambiguous,skip,deceptive,0.429429,0.363730,0.366997,0.355992
396,skip,ambiguous,deceptive,0.303130,0.192921,0.347115,0.328195
397,deceptive,honest,deceptive,0.161852,0.341306,0.334217,0.359213
398,honest,skip,honest,0.136408,0.118506,0.320856,0.309505
399,honest,skip,honest,0.097046,0.051319,0.312418,0.284609
400,deceptive,deceptive,deceptive,0.287069,0.230071,0.349109,0.338442
401,deceptive,skip,deceptive,0.330637,0.308332,0.354385,0.347240
402,honest,skip,honest,0.098109,0.060786,0.311294,0.295349
403,honest,honest,honest,0.064376,0.026273,0.302830,0.275809
404,honest,skip,honest,0.109439,0.031414,0.317271,0.280049
405,skip,skip,honest,0.081243,0.031443,0.306965,0.275789
406,honest,skip,honest,0.104050,0.081667,0.313806,0.298102
407,deceptive,skip,deceptive,0.231851,0.226479,0.344372,0.340618
408,skip,deceptive,deceptive,0.278273,0.556602,0.349540,0.383566
409,honest,skip,honest,0.065342,0.062001,0.302681,0.297108
410,honest,skip,honest,0.089394,0.024626,0.308080,0.271751
411,honest,skip,honest,0.110554,0.177101,0.312615,0.323982
412,honest,skip,honest,0.142199,0.074738,0.323419,0.293802
413,deceptive,deceptive,deceptive,0.500379,0.585438,0.379257,0.385574
414,honest,skip,honest,0.069216,0.112935,0.303315,0.315834
415,honest,skip,honest,0.164704,0.138337,0.327960,0.319567
416,honest,deceptive,honest,0.124955,0.054839,0.320292,0.289978
417,honest,skip,honest,0.081722,0.071005,0.305514,0.291257
418,honest,honest,honest,0.118259,0.074339,0.315804,0.303685
419,skip,skip,deceptive,0.113959,0.135638,0.311360,0.314865
420,deceptive,skip,deceptive,0.400311,0.509866,0.365016,0.373786
421,honest,skip,honest,0.061497,0.067395,0.301476,0.299993
422,deceptive,deceptive,deceptive,0.726335,0.751103,0.406374,0.411271
423,skip,skip,honest,0.078437,0.063099,0.310972,0.295194
424,deceptive,deceptive,deceptive,0.327461,0.269613,0.353637,0.341983
425,deceptive,deceptive,deceptive,0.319577,0.323448,0.354216,0.353646
426,deceptive,skip,deceptive,0.227225,0.134421,0.337251,0.314125
427,deceptive,deceptive,deceptive,0.303293,0.325613,0.354089,0.357578
428,honest,skip,honest,0.108797,0.064640,0.315111,0.294540
429,skip,skip,deceptive,0.566989,0.624576,0.386133,0.390976
430,deceptive,deceptive,deceptive,0.305825,0.202008,0.354259,0.333200
431,deceptive,skip,deceptive,0.218065,0.171033,0.341990,0.331383
432,skip,skip,deceptive,0.263460,0.211260,0.345302,0.337550
433,skip,deceptive,deceptive,0.312823,0.373882,0.355753,0.355129
434,deceptive,skip,deceptive,0.290270,0.157308,0.349829,0.323024
435,deceptive,skip,deceptive,0.337736,0.354937,0.354207,0.351661
436,deceptive,skip,deceptive,0.357310,0.268144,0.361747,0.346768
437,deceptive,skip,deceptive,0.261135,0.246911,0.339862,0.344371
438,honest,honest,honest,0.097539,0.057000,0.311797,0.293927
439,honest,skip,honest,0.140209,0.059821,0.323164,0.295136
440,honest,skip,deceptive,0.128986,0.206179,0.322730,0.333527
441,honest,skip,honest,0.066032,0.026115,0.299590,0.271713
442,honest,skip,honest,0.076970,0.041392,0.300868,0.279096
443,skip,honest,honest,0.073698,0.024781,0.297156,0.257841
444,honest,skip,honest,0.099524,0.084616,0.312542,0.305375
445,honest,skip,honest,0.080078,0.028016,0.303049,0.270791
446,honest,honest,honest,0.118859,0.041134,0.317473,0.279570
447,deceptive,deceptive,deceptive,0.409623,0.376329,0.369070,0.363773
448,honest,skip,honest,0.090480,0.108549,0.310049,0.312883
449,honest,skip,honest,0.142312,0.100136,0.320450,0.307944
450,honest,honest,honest,0.075727,0.030466,0.302221,0.273627
451,honest,skip,honest,0.099295,0.031078,0.308036,0.270353
452,skip,skip,deceptive,0.143748,0.166430,0.319531,0.326574
453,skip,skip,deceptive,0.280860,0.199606,0.351178,0.338682
454,deceptive,deceptive,deceptive,0.302705,0.286186,0.351619,0.344289
455,honest,skip,honest,0.111853,0.157435,0.318099,0.330162
456,honest,skip,honest,0.088848,0.041982,0.306473,0.278243
457,honest,skip,honest,0.109859,0.068233,0.313907,0.297885
458,deceptive,skip,deceptive,0.230879,0.184541,0.340007,0.329724
459,honest,honest,deceptive,0.103066,0.043497,0.306957,0.285075
460,deceptive,deceptive,deceptive,0.318253,0.178599,0.355482,0.328873
461,skip,skip,deceptive,0.413174,0.213874,0.370312,0.340696
462,honest,skip,honest,0.048030,0.014137,0.289602,0.251404
463,honest,skip,honest,0.128341,0.138947,0.318918,0.318711
464,honest,honest,deceptive,0.183994,0.151801,0.328060,0.319998
465,skip,skip,deceptive,0.225722,0.299454,0.342911,0.355209
466,deceptive,deceptive,deceptive,0.241404,0.143668,0.345783,0.324622
467,deceptive,skip,deceptive,0.295667,0.330171,0.351704,0.356549
468,honest,skip,honest,0.063605,0.050052,0.297831,0.288331
469,skip,skip,deceptive,0.231903,0.172202,0.342588,0.325543
470,deceptive,skip,deceptive,0.350630,0.742155,0.360537,0.406454
471,ambiguous,deceptive,deceptive,0.453694,0.487444,0.372266,0.370764
472,honest,skip,honest,0.252738,0.322907,0.339117,0.346443
473,skip,skip,deceptive,0.272887,0.197570,0.349627,0.329495
474,skip,skip,deceptive,0.459810,0.434801,0.371749,0.361999
475,honest,skip,honest,0.098842,0.034484,0.310369,0.277015
476,honest,skip,honest,0.144084,0.112971,0.322860,0.313432
477,honest,skip,honest,0.146271,0.215260,0.322125,0.331986
478,honest,skip,honest,0.066171,0.042012,0.305782,0.290741
479,honest,skip,honest,0.055884,0.022742,0.295670,0.270437
480,honest,skip,honest,0.145538,0.125580,0.324642,0.316344
481,deceptive,skip,deceptive,0.375028,0.378083,0.362138,0.357175
482,ambiguous,deceptive,deceptive,0.485753,0.448557,0.373397,0.361673
483,ambiguous,ambiguous,deceptive,0.487510,0.376089,0.373445,0.357587
484,honest,skip,honest,0.084807,0.057314,0.308883,0.293675
485,deceptive,deceptive,deceptive,0.284381,0.161752,0.348691,0.324388
486,deceptive,skip,deceptive,0.425376,0.422049,0.367261,0.364629
487,skip,skip,deceptive,0.177190,0.033120,0.333472,0.321094
488,skip,skip,deceptive,0.231887,0.283812,0.348233,0.359028
489,deceptive,skip,deceptive,0.540888,0.388685,0.380306,0.358962
490,honest,skip,honest,0.144549,0.092590,0.321274,0.302650
491,honest,skip,honest,0.075104,0.022269,0.303164,0.263783
492,honest,skip,honest,0.116574,0.065990,0.315316,0.291394
493,deceptive,skip,deceptive,0.282509,0.489627,0.349529,0.370710
494,honest,honest,deceptive,0.095415,0.046099,0.307962,0.283240
495,ambiguous,skip,deceptive,0.354288,0.445185,0.360994,0.368949
496,deceptive,skip,deceptive,0.239188,0.103356,0.338727,0.308648
497,skip,skip,deceptive,0.066614,0.106894,0.278696,0.310466
498,honest,skip,honest,0.177668,0.159444,0.326652,0.316907
499,honest,honest,honest,0.082847,0.041791,0.306623,0.283241
500,honest,skip,honest,0.131709,0.055381,0.324423,0.298835
501,ambiguous,skip,deceptive,0.182242,0.253160,0.335278,0.348033
502,honest,honest,deceptive,0.072174,0.048859,0.296245,0.284841
503,skip,skip,honest,0.128843,0.055869,0.316980,0.286052
504,honest,skip,honest,0.101989,0.041124,0.312425,0.284353
505,honest,deceptive,honest,0.105575,0.074882,0.311808,0.299889
506,honest,skip,honest,0.111908,0.101684,0.316184,0.310960
507,deceptive,deceptive,deceptive,0.319092,0.530507,0.352934,0.378989
508,honest,skip,honest,0.102788,0.120063,0.313600,0.317412
509,honest,skip,honest,0.126118,0.074810,0.315105,0.292756
510,deceptive,deceptive,deceptive,0.277373,0.293893,0.348675,0.350272
511,honest,honest,honest,0.092263,0.060780,0.305996,0.292201
512,deceptive,skip,deceptive,0.193589,0.317415,0.334108,0.350952
513,skip,skip,deceptive,0.286055,0.291286,0.351932,0.344698
514,ambiguous,deceptive,deceptive,0.368840,0.341103,0.362704,0.353939
515,honest,honest,honest,0.116851,0.068381,0.309317,0.291147
516,deceptive,deceptive,deceptive,0.355429,0.371764,0.363324,0.366403
517,deceptive,deceptive,deceptive,0.217800,0.238813,0.339486,0.338257
518,honest,skip,honest,0.098767,0.084092,0.311455,0.304569
519,deceptive,skip,deceptive,0.277020,0.323030,0.346914,0.352416
520,deceptive,skip,deceptive,0.292156,0.114966,0.351289,0.316780
521,honest,skip,honest,0.097676,0.056388,0.313752,0.294309
522,honest,skip,honest,0.123945,0.065701,0.317957,0.286199
523,honest,honest,deceptive,0.075239,0.048134,0.296178,0.287297
524,deceptive,deceptive,deceptive,0.410670,0.350847,0.367739,0.355640
525,honest,skip,honest,0.097507,0.063206,0.308928,0.290804
526,honest,skip,honest,0.095139,0.039367,0.310535,0.280957
527,skip,skip,deceptive,0.203799,0.063865,0.336822,0.289487
528,honest,skip,honest,0.083763,0.068063,0.309724,0.301613
529,deceptive,deceptive,deceptive,0.762135,0.760165,0.410846,0.407562
530,honest,skip,honest,0.049059,0.026597,0.289026,0.271486
531,skip,deceptive,deceptive,0.222720,0.318887,0.341707,0.356955
532,honest,skip,honest,0.141041,0.089097,0.321475,0.305171
533,skip,skip,deceptive,0.208559,0.156319,0.340758,0.325880
534,honest,skip,honest,0.128966,0.069138,0.316759,0.294294
535,skip,skip,deceptive,0.296458,0.241608,0.349901,0.337856
536,deceptive,deceptive,deceptive,0.222779,0.284820,0.341825,0.346087
537,skip,skip,deceptive,0.292378,0.077620,0.351336,0.300467
538,honest,skip,honest,0.120611,0.036222,0.317861,0.276807
539,deceptive,deceptive,deceptive,0.221763,0.173683,0.333386,0.322893
540,deceptive,deceptive,deceptive,0.283802,0.233043,0.348564,0.338593
541,deceptive,skip,deceptive,0.235380,0.225178,0.342592,0.333564
542,deceptive,skip,deceptive,0.282910,0.177141,0.351148,0.330538
543,skip,skip,deceptive,0.186764,0.284606,0.327941,0.346332
544,deceptive,skip,deceptive,0.328186,0.406234,0.354614,0.364758
545,honest,skip,honest,0.117818,0.136170,0.316566,0.318878
546,skip,skip,honest,0.036673,0.006381,0.282859,0.232089
547,honest,honest,honest,0.043549,0.017883,0.283432,0.256580
548,honest,skip,honest,0.047636,0.033514,0.287149,0.274047
549,deceptive,skip,deceptive,0.297667,0.186893,0.354588,0.331681
550,deceptive,skip,deceptive,0.429314,0.217561,0.371253,0.340060
551,deceptive,deceptive,deceptive,0.275194,0.300096,0.348094,0.346826
552,honest,skip,honest,0.085064,0.065547,0.313167,0.300606
553,deceptive,skip,deceptive,0.392465,0.254570,0.362876,0.342479
554,honest,deceptive,honest,0.147203,0.099802,0.325535,0.308202
555,honest,skip,honest,0.107437,0.072574,0.312933,0.303099
556,deceptive,skip,deceptive,0.386391,0.283869,0.361547,0.347991
557,deceptive,deceptive,deceptive,0.257169,0.197308,0.346334,0.331721
558,skip,skip,deceptive,0.239607,0.283727,0.345656,0.346726
559,skip,skip,deceptive,0.168396,0.384328,0.325220,0.362832
560,deceptive,skip,deceptive,0.221724,0.152872,0.341508,0.326332
561,skip,honest,honest,0.119007,0.081598,0.317682,0.304921
562,honest,skip,honest,0.103564,0.108009,0.314763,0.311282
563,honest,skip,honest,0.103181,0.038532,0.312999,0.280349
564,deceptive,skip,deceptive,0.394869,0.246132,0.363076,0.339276
565,deceptive,skip,deceptive,0.294821,0.579432,0.351566,0.384550
566,honest,skip,honest,0.092257,0.045720,0.308522,0.285777
567,deceptive,deceptive,deceptive,0.263383,0.147255,0.346383,0.321464
568,deceptive,deceptive,deceptive,0.375858,0.371538,0.365538,0.362440
569,honest,skip,honest,0.127368,0.101048,0.317823,0.306258
570,deceptive,skip,deceptive,0.412022,0.321823,0.369336,0.353553
571,skip,deceptive,deceptive,0.440667,0.533778,0.372482,0.378895
572,honest,honest,honest,0.057796,0.027660,0.293020,0.272277
573,deceptive,skip,deceptive,0.294014,0.521886,0.350419,0.379760
574,deceptive,deceptive,deceptive,0.265925,0.160050,0.337096,0.319910
575,honest,skip,honest,0.082741,0.065451,0.306113,0.295281
576,deceptive,skip,deceptive,0.421342,0.402966,0.369315,0.365498
577,deceptive,skip,deceptive,0.411311,0.241597,0.364752,0.337914
578,skip,skip,deceptive,0.063543,0.074150,0.293014,0.301290
579,honest,skip,honest,0.106228,0.143348,0.319380,0.318983
580,skip,skip,deceptive,0.191411,0.129118,0.337176,0.322909
581,deceptive,deceptive,deceptive,0.494270,0.316758,0.375917,0.348528
582,honest,skip,honest,0.137531,0.061637,0.322514,0.294171
583,honest,skip,honest,0.181518,0.134410,0.328328,0.309898
584,honest,honest,honest,0.084598,0.083652,0.310803,0.312763
585,deceptive,skip,deceptive,0.321327,0.361104,0.355700,0.361109
586,honest,skip,honest,0.080471,0.066275,0.303784,0.295044
587,honest,skip,honest,0.097109,0.084215,0.313991,0.309733
588,skip,deceptive,deceptive,0.312396,0.359863,0.356072,0.356688
589,deceptive,skip,deceptive,0.392658,0.233562,0.365508,0.341227
590,deceptive,skip,deceptive,0.242182,0.181916,0.341657,0.326068
591,skip,skip,honest,0.365465,0.227721,0.360921,0.332062
592,honest,skip,honest,0.107898,0.076694,0.314195,0.302547
593,honest,skip,honest,0.099731,0.042329,0.313677,0.286218
594,honest,skip,honest,0.138421,0.078478,0.324695,0.304004
595,deceptive,skip,deceptive,0.346525,0.216379,0.359514,0.333659
596,deceptive,deceptive,deceptive,0.729140,0.610868,0.406229,0.390052
597,honest,skip,honest,0.073417,0.027208,0.304991,0.278390
598,honest,honest,honest,0.062251,0.048463,0.299458,0.287061
599,honest,honest,honest,0.082337,0.040190,0.305909,0.276845
600,deceptive,skip,deceptive,0.378217,0.512653,0.364740,0.380734
601,deceptive,skip,deceptive,0.307547,0.386111,0.353644,0.359633
602,skip,deceptive,deceptive,0.325708,0.411792,0.355388,0.363203
603,deceptive,skip,deceptive,0.244255,0.377737,0.345213,0.358946
604,honest,skip,honest,0.113341,0.063686,0.316892,0.298732
605,honest,honest,honest,0.117620,0.065909,0.311117,0.287716
606,deceptive,skip,deceptive,0.380322,0.212531,0.364415,0.337746
607,deceptive,skip,deceptive,0.447790,0.543325,0.372352,0.380458
608,honest,skip,honest,0.129335,0.140555,0.323452,0.322461
609,honest,skip,honest,0.052528,0.038267,0.294652,0.271707
610,ambiguous,deceptive,deceptive,0.199256,0.227275,0.336422,0.338497
611,deceptive,deceptive,deceptive,0.372419,0.287452,0.358064,0.340607
612,honest,skip,honest,0.078189,0.048916,0.306462,0.289060
613,honest,skip,honest,0.101020,0.087769,0.314776,0.310926
614,honest,honest,honest,0.136653,0.059863,0.323287,0.294447
615,honest,skip,honest,0.063605,0.088282,0.300678,0.308145
616,honest,skip,honest,0.105385,0.068810,0.314001,0.300038
617,honest,skip,honest,0.038403,0.017347,0.283069,0.259143
618,honest,skip,honest,0.114146,0.141817,0.311612,0.315596
619,deceptive,skip,deceptive,0.152656,0.623437,0.332619,0.389764
620,honest,skip,honest,0.115012,0.077126,0.313659,0.296094
621,deceptive,skip,deceptive,0.315081,0.227854,0.354713,0.338473
622,honest,skip,honest,0.119156,0.061555,0.316798,0.287168
623,skip,deceptive,deceptive,0.314798,0.052106,0.358332,0.292090
624,deceptive,skip,deceptive,0.302689,0.504394,0.354420,0.373150
625,honest,skip,honest,0.117641,0.039328,0.315767,0.284812
626,deceptive,skip,deceptive,0.206283,0.165888,0.338015,0.325769
627,honest,skip,honest,0.086051,0.132305,0.310604,0.321250
628,honest,skip,honest,0.133117,0.136094,0.317701,0.315995
629,honest,skip,honest,0.101585,0.072442,0.310898,0.299093
630,honest,skip,honest,0.120899,0.100711,0.315903,0.308935
631,skip,deceptive,deceptive,0.225294,0.226519,0.335112,0.341397
632,skip,deceptive,deceptive,0.435528,0.508360,0.373351,0.380893
633,honest,skip,honest,0.138339,0.088109,0.322718,0.308053
634,honest,honest,honest,0.124649,0.095523,0.321094,0.303509
635,deceptive,skip,deceptive,0.336973,0.385204,0.357268,0.360428
636,skip,deceptive,deceptive,0.261793,0.200725,0.348796,0.332927
637,honest,skip,honest,0.093281,0.058957,0.307381,0.290996
638,deceptive,skip,deceptive,0.213283,0.212726,0.339454,0.336684
639,honest,skip,honest,0.068085,0.059791,0.300284,0.292911
640,skip,skip,deceptive,0.130062,0.145560,0.317382,0.320892
641,deceptive,skip,deceptive,0.220317,0.327721,0.341028,0.354353
642,deceptive,skip,deceptive,0.483253,0.386764,0.373861,0.357673
643,honest,honest,honest,0.093635,0.111865,0.308234,0.309258
644,skip,skip,deceptive,0.321581,0.185400,0.355029,0.336203
645,skip,skip,deceptive,0.265700,0.183398,0.342126,0.327814
646,honest,skip,honest,0.091981,0.107259,0.311405,0.313013
647,honest,deceptive,honest,0.179291,0.095299,0.329852,0.305607
648,honest,skip,honest,0.127312,0.068748,0.317822,0.295748
649,honest,skip,honest,0.105298,0.061427,0.312053,0.290970
650,deceptive,skip,deceptive,0.175504,0.172993,0.334857,0.330361
651,honest,skip,honest,0.091045,0.051591,0.309128,0.287834
652,honest,skip,honest,0.116365,0.083570,0.319453,0.307699
653,skip,skip,honest,0.098843,0.130728,0.312360,0.322005
654,honest,skip,honest,0.129590,0.218155,0.321472,0.336671
655,honest,skip,honest,0.123656,0.092130,0.316940,0.301490
656,honest,skip,honest,0.056760,0.050416,0.296054,0.290837
657,honest,skip,honest,0.113026,0.145965,0.314632,0.321081
658,deceptive,deceptive,deceptive,0.266117,0.276957,0.348767,0.346176
659,honest,skip,honest,0.216380,0.149747,0.332355,0.317224
660,deceptive,deceptive,deceptive,0.256105,0.221791,0.345356,0.340473
661,honest,skip,honest,0.101826,0.046804,0.312495,0.286801
662,honest,skip,honest,0.132914,0.156375,0.320646,0.321263
663,honest,honest,honest,0.116476,0.042037,0.315342,0.278655
664,deceptive,skip,deceptive,0.444846,0.462515,0.370731,0.372264
665,deceptive,skip,deceptive,0.501952,0.410167,0.375852,0.362877
666,honest,skip,honest,0.109748,0.108921,0.313480,0.308235
667,skip,skip,deceptive,0.336379,0.404713,0.360894,0.373342
668,skip,deceptive,deceptive,0.289572,0.117624,0.349221,0.317331
669,skip,skip,deceptive,0.261934,0.223982,0.341978,0.338483
670,honest,honest,honest,0.101234,0.090255,0.315236,0.300689
671,honest,skip,honest,0.062853,0.057770,0.300996,0.293382
672,honest,skip,honest,0.087279,0.068501,0.310465,0.292310
673,honest,skip,honest,0.095575,0.049591,0.315650,0.290434
674,deceptive,skip,deceptive,0.181287,0.082455,0.330804,0.301355
675,skip,skip,deceptive,0.314761,0.132660,0.352874,0.315026
676,deceptive,skip,deceptive,0.270038,0.232297,0.347286,0.335761
677,deceptive,skip,deceptive,0.398730,0.230628,0.371131,0.347932
678,honest,skip,honest,0.117053,0.286288,0.321519,0.351200
679,ambiguous,deceptive,deceptive,0.195057,0.212669,0.336630,0.336772
680,skip,skip,honest,0.067042,0.010772,0.301665,0.244343
681,honest,honest,honest,0.110026,0.045111,0.315433,0.289334
682,honest,honest,honest,0.162552,0.058632,0.321720,0.283922
683,skip,skip,deceptive,0.309517,0.344051,0.355864,0.358933
684,honest,skip,honest,0.105031,0.081966,0.313156,0.296575
685,deceptive,deceptive,deceptive,0.216263,0.305165,0.342627,0.350430
686,deceptive,skip,deceptive,0.203958,0.172049,0.341341,0.330277
687,honest,honest,honest,0.102548,0.058110,0.312683,0.289363
688,deceptive,deceptive,deceptive,0.269383,0.104207,0.350535,0.313293
689,ambiguous,skip,deceptive,0.348363,0.200591,0.358153,0.333517
690,honest,skip,honest,0.110267,0.035812,0.308357,0.272067
691,honest,skip,honest,0.052532,0.025750,0.293092,0.273069
692,honest,skip,honest,0.056382,0.083550,0.298850,0.300879
693,honest,skip,honest,0.120332,0.052703,0.317233,0.291721
694,honest,skip,honest,0.152353,0.094974,0.318136,0.300535
695,deceptive,ambiguous,deceptive,0.273105,0.188173,0.346063,0.327394
696,skip,skip,honest,0.134342,0.267690,0.321876,0.344385
697,deceptive,skip,deceptive,0.261693,0.195544,0.341492,0.326826
698,deceptive,deceptive,deceptive,0.179991,0.248564,0.320977,0.335739
699,skip,skip,deceptive,0.181674,0.147764,0.334893,0.317257
700,honest,skip,honest,0.140088,0.086332,0.320839,0.298963
701,honest,skip,honest,0.126393,0.079192,0.318912,0.303586
702,honest,honest,honest,0.082563,0.052033,0.306955,0.289156
703,honest,honest,honest,0.069185,0.043270,0.300075,0.283434
704,honest,skip,honest,0.092344,0.078531,0.311156,0.303356
705,skip,deceptive,deceptive,0.254940,0.453119,0.347719,0.376445
706,deceptive,deceptive,deceptive,0.282015,0.213791,0.349415,0.339009
707,deceptive,skip,deceptive,0.208932,0.219403,0.341247,0.341234
708,skip,skip,honest,0.090073,0.008957,0.310141,0.243153
709,skip,skip,honest,0.127386,0.074789,0.320520,0.308203
710,honest,skip,honest,0.105407,0.142116,0.315157,0.314598
711,honest,honest,honest,0.043411,0.056438,0.295300,0.299446
712,deceptive,deceptive,deceptive,0.393043,0.381869,0.366989,0.366503
713,deceptive,deceptive,deceptive,0.159994,0.151303,0.322087,0.322105
714,deceptive,skip,deceptive,0.449459,0.244928,0.370075,0.338073
715,deceptive,skip,deceptive,0.248264,0.188020,0.346311,0.326784
716,deceptive,skip,deceptive,0.334159,0.269684,0.357184,0.346987
717,honest,skip,honest,0.113512,0.066238,0.315667,0.295336
718,honest,skip,honest,0.093214,0.070241,0.311339,0.296025
719,deceptive,skip,deceptive,0.197419,0.155648,0.338475,0.328570
720,honest,skip,honest,0.109839,0.137856,0.314372,0.318096
721,skip,skip,deceptive,0.274772,0.085516,0.353067,0.305764
722,honest,skip,honest,0.106648,0.073642,0.315887,0.299921
723,deceptive,skip,deceptive,0.273654,0.275930,0.343027,0.340929
724,deceptive,deceptive,deceptive,0.387937,0.322134,0.366183,0.353732
725,skip,skip,deceptive,0.020662,0.322906,0.243404,0.351453
726,skip,skip,deceptive,0.273275,0.223268,0.348017,0.337933
727,skip,skip,deceptive,0.324366,0.191966,0.360307,0.343948
728,deceptive,deceptive,deceptive,0.522826,0.269432,0.382890,0.346127
729,deceptive,skip,deceptive,0.288082,0.178545,0.350071,0.329825
730,honest,skip,deceptive,0.166082,0.072967,0.324815,0.297620
731,skip,skip,deceptive,0.329986,0.215727,0.353003,0.336731
732,honest,skip,honest,0.148179,0.070707,0.322895,0.298715
733,honest,skip,honest,0.149633,0.068401,0.323851,0.288269
734,honest,skip,honest,0.125867,0.042457,0.321595,0.285394
735,honest,skip,honest,0.095774,0.030028,0.309608,0.273559
736,deceptive,skip,honest,0.247933,0.299566,0.350500,0.357152
737,deceptive,skip,deceptive,0.271975,0.264743,0.350180,0.346926
738,skip,honest,honest,0.072592,0.021680,0.304282,0.263135
739,skip,skip,deceptive,0.245074,0.312859,0.344954,0.349485
740,honest,skip,honest,0.129427,0.059540,0.319580,0.290171
741,honest,skip,honest,0.141251,0.130689,0.320199,0.309070
742,honest,skip,honest,0.112821,0.099362,0.317924,0.308511
743,honest,skip,honest,0.123608,0.094186,0.320155,0.307153
744,deceptive,skip,deceptive,0.310023,0.327257,0.352498,0.350557
745,honest,skip,honest,0.148645,0.134652,0.326819,0.323178
746,honest,skip,honest,0.116860,0.053679,0.315334,0.290911
747,honest,honest,honest,0.143653,0.113151,0.319648,0.304237
748,honest,skip,honest,0.091886,0.028821,0.304528,0.267375
749,honest,skip,honest,0.126406,0.192047,0.320629,0.331223
750,honest,skip,honest,0.106174,0.069248,0.316862,0.299049
751,ambiguous,skip,honest,0.236546,0.235541,0.346033,0.343915
752,honest,skip,honest,0.090506,0.071869,0.311093,0.293633
753,deceptive,skip,deceptive,0.199926,0.093260,0.335162,0.306139
754,honest,skip,honest,0.168310,0.167835,0.326681,0.322679
755,honest,skip,honest,0.080604,0.055624,0.301714,0.285836
756,deceptive,deceptive,deceptive,0.242125,0.474705,0.345722,0.378224
757,honest,honest,honest,0.130477,0.053209,0.315619,0.280120
758,skip,skip,deceptive,0.146542,0.093954,0.319288,0.307760
759,skip,skip,deceptive,0.090965,0.092143,0.302021,0.310997
760,skip,deceptive,deceptive,0.200783,0.242140,0.338469,0.346674
761,honest,skip,honest,0.108860,0.110342,0.312639,0.305048
762,deceptive,deceptive,deceptive,0.338173,0.320222,0.358200,0.351002
763,honest,honest,honest,0.105168,0.073755,0.310551,0.291570
764,honest,skip,honest,0.133023,0.052199,0.323008,0.287609
765,honest,honest,honest,0.176621,0.096351,0.340526,0.318739
766,skip,skip,deceptive,0.185242,0.054519,0.332302,0.289487
767,skip,skip,honest,0.258387,0.246478,0.345990,0.337698
768,honest,skip,honest,0.071363,0.060518,0.307150,0.297722
769,deceptive,skip,deceptive,0.258897,0.334021,0.345186,0.351909
770,honest,honest,honest,0.117498,0.102019,0.316677,0.308626
771,honest,skip,honest,0.110080,0.078596,0.318102,0.306398
772,deceptive,skip,deceptive,0.419390,0.439117,0.368403,0.368945
773,honest,deceptive,honest,0.128727,0.070494,0.320042,0.300196
774,skip,skip,deceptive,0.371631,0.261607,0.362727,0.343551
775,honest,honest,honest,0.111709,0.041949,0.310280,0.282098
776,honest,skip,honest,0.091132,0.069795,0.310039,0.297272
777,deceptive,skip,deceptive,0.186960,0.228143,0.334634,0.342051
778,deceptive,deceptive,deceptive,0.343934,0.394973,0.361262,0.365370
779,honest,honest,honest,0.105421,0.062899,0.312997,0.295615
780,honest,skip,honest,0.090966,0.136305,0.312868,0.320660
781,honest,skip,honest,0.088011,0.053677,0.309071,0.293240
782,deceptive,deceptive,deceptive,0.342076,0.260892,0.354416,0.341293
783,deceptive,skip,deceptive,0.545156,0.510672,0.381380,0.376069
784,skip,skip,deceptive,0.380188,0.199878,0.359088,0.331450
785,deceptive,skip,deceptive,0.343521,0.213465,0.359128,0.332786
786,honest,skip,honest,0.114176,0.082599,0.314478,0.301604
787,honest,honest,honest,0.108022,0.046295,0.316408,0.278536
788,deceptive,deceptive,deceptive,0.216388,0.296717,0.331980,0.345914
789,skip,deceptive,deceptive,0.400312,0.521894,0.365608,0.379386
790,honest,skip,honest,0.068068,0.026392,0.297962,0.267701
791,honest,skip,honest,0.123563,0.068173,0.320039,0.300470
792,honest,skip,honest,0.106033,0.099738,0.318572,0.309791
793,honest,skip,honest,0.130717,0.122473,0.317669,0.311381
794,honest,honest,honest,0.096977,0.056081,0.310655,0.291361
795,honest,skip,honest,0.091527,0.025234,0.312055,0.275699
796,honest,honest,honest,0.153258,0.139455,0.324650,0.318351
797,honest,deceptive,honest,0.117873,0.093725,0.312183,0.296219
798,honest,skip,honest,0.114506,0.059208,0.315662,0.289746
799,honest,honest,honest,0.144240,0.048431,0.321132,0.284996
800,skip,skip,honest,0.056711,0.059464,0.297325,0.293992
801,skip,skip,honest,0.063468,0.115688,0.302133,0.317804
802,honest,skip,honest,0.066158,0.027462,0.299862,0.271966
803,honest,skip,honest,0.166984,0.143690,0.325279,0.318096
804,deceptive,deceptive,deceptive,0.295553,0.527357,0.352294,0.376579
805,deceptive,deceptive,deceptive,0.257876,0.175553,0.350087,0.329081
806,honest,skip,honest,0.082953,0.135946,0.308660,0.315131
807,deceptive,deceptive,deceptive,0.271833,0.280091,0.340962,0.339462
808,honest,skip,honest,0.071750,0.031645,0.302469,0.280966
809,skip,skip,deceptive,0.242707,0.274886,0.345961,0.359534
810,honest,honest,honest,0.106614,0.044446,0.315207,0.292788
811,honest,skip,deceptive,0.089430,0.091772,0.312739,0.309013
812,honest,skip,honest,0.096792,0.064014,0.309198,0.293638
813,honest,skip,honest,0.138091,0.159490,0.321890,0.321591
814,honest,skip,honest,0.128080,0.067195,0.316112,0.287426
815,honest,skip,honest,0.109717,0.074043,0.316334,0.297563
816,honest,skip,honest,0.119848,0.076399,0.316833,0.304179
817,deceptive,skip,honest,0.197107,0.166851,0.337591,0.330735
818,deceptive,deceptive,deceptive,0.492472,0.482731,0.378238,0.373492
819,skip,skip,honest,0.079189,0.064769,0.306786,0.299725
820,deceptive,skip,deceptive,0.248812,0.146132,0.346385,0.324188
821,honest,skip,honest,0.082551,0.143509,0.308827,0.311696
822,honest,skip,honest,0.112074,0.062036,0.314369,0.293571
823,honest,skip,honest,0.089354,0.047043,0.310082,0.283475
824,deceptive,deceptive,deceptive,0.240560,0.332489,0.344253,0.353935
825,honest,honest,honest,0.073941,0.073119,0.303892,0.302001
826,skip,skip,honest,0.163269,0.125939,0.323515,0.315679
827,deceptive,skip,deceptive,0.317775,0.255740,0.353299,0.339724
828,deceptive,deceptive,deceptive,0.144128,0.110985,0.326918,0.317178
829,honest,skip,honest,0.105846,0.105259,0.316516,0.314475
830,ambiguous,skip,deceptive,0.335751,0.612802,0.355461,0.384460
831,honest,skip,honest,0.142399,0.046922,0.321848,0.279460
832,honest,skip,honest,0.068714,0.040558,0.299887,0.283679
833,deceptive,skip,deceptive,0.218297,0.322530,0.340146,0.350601
834,deceptive,skip,deceptive,0.386153,0.499930,0.363972,0.371091
835,honest,skip,honest,0.150060,0.071836,0.322600,0.295064
836,honest,honest,honest,0.101738,0.025048,0.314593,0.273403
837,skip,skip,honest,0.072026,0.066950,0.302660,0.295255
838,honest,skip,honest,0.125559,0.077428,0.319651,0.303747
839,honest,skip,honest,0.115991,0.050944,0.318616,0.294621
840,honest,honest,honest,0.086314,0.061547,0.306512,0.294520
841,honest,skip,honest,0.160523,0.118973,0.329316,0.316614
842,honest,skip,honest,0.104289,0.053709,0.315643,0.294534
843,deceptive,deceptive,deceptive,0.280869,0.240546,0.352407,0.343408
844,honest,honest,honest,0.097092,0.056858,0.310562,0.292565
845,honest,honest,honest,0.065199,0.061646,0.303288,0.299342
846,honest,skip,honest,0.060085,0.025399,0.296623,0.269862
847,deceptive,skip,deceptive,0.230622,0.222014,0.342900,0.337209
848,honest,skip,honest,0.079138,0.054653,0.299842,0.286972
849,deceptive,skip,deceptive,0.311399,0.341119,0.351726,0.354784
850,skip,skip,deceptive,0.240422,0.073651,0.342213,0.299966
851,honest,deceptive,honest,0.113037,0.063989,0.314135,0.292932
852,honest,skip,honest,0.125903,0.060687,0.318146,0.291053
853,deceptive,skip,deceptive,0.261886,0.218769,0.349116,0.339312
854,deceptive,skip,deceptive,0.372124,0.143939,0.359995,0.324762
855,deceptive,skip,deceptive,0.319066,0.251370,0.354026,0.343442
856,skip,skip,honest,0.088996,0.066692,0.311455,0.296929
857,deceptive,skip,deceptive,0.320947,0.314946,0.355753,0.351780
858,deceptive,deceptive,deceptive,0.367643,0.253852,0.362279,0.346046
859,honest,skip,honest,0.124967,0.064909,0.320703,0.297964
860,skip,deceptive,deceptive,0.499285,0.356067,0.377140,0.360645
861,deceptive,skip,deceptive,0.220652,0.355462,0.342384,0.359845
862,deceptive,skip,deceptive,0.392706,0.615400,0.365996,0.389971
863,honest,skip,honest,0.123102,0.071873,0.321561,0.303024
864,deceptive,deceptive,deceptive,0.196336,0.118889,0.331697,0.307429
865,honest,skip,honest,0.120304,0.114796,0.316885,0.312628
866,skip,skip,deceptive,0.151871,0.206010,0.322487,0.336734
867,deceptive,deceptive,deceptive,0.386805,0.299146,0.364630,0.351547
868,deceptive,skip,deceptive,0.389066,0.360704,0.362348,0.357011
869,skip,skip,deceptive,0.118220,0.011688,0.317589,0.257457
870,honest,honest,honest,0.096706,0.060805,0.312310,0.291353
871,deceptive,skip,deceptive,0.352537,0.221136,0.353855,0.332210
872,honest,skip,honest,0.106903,0.063832,0.312990,0.293983
873,honest,honest,honest,0.052520,0.059778,0.296956,0.298886
874,honest,skip,honest,0.148965,0.120515,0.324671,0.313462
875,honest,skip,honest,0.131457,0.130943,0.319053,0.314100
876,deceptive,skip,deceptive,0.292081,0.281405,0.350965,0.346828
877,honest,honest,honest,0.071226,0.049345,0.301795,0.287450
878,deceptive,deceptive,deceptive,0.282722,0.294836,0.351556,0.351750
879,deceptive,skip,deceptive,0.346630,0.229419,0.359035,0.338901
880,deceptive,deceptive,deceptive,0.297615,0.225815,0.351805,0.338901
881,skip,skip,deceptive,0.135435,0.055421,0.312974,0.304702
882,skip,skip,deceptive,0.175854,0.342022,0.326842,0.358180
883,deceptive,skip,deceptive,0.390953,0.600663,0.367206,0.394343
884,honest,skip,honest,0.053647,0.090806,0.295364,0.303741
885,deceptive,deceptive,deceptive,0.269731,0.142743,0.351994,0.322794
886,honest,skip,honest,0.146339,0.075462,0.325398,0.295657
887,deceptive,skip,deceptive,0.312219,0.249272,0.354382,0.343059
888,honest,skip,honest,0.136425,0.110109,0.321323,0.311440
889,skip,skip,deceptive,0.252594,0.216823,0.340986,0.334789
890,honest,skip,honest,0.150618,0.132598,0.325640,0.316897
891,honest,skip,honest,0.130280,0.036715,0.319687,0.279969
892,honest,honest,honest,0.116346,0.041432,0.318385,0.281869
893,deceptive,skip,deceptive,0.252280,0.250607,0.344267,0.340145
894,honest,skip,honest,0.134237,0.082326,0.320552,0.301385
895,skip,skip,deceptive,0.370161,0.477529,0.362662,0.368843
896,honest,honest,honest,0.215692,0.092008,0.343629,0.315532
897,deceptive,skip,deceptive,0.241962,0.243785,0.345793,0.346496
898,deceptive,skip,deceptive,0.436331,0.442755,0.369496,0.367998
899,honest,skip,honest,0.141287,0.067832,0.325399,0.298533
900,honest,skip,honest,0.093581,0.049740,0.310264,0.286282
901,honest,skip,honest,0.129340,0.061717,0.321411,0.297609
902,deceptive,skip,deceptive,0.341296,0.486963,0.356378,0.373898
903,ambiguous,skip,deceptive,0.191942,0.444802,0.336356,0.366521
904,deceptive,deceptive,deceptive,0.236086,0.368999,0.345890,0.358093
905,honest,honest,honest,0.061322,0.033170,0.296845,0.273751
906,honest,skip,honest,0.064812,0.123140,0.303100,0.322294
907,deceptive,deceptive,deceptive,0.441183,0.412352,0.373325,0.368783
908,honest,skip,honest,0.101473,0.147424,0.314233,0.328702
909,deceptive,deceptive,deceptive,0.213912,0.159908,0.337468,0.324382
910,honest,skip,honest,0.096176,0.046045,0.312051,0.289298
911,honest,skip,honest,0.091573,0.058774,0.308237,0.285955
912,skip,skip,deceptive,0.166504,0.089668,0.330671,0.304021
913,honest,skip,honest,0.075905,0.071298,0.304666,0.301935
914,skip,skip,deceptive,0.177394,0.139812,0.330147,0.310875
915,deceptive,deceptive,deceptive,0.319892,0.417311,0.351474,0.357999
916,skip,honest,honest,0.092397,0.034873,0.312124,0.286070
917,honest,honest,honest,0.096145,0.053406,0.309661,0.289626
918,honest,skip,honest,0.084559,0.056062,0.305853,0.293185
919,skip,deceptive,deceptive,0.222864,0.614318,0.343959,0.394149
920,skip,deceptive,deceptive,0.290607,0.092423,0.351092,0.295832
921,deceptive,deceptive,deceptive,0.404381,0.276325,0.362978,0.340991
922,honest,skip,honest,0.102352,0.090640,0.312458,0.305109
923,honest,skip,honest,0.051682,0.033921,0.290764,0.277148
924,skip,honest,deceptive,0.063108,0.030448,0.293703,0.272066
925,honest,skip,deceptive,0.092625,0.044635,0.310575,0.282817
926,skip,skip,deceptive,0.267027,0.190785,0.348324,0.337945
927,deceptive,deceptive,deceptive,0.607927,0.571643,0.396120,0.387091
928,deceptive,deceptive,deceptive,0.344652,0.190167,0.357278,0.333826
929,honest,honest,honest,0.107518,0.031754,0.310026,0.270701
930,honest,skip,honest,0.069971,0.026885,0.297965,0.267607
931,deceptive,skip,deceptive,0.456288,0.302197,0.370722,0.347117
932,honest,skip,honest,0.143692,0.046945,0.323969,0.288013
933,skip,skip,deceptive,0.173761,0.061213,0.330683,0.288351
934,deceptive,skip,deceptive,0.331803,0.303332,0.356837,0.347999
935,deceptive,skip,deceptive,0.377703,0.331007,0.359764,0.351121
936,honest,honest,honest,0.088214,0.071314,0.307271,0.298266
937,deceptive,honest,deceptive,0.219553,0.445148,0.343254,0.368554
938,deceptive,skip,deceptive,0.347325,0.281437,0.358705,0.342495
939,deceptive,deceptive,deceptive,0.182487,0.185567,0.333299,0.333944
940,honest,skip,honest,0.118553,0.055410,0.316455,0.287211
941,honest,skip,honest,0.118102,0.101869,0.315177,0.306537
942,honest,honest,honest,0.122126,0.056765,0.317413,0.290779
943,honest,skip,honest,0.147475,0.111713,0.324657,0.309492
944,honest,honest,deceptive,0.152266,0.125906,0.318073,0.314076
945,honest,skip,honest,0.106510,0.057520,0.312052,0.292518
946,honest,honest,honest,0.080913,0.044633,0.303474,0.282784
947,honest,skip,honest,0.134746,0.124181,0.323342,0.318033
948,deceptive,skip,deceptive,0.284785,0.219702,0.349751,0.333400
949,honest,skip,honest,0.115704,0.081947,0.315064,0.307123
950,honest,skip,honest,0.114051,0.070823,0.313909,0.286840
951,honest,honest,honest,0.083605,0.049032,0.304402,0.290593
952,honest,skip,honest,0.156275,0.108428,0.325694,0.314199
953,deceptive,deceptive,deceptive,0.327501,0.232148,0.354084,0.333090
954,deceptive,skip,honest,0.211275,0.173267,0.342560,0.327501
955,honest,skip,honest,0.129999,0.093039,0.318549,0.301120
956,deceptive,skip,deceptive,0.477529,0.537340,0.376121,0.381114
957,honest,skip,honest,0.062448,0.091487,0.301242,0.307434
958,honest,skip,honest,0.104001,0.069505,0.312664,0.299745
959,deceptive,skip,deceptive,0.356048,0.208929,0.358113,0.335937
960,skip,skip,deceptive,0.234593,0.358171,0.343531,0.355725
961,honest,skip,honest,0.094757,0.093682,0.312394,0.309776
962,honest,skip,honest,0.106357,0.070439,0.312481,0.294939
963,honest,skip,honest,0.095467,0.071541,0.311092,0.295623
964,skip,skip,deceptive,0.269586,0.255662,0.349422,0.334519
965,deceptive,skip,deceptive,0.366713,0.481109,0.361555,0.374811
966,deceptive,deceptive,deceptive,0.274552,0.149971,0.352393,0.324806
967,deceptive,deceptive,deceptive,0.107319,0.081095,0.310344,0.301615
968,skip,skip,deceptive,0.250292,0.094655,0.346452,0.303004
969,deceptive,skip,deceptive,0.328971,0.256164,0.355403,0.342708
970,honest,skip,honest,0.103251,0.105224,0.314192,0.311101
971,skip,skip,deceptive,0.238543,0.077333,0.345838,0.310569
972,deceptive,deceptive,deceptive,0.226823,0.208174,0.332368,0.329042
973,honest,skip,honest,0.131584,0.138022,0.319378,0.315485
974,skip,skip,deceptive,0.202634,0.452577,0.328645,0.372853
975,honest,honest,deceptive,0.131620,0.089689,0.317046,0.306611
976,skip,skip,deceptive,0.262746,0.285752,0.348393,0.351615
977,honest,deceptive,honest,0.109957,0.099290,0.315728,0.312042
978,deceptive,deceptive,deceptive,0.584261,0.470262,0.382985,0.367491
979,honest,skip,honest,0.111106,0.045190,0.314875,0.284069
980,deceptive,deceptive,deceptive,0.294367,0.354439,0.353461,0.358743
981,honest,skip,honest,0.117631,0.026365,0.320724,0.266700
982,honest,skip,honest,0.098474,0.041278,0.311922,0.280795
983,deceptive,ambiguous,deceptive,0.355235,0.229045,0.354477,0.328849
984,deceptive,deceptive,deceptive,0.355000,0.302024,0.357278,0.350418
985,deceptive,skip,deceptive,0.576078,0.610854,0.384442,0.383953
986,skip,skip,deceptive,0.079898,0.123311,0.300743,0.319138
987,deceptive,deceptive,deceptive,0.247851,0.256336,0.346104,0.341843
988,ambiguous,deceptive,deceptive,0.419353,0.339440,0.365609,0.351246
989,deceptive,deceptive,deceptive,0.441954,0.373554,0.368835,0.357900
990,deceptive,deceptive,deceptive,0.245803,0.225224,0.343994,0.335768
991,honest,honest,honest,0.107871,0.167145,0.317195,0.331444
992,deceptive,skip,deceptive,0.196920,0.306062,0.336675,0.350040
993,honest,skip,honest,0.093166,0.054032,0.310865,0.292999
994,skip,skip,deceptive,0.280460,0.102457,0.351651,0.310967
995,deceptive,skip,deceptive,0.368021,0.279239,0.358967,0.348109
996,deceptive,skip,deceptive,0.275160,0.201015,0.348772,0.326938
997,honest,skip,honest,0.140587,0.090611,0.323136,0.305194
998,deceptive,deceptive,deceptive,0.280010,0.357122,0.341437,0.354846
999,deceptive,deceptive,deceptive,0.489405,0.438686,0.374655,0.360949
